{
"type": "FeatureCollection",
"name": "rivers",
"crs": { "type": "name", "properties": { "name": "urn:ogc:def:crs:OGC:1.3:CRS84" } },
"features": [
{ "type": "Feature", "properties": { "NAME": "Kolyma", "SYSTEM": null, "MILES": 2551.51838, "KILOMETERS": 4106.279 }, "geometry": { "type": "LineString", "coordinates": [ [ 144.841893636363636, 61.759150545454538 ], [ 144.825774636363633, 61.803601545454548 ], [ 145.696587636363631, 61.886113545454542 ], [ 146.146605636363631, 61.748035545454549 ], [ 146.493807636363613, 61.478863545454551 ], [ 146.663268636363625, 61.40833054545454 ], [ 146.801607636363656, 61.423324545454541 ], [ 147.007176636363624, 61.50415354545455 ], [ 147.133302636363624, 61.480276545454551 ], [ 147.44550363636364, 61.617490545454551 ], [ 147.454656636363666, 61.675558545454543 ], [ 147.390225636363652, 61.775818545454548 ], [ 147.388542636363638, 61.969435545454552 ], [ 147.22631763636366, 62.035819545454551 ], [ 147.21548163636362, 62.146654545454545 ], [ 147.346035636363638, 62.256382545454549 ], [ 147.323814636363636, 62.296378545454552 ], [ 147.685209636363652, 62.316088545454541 ], [ 148.114653636363641, 62.105542545454547 ], [ 148.161903636363661, 62.04582754545455 ], [ 148.323543636363638, 62.08442854545455 ], [ 148.39355463636366, 62.145817545454541 ], [ 148.611327636363626, 62.057491545454546 ], [ 148.667172636363659, 61.956934545454551 ], [ 148.602714636363658, 61.908316545454547 ], [ 148.736877636363658, 61.779985545454544 ], [ 148.761357636363641, 61.733032545454542 ], [ 148.704099636363651, 61.690534545454547 ], [ 148.769682636363655, 61.644148545454549 ], [ 149.186616636363624, 61.713331545454544 ], [ 149.437986636363632, 61.640548545454543 ], [ 149.609643636363614, 61.798336545454539 ], [ 149.592435636363632, 61.877482545454548 ], [ 150.09020763636363, 62.08442854545455 ], [ 150.461880636363617, 62.078596545454552 ], [ 150.661617636363644, 62.14859854545454 ], [ 150.795501636363667, 62.32277554545454 ], [ 150.738531636363632, 62.373598545454549 ], [ 150.806607636363651, 62.519146545454539 ], [ 150.715212636363617, 62.587762545454545 ], [ 150.742428636363627, 62.638324545454545 ], [ 151.084104636363634, 62.659141545454538 ], [ 151.296324636363636, 62.61443854545454 ], [ 151.387998636363648, 62.56609054545455 ], [ 151.546326636363631, 62.569708545454539 ], [ 151.636353636363651, 62.542222545454543 ], [ 151.644408636363664, 62.450260545454547 ], [ 151.703826636363658, 62.426095545454551 ], [ 151.78994763636365, 62.430262545454546 ], [ 151.836063636363633, 62.53803754545455 ], [ 151.939122636363663, 62.589148545454542 ], [ 152.020779636363613, 62.547478545454545 ], [ 151.955781636363668, 62.46747754545455 ], [ 152.067714636363633, 62.384434545454546 ], [ 152.145780636363668, 62.468602545454551 ], [ 152.29022163636364, 62.445814545454546 ], [ 152.250792636363656, 62.532484545454544 ], [ 152.350215636363657, 62.55637954545454 ], [ 152.335212636363622, 62.61639154545454 ], [ 152.492982636363649, 62.734705545454538 ], [ 152.534949636363649, 62.816650545454543 ], [ 152.432709636363654, 62.880811545454542 ], [ 152.545776636363655, 63.021103545454544 ], [ 152.506617636363615, 63.154708545454547 ], [ 152.581884636363668, 63.344977545454547 ], [ 152.811888636363619, 63.374164545454541 ], [ 152.956878636363626, 63.571660545454542 ], [ 153.579651636363621, 63.890548545454543 ], [ 153.854376636363668, 63.903589545454544 ], [ 154.449375636363641, 64.093597545454543 ], [ 154.547457636363617, 64.163590545454554 ], [ 154.487976636363612, 64.204162545454551 ], [ 154.456053636363663, 64.154437545454556 ], [ 154.396608636363624, 64.136113545454549 ], [ 154.360743636363622, 64.149721545454554 ], [ 154.435767636363664, 64.274155545454533 ], [ 154.243527636363638, 64.369123545454556 ], [ 154.116609636363648, 64.389166545454543 ], [ 154.111056636363628, 64.454164545454546 ], [ 154.037994636363635, 64.487761545454532 ], [ 154.084110636363619, 64.542733545454553 ], [ 153.988125636363634, 64.73527054545454 ], [ 153.875760636363623, 64.771378545454553 ], [ 153.637728636363647, 64.751659545454544 ], [ 153.511899636363637, 64.673035545454553 ], [ 153.255795636363644, 64.680253545454548 ], [ 152.694942636363635, 64.828312545454537 ], [ 152.472714636363662, 64.845808545454531 ], [ 151.774107636363624, 65.143582545454535 ], [ 151.766052636363668, 65.195818545454557 ], [ 151.556604636363659, 65.246092545454559 ], [ 151.149111636363614, 65.642200545454557 ], [ 151.044684636363627, 65.65635754545454 ], [ 150.994383636363636, 65.71636954545454 ], [ 150.888543636363636, 65.728024545454531 ], [ 150.788544636363667, 65.81803354545454 ], [ 150.732699636363634, 66.033862545454554 ], [ 150.828828636363653, 66.044959545454532 ], [ 150.719082636363623, 66.146650545454548 ], [ 150.776610636363614, 66.165262545454539 ], [ 150.838251636363623, 66.124123545454552 ], [ 150.997704636363665, 66.124969545454547 ], [ 151.062684636363656, 66.228811545454533 ], [ 151.13104863636363, 66.247747545454558 ], [ 151.239381636363646, 66.196087545454532 ], [ 151.40552163636363, 66.212755545454542 ], [ 151.538847636363641, 66.259708545454544 ], [ 151.585485636363615, 66.256657545454544 ], [ 151.602720636363642, 66.210532545454555 ], [ 151.663848636363639, 66.219433545454535 ], [ 151.653021636363633, 66.297472545454553 ], [ 151.810764636363615, 66.403582545454555 ], [ 151.768005636363625, 66.457762545454557 ], [ 151.898559636363643, 66.533326545454543 ], [ 152.362158636363631, 66.61857454545455 ], [ 152.454930636363656, 66.683320545454535 ], [ 152.354103636363618, 66.737761545454532 ], [ 152.485197636363637, 66.761359545454553 ], [ 152.651607636363622, 66.917482545454533 ], [ 152.978541636363616, 67.014997545454548 ], [ 153.005217636363625, 67.109974545454548 ], [ 153.083004636363626, 67.156081545454555 ], [ 153.593259636363655, 67.188022545454544 ], [ 153.639951636363662, 67.215526545454537 ], [ 153.486600636363619, 67.382737545454546 ], [ 153.703284636363662, 67.489423545454542 ], [ 153.894561636363619, 67.495651545454535 ], [ 153.937005636363665, 67.505524545454534 ], [ 153.989772636363625, 67.53695254545454 ], [ 154.002921636363624, 67.54399954545454 ], [ 154.030632636363634, 67.554898545454535 ], [ 154.081968636363627, 67.565167545454557 ], [ 154.131999636363616, 67.567732545454533 ], [ 154.198725636363633, 67.567732545454533 ], [ 154.250061636363625, 67.565167545454557 ], [ 154.298805636363625, 67.558750545454558 ], [ 154.329612636363663, 67.552333545454559 ], [ 154.404015636363624, 67.55104654545454 ], [ 154.519503636363652, 67.562602545454553 ], [ 154.577238636363631, 67.571584545454556 ], [ 154.633695636363655, 67.577992545454549 ], [ 154.709412636363652, 67.576705545454558 ], [ 154.760730636363633, 67.574158545454537 ], [ 154.794102636363618, 67.576705545454558 ], [ 154.832577636363624, 67.583131545454535 ], [ 154.885191636363629, 67.595965545454533 ], [ 155.018625636363652, 67.631893545454545 ], [ 155.102037636363661, 67.648561545454555 ], [ 155.213673636363637, 67.658839545454555 ], [ 155.291946636363662, 67.661395545454553 ], [ 155.392026636363653, 67.654978545454554 ], [ 155.439501636363616, 67.649848545454546 ], [ 155.578083636363658, 67.616494545454543 ], [ 155.652495636363653, 67.592113545454538 ], [ 155.680728636363654, 67.585687545454533 ], [ 155.703804636363657, 67.585687545454533 ], [ 155.76925263636366, 67.589548545454534 ], [ 155.892435636363643, 67.60751254545454 ], [ 156.075909636363633, 67.639588545454558 ], [ 156.141357636363637, 67.640875545454549 ], [ 156.214491636363618, 67.639588545454558 ], [ 156.237594636363667, 67.640875545454549 ], [ 156.252993636363612, 67.644718545454538 ], [ 156.258114636363644, 67.647283545454542 ], [ 156.383862636363631, 67.717852545454548 ], [ 156.392853636363668, 67.728121545454542 ], [ 156.392853636363668, 67.742233545454553 ], [ 156.388992636363639, 67.753780545454532 ], [ 156.380019636363613, 67.767901545454549 ], [ 156.365907636363659, 67.779448545454557 ], [ 156.344082636363623, 67.788430545454531 ], [ 156.278652636363631, 67.798690545454548 ], [ 156.186267636363652, 67.817932545454539 ], [ 156.132375636363633, 67.832053545454556 ], [ 156.116976636363631, 67.844887545454554 ], [ 156.097734636363612, 67.900057545454558 ], [ 156.095169636363664, 67.929559545454538 ], [ 156.101577636363629, 67.94753254545455 ], [ 156.113124636363636, 67.957792545454538 ], [ 156.127245636363625, 67.962931545454552 ], [ 156.187545636363666, 67.964209545454537 ], [ 156.347925636363641, 67.961644545454533 ], [ 156.482664636363666, 67.956505545454547 ], [ 156.575049636363644, 67.939837545454537 ], [ 156.616098636363631, 67.930855545454534 ], [ 156.646896636363635, 67.928281545454553 ], [ 156.690519636363661, 67.929559545454538 ], [ 156.709779636363635, 67.933420545454538 ], [ 156.80343363636365, 67.983460545454534 ], [ 156.86760363636364, 68.005276545454535 ], [ 156.930459636363651, 68.014258545454538 ], [ 157.095987636363645, 68.037352545454553 ], [ 157.152453636363646, 68.045056545454543 ], [ 157.226865636363641, 68.052742545454549 ], [ 157.299999636363623, 68.048899545454532 ], [ 157.410357636363642, 68.048899545454532 ], [ 157.448850636363659, 68.055307545454554 ], [ 157.487334636363641, 68.065585545454553 ], [ 157.623351636363623, 68.111773545454554 ], [ 157.638741636363648, 68.124598545454546 ], [ 157.645158636363647, 68.138719545454535 ], [ 157.683651636363663, 68.231095545454536 ], [ 157.681086636363659, 68.259328545454537 ], [ 157.681086636363659, 68.282431545454557 ], [ 157.69136463636363, 68.300377545454552 ], [ 157.785018636363645, 68.360686545454541 ], [ 157.890246636363656, 68.397901545454545 ], [ 157.954389636363658, 68.423569545454541 ], [ 158.00057763636363, 68.459497545454553 ], [ 158.030088636363644, 68.490286545454552 ], [ 158.03651463636362, 68.508250545454558 ], [ 158.035236636363663, 68.519797545454537 ], [ 158.030088636363644, 68.536483545454558 ], [ 158.019837636363661, 68.553160545454546 ], [ 158.003142636363634, 68.563429545454539 ], [ 157.962102636363625, 68.58395854545455 ], [ 157.94539863636362, 68.595505545454557 ], [ 157.940268636363612, 68.605765545454545 ], [ 157.940268636363612, 68.616034545454539 ], [ 157.942833636363616, 68.625016545454542 ], [ 157.949259636363649, 68.631424545454536 ], [ 157.978770636363663, 68.641693545454558 ], [ 158.032653636363648, 68.649388545454542 ], [ 158.085267636363653, 68.649388545454542 ], [ 158.151993636363613, 68.655805545454541 ], [ 158.200746636363647, 68.664787545454544 ], [ 158.317512636363631, 68.695594545454554 ], [ 158.345736636363654, 68.704567545454552 ], [ 158.380386636363653, 68.723818545454549 ], [ 158.436843636363619, 68.775136545454558 ], [ 158.458641636363666, 68.786692545454542 ], [ 158.513829636363653, 68.799517545454535 ], [ 158.570277636363642, 68.800795545454548 ], [ 158.61904863636363, 68.789257545454547 ], [ 158.638290636363649, 68.778979545454547 ], [ 158.662671636363655, 68.752042545454543 ], [ 158.674209636363628, 68.743051545454534 ], [ 158.684478636363622, 68.737930545454532 ], [ 158.69731263636362, 68.736643545454541 ], [ 158.933409636363649, 68.766163545454532 ], [ 159.092520636363645, 68.776414545454543 ], [ 159.152820636363629, 68.776414545454543 ], [ 159.178479636363647, 68.772571545454554 ], [ 159.197730636363644, 68.768719545454559 ], [ 159.22211163636365, 68.757172545454551 ], [ 159.225954636363667, 68.746912545454535 ], [ 159.223389636363663, 68.739208545454545 ], [ 159.215685636363617, 68.734078545454537 ], [ 159.15794163636366, 68.722540545454535 ], [ 159.060426636363616, 68.710984545454551 ], [ 159.042462636363666, 68.70712354545455 ], [ 159.03348963636364, 68.700715545454557 ], [ 159.03220263636365, 68.69045554545454 ], [ 159.036054636363644, 68.680186545454546 ], [ 159.047610636363629, 68.672491545454534 ], [ 159.063000636363654, 68.666074545454535 ], [ 159.234936636363614, 68.655805545454541 ], [ 159.329877636363619, 68.644267545454539 ], [ 159.542871636363657, 68.598070545454533 ], [ 159.605754636363656, 68.587810545454545 ], [ 159.746901636363646, 68.568550545454542 ], [ 159.922680636363623, 68.565994545454544 ], [ 159.988110636363615, 68.562142545454549 ], [ 160.244736636363655, 68.540326545454548 ], [ 160.408977636363659, 68.506963545454539 ], [ 160.435923636363668, 68.499259545454549 ], [ 160.467999636363629, 68.496703545454551 ], [ 160.493667636363625, 68.496703545454551 ], [ 160.521900636363625, 68.504398545454535 ], [ 160.561671636363656, 68.517232545454533 ], [ 160.596312636363621, 68.536474545454553 ], [ 160.629675636363629, 68.550586545454536 ], [ 160.664316636363651, 68.55572554545455 ], [ 160.701531636363654, 68.55572554545455 ], [ 160.740015636363637, 68.551882545454532 ], [ 160.763595636363618, 68.538454545454556 ] ] } },
{ "type": "Feature", "properties": { "NAME": "Parana", "SYSTEM": "Parana", "MILES": 1616.20622, "KILOMETERS": 2601.03698 }, "geometry": { "type": "LineString", "coordinates": [ [ -51.006395363636372, -20.079406454545456 ], [ -51.029723363636364, -20.222497454545458 ], [ -51.131954363636368, -20.292229454545456 ], [ -51.237506363636371, -20.302777454545456 ], [ -51.514661363636364, -20.577313454545457 ], [ -51.57472736363637, -20.591947454545458 ], [ -51.625280363636364, -20.870002454545457 ], [ -51.863897363636369, -21.133612454545457 ], [ -51.851954363636366, -21.308617454545455 ], [ -51.990626363636366, -21.510658454545457 ], [ -52.049738363636365, -21.502783454545458 ], [ -52.091948363636362, -21.555838454545459 ], [ -52.037228363636359, -21.646387454545458 ], [ -52.053338363636371, -21.718891454545457 ], [ -52.148306363636365, -21.781828454545455 ], [ -52.371947363636366, -22.108618454545457 ], [ -52.511123363636372, -22.223890454545458 ], [ -52.73278436363637, -22.336390454545459 ], [ -53.174540363636368, -22.716046454545456 ], [ -53.563898363636369, -22.877785454545457 ], [ -53.635007363636362, -23.002777454545459 ], [ -53.634368363636369, -23.080366454545455 ], [ -53.728517363636371, -23.308273454545457 ], [ -53.768162363636364, -23.333500454545458 ], [ -53.96277836363636, -23.438620454545458 ], [ -54.120566363636371, -23.981392454545457 ], [ -54.243902363636366, -24.053608454545458 ], [ -54.269579363636367, -24.065686454545457 ], [ -54.294311363636368, -24.085414454545457 ], [ -54.325838363636365, -24.11749945454546 ], [ -54.336674363636362, -24.148054454545459 ], [ -54.316676363636361, -24.241672454545458 ], [ -54.302645363636358, -24.257224454545458 ], [ -54.280136363636359, -24.272632454545459 ], [ -54.26299136363636, -24.293260454545457 ], [ -54.249446363636366, -24.353542454545455 ], [ -54.275969363636364, -24.413338454545457 ], [ -54.293618363636369, -24.42889045454546 ], [ -54.31250036363636, -24.450553454545457 ], [ -54.323336363636372, -24.469723454545459 ], [ -54.331391363636371, -24.492781454545458 ], [ -54.33430736363637, -24.518476454545457 ], [ -54.321536363636369, -24.554791454545459 ], [ -54.311807363636362, -24.602779454545455 ], [ -54.315560363636365, -24.627781454545456 ], [ -54.325010363636366, -24.661945454545457 ], [ -54.330554363636367, -24.679441454545458 ], [ -54.396389363636359, -24.804442454545459 ], [ -54.40805336363637, -24.838894454545457 ], [ -54.453620363636361, -25.017229454545458 ], [ -54.458336363636363, -25.066531454545455 ], [ -54.455420363636364, -25.089724454545458 ], [ -54.423542363636372, -25.133131454545456 ], [ -54.42751136363637, -25.153057454545458 ], [ -54.505703363636371, -25.28041645454546 ], [ -54.52444136363637, -25.303204454545458 ], [ -54.549587363636363, -25.332229454545455 ], [ -54.574310363636371, -25.354441454545459 ], [ -54.616457363636371, -25.445701454545457 ], [ -54.598916363636363, -25.510456454545455 ], [ -54.598916363636363, -25.573231454545457 ], [ -54.623333363636362, -25.648606454545458 ], [ -54.611669363636366, -25.781941454545457 ], [ -54.604442363636366, -25.943608454545455 ], [ -54.660350363636368, -25.976251454545455 ], [ -54.660971363636364, -26.157916454545457 ], [ -54.639587363636366, -26.187778454545459 ], [ -54.640973363636363, -26.214310454545455 ], [ -54.66749636363636, -26.238880454545459 ], [ -54.658757363636369, -26.285554454545455 ], [ -54.693191363636359, -26.428051454545457 ], [ -54.842231363636373, -26.657497454545457 ], [ -54.876602363636366, -26.655283454545458 ], [ -54.907778363636368, -26.667784454545455 ], [ -54.928892363636365, -26.688259454545459 ], [ -54.940421363636361, -26.740837454545456 ], [ -54.949313363636364, -26.768332454545458 ], [ -54.963335363636361, -26.783200454545458 ], [ -54.992504363636371, -26.793892454545457 ], [ -55.034444363636368, -26.794999454545458 ], [ -55.055630363636368, -26.803261454545456 ], [ -55.129997363636363, -26.872705454545457 ], [ -55.251119363636363, -26.936110454545457 ], [ -55.271117363636364, -26.937496454545457 ], [ -55.37944136363636, -26.966386454545457 ], [ -55.400834363636363, -26.974027454545457 ], [ -55.417646363636365, -26.986393454545457 ], [ -55.547498363636365, -27.112231454545459 ], [ -55.573337363636369, -27.166663454545457 ], [ -55.581122363636368, -27.215002454545456 ], [ -55.570277363636364, -27.235414454545456 ], [ -55.568477363636362, -27.255835454545455 ], [ -55.584587363636359, -27.316810454545458 ], [ -55.600004363636359, -27.342082454545455 ], [ -55.731674363636373, -27.436672454545459 ], [ -55.757783363636364, -27.441946454545459 ], [ -55.844723363636362, -27.406252454545459 ], [ -55.859024363636365, -27.391528454545458 ], [ -55.867574363636365, -27.358408454545458 ], [ -55.892513363636368, -27.332632454545458 ], [ -55.923203363636361, -27.326530454545455 ], [ -55.965269363636367, -27.33195745454546 ], [ -56.035703363636372, -27.305137454545459 ], [ -56.064449363636371, -27.302779454545458 ], [ -56.098622363636366, -27.30472345454546 ], [ -56.144027363636368, -27.311464454545458 ], [ -56.268128363636364, -27.389377454545457 ], [ -56.271395363636358, -27.424999454545457 ], [ -56.268893363636366, -27.448606454545455 ], [ -56.27500436363637, -27.468334454545456 ], [ -56.345555363636365, -27.570277454545458 ], [ -56.365625363636369, -27.584731454545455 ], [ -56.398052363636367, -27.584443454545458 ], [ -56.418617363636372, -27.574714454545457 ], [ -56.456390363636359, -27.547228454545458 ], [ -56.49389336363636, -27.50236345454546 ], [ -56.50417136363636, -27.475282454545457 ], [ -56.520281363636371, -27.46194445454546 ], [ -56.54999936363636, -27.452503454545457 ], [ -56.578196363636366, -27.448615454545457 ], [ -56.606942363636364, -27.448336454545455 ], [ -56.644445363636365, -27.453889454545457 ], [ -56.673056363636363, -27.461386454545458 ], [ -56.696672363636367, -27.474166454545458 ], [ -56.706275363636365, -27.483436454545455 ], [ -56.731394363636369, -27.505279454545459 ], [ -56.766539363636369, -27.501949454545457 ], [ -56.79264836363636, -27.489727454545459 ], [ -56.813339363636359, -27.470278454545458 ], [ -56.835839363636367, -27.44944345454546 ], [ -56.862497363636365, -27.428203454545457 ], [ -56.880695363636363, -27.419581454545458 ], [ -56.916182363636366, -27.419311454545458 ], [ -56.964728363636368, -27.434170454545459 ], [ -56.998613363636366, -27.450838454545458 ], [ -57.044234363636363, -27.47681245454546 ], [ -57.077777363636372, -27.492229454545459 ], [ -57.121670363636369, -27.490285454545457 ], [ -57.164456363636361, -27.484174454545457 ], [ -57.207224363636371, -27.471943454545457 ], [ -57.237365363636371, -27.459577454545457 ], [ -57.26917136363636, -27.442216454545459 ], [ -57.29695436363636, -27.43111945454546 ], [ -57.323621363636363, -27.425557454545455 ], [ -57.344924363636366, -27.426115454545457 ], [ -57.413063363636368, -27.417781454545455 ], [ -57.616958363636371, -27.371665454545457 ], [ -57.644867363636365, -27.360703454545458 ], [ -57.682496363636361, -27.334999454545457 ], [ -57.70389836363637, -27.319447454545458 ], [ -57.729593363636369, -27.307081454545457 ], [ -57.79138736363636, -27.292231454545458 ], [ -57.935837363636367, -27.275554454545457 ], [ -58.01112236363636, -27.270280454545457 ], [ -58.156391363636359, -27.268894454545457 ], [ -58.289726363636362, -27.273889454545458 ], [ -58.479725363636362, -27.286120454545458 ], [ -58.505564363636367, -27.288613454545455 ], [ -58.52916236363636, -27.293338454545456 ], [ -58.560977363636368, -27.301105454545457 ], [ -58.604618363636362, -27.316918454545458 ], [ -58.641401363636362, -27.339724454545458 ], [ -58.66944536363637, -27.354997454545458 ], [ -58.722779363636363, -27.373609454545459 ], [ -58.745837363636369, -27.386389454545458 ], [ -58.782782363636372, -27.415558454545458 ], [ -58.849724363636369, -27.471394454545457 ], [ -58.855835363636359, -27.479728454545459 ], [ -58.858652363636367, -27.494326454545458 ], [ -58.856672363636363, -27.50500045454546 ], [ -58.851389363636372, -27.526105454545458 ], [ -58.844450363636369, -27.539722454545455 ], [ -58.838051363636367, -27.560278454545458 ], [ -58.835558363636366, -27.577225454545456 ], [ -58.818062363636372, -27.708058454545458 ], [ -58.817783363636366, -27.732781454545457 ], [ -58.824722363636369, -27.831394454545457 ], [ -58.827224363636361, -27.858052454545458 ], [ -58.856915363636361, -27.999361454545458 ], [ -58.861118363636365, -28.034443454545457 ], [ -58.886390363636366, -28.091386454545457 ], [ -58.89223136363637, -28.100566454545458 ], [ -58.899449363636364, -28.10805445454546 ], [ -58.912778363636363, -28.116388454545458 ], [ -58.939175363636366, -28.127224454545456 ], [ -58.959443363636368, -28.128052454545458 ], [ -58.994723363636368, -28.121941454545457 ], [ -59.01250736363636, -28.125838454545459 ], [ -59.031389363636364, -28.135837454545459 ], [ -59.044448363636363, -28.144999454545456 ], [ -59.061395363636365, -28.164718454545458 ], [ -59.067506363636369, -28.17388945454546 ], [ -59.071673363636364, -28.184446454545458 ], [ -59.075012363636361, -28.21167145454546 ], [ -59.073050363636369, -28.260838454545457 ], [ -59.066669363636365, -28.312498454545455 ], [ -59.058614363636366, -28.38139345454546 ], [ -59.05833536363636, -28.424728454545459 ], [ -59.061395363636365, -28.451944454545455 ], [ -59.10527936363637, -28.689724454545456 ], [ -59.184443363636362, -28.993339454545456 ], [ -59.199446363636369, -29.031391454545457 ], [ -59.214728363636368, -29.045836454545459 ], [ -59.369996363636361, -29.186947454545457 ], [ -59.388059363636359, -29.198332454545458 ], [ -59.420279363636368, -29.208340454545457 ], [ -59.46111236363636, -29.218339454545458 ], [ -59.476952363636372, -29.224999454545458 ], [ -59.485556363636363, -29.231110454545458 ], [ -59.492225363636365, -29.239444454545456 ], [ -59.573333363636365, -29.391670454545459 ], [ -59.584448363636369, -29.418337454545458 ], [ -59.58555536363636, -29.443888454545458 ], [ -59.583620363636371, -29.455003454545459 ], [ -59.583620363636371, -29.486116454545456 ], [ -59.58777836363636, -29.570554454545459 ], [ -59.593889363636364, -29.623888454545458 ], [ -59.607506363636361, -29.679175454545458 ], [ -59.630006363636369, -29.749996454545457 ], [ -59.651948363636365, -29.796391454545457 ], [ -59.658338363636361, -29.820556454545457 ], [ -59.661578363636366, -29.854729454545456 ], [ -59.659877363636369, -29.872225454545458 ], [ -59.652074363636359, -29.891674454545459 ], [ -59.643119363636359, -29.904175454545459 ], [ -59.607965363636367, -29.936404454545457 ], [ -59.582018363636365, -29.968624454545456 ], [ -59.576591363636368, -29.977516454545459 ], [ -59.571308363636362, -29.992519454545459 ], [ -59.569643363636359, -29.997514454545456 ], [ -59.571299363636371, -29.999998454545455 ], [ -59.595833363636359, -30.055834454545458 ], [ -59.612780363636361, -30.100564454545456 ], [ -59.631392363636365, -30.195550454545458 ], [ -59.632778363636362, -30.226393454545459 ], [ -59.635280363636369, -30.239173454545458 ], [ -59.644172363636372, -30.253051454545457 ], [ -59.657501363636371, -30.26194345454546 ], [ -59.67362036363636, -30.275551454545457 ], [ -59.676392363636367, -30.280285454545457 ], [ -59.677508363636363, -30.286945454545457 ], [ -59.675834363636369, -30.291949454545456 ], [ -59.652785363636369, -30.338335454545458 ], [ -59.64500036363637, -30.351673454545455 ], [ -59.607506363636361, -30.407221454545457 ], [ -59.588894363636371, -30.419173454545458 ], [ -59.580002363636368, -30.438055454545456 ], [ -59.569454363636368, -30.561391454545458 ], [ -59.568608363636372, -30.57306445454546 ], [ -59.585834363636366, -30.639997454545458 ], [ -59.67889436363636, -30.788605454545458 ], [ -59.748059363636372, -30.885562454545457 ], [ -59.78694836363637, -30.929446454545456 ], [ -59.858066363636368, -31.024171454545456 ], [ -59.929175363636361, -31.127230454545458 ], [ -59.933837363636371, -31.137598454545458 ], [ -59.938904363636368, -31.140280454545458 ], [ -60.037229363636371, -31.232782454545458 ], [ -60.043889363636367, -31.241386454545456 ], [ -60.067505363636371, -31.278340454545457 ], [ -60.08167136363636, -31.310281454545457 ], [ -60.093893363636369, -31.343608454545457 ], [ -60.107780363636365, -31.373893454545456 ], [ -60.149999363636368, -31.431394454545458 ], [ -60.335552363636367, -31.614175454545457 ], [ -60.394169363636365, -31.668337454545458 ], [ -60.42027836363637, -31.687228454545458 ], [ -60.434723363636365, -31.695553454545458 ], [ -60.50722736363636, -31.70333845454546 ], [ -60.529160363636365, -31.703050454545458 ], [ -60.589730363636363, -31.708891454545459 ], [ -60.623894363636367, -31.716388454545459 ], [ -60.63721436363636, -31.723894454545459 ], [ -60.645566363636362, -31.730833454545458 ], [ -60.650840363636362, -31.740553454545456 ], [ -60.652784363636371, -31.752784454545456 ], [ -60.708890363636371, -32.158333454545456 ], [ -60.678605363636365, -32.323339454545454 ], [ -60.723335363636366, -32.417227454545454 ], [ -60.765554363636369, -32.522230454545458 ], [ -60.767228363636363, -32.53444345454546 ], [ -60.755285363636361, -32.588335454545458 ], [ -60.741110363636366, -32.609998454545455 ], [ -60.732506363636361, -32.628889454545458 ], [ -60.708332363636359, -32.71167145454546 ], [ -60.708890363636371, -32.773888454545457 ], [ -60.705839363636372, -32.796388454545458 ], [ -60.696398363636362, -32.83333345454546 ], [ -60.688334363636372, -32.852782454545455 ], [ -60.570011363636368, -33.052510454545455 ], [ -60.53528036363636, -33.110002454545459 ], [ -60.52194236363637, -33.119443454545461 ], [ -60.511115363636364, -33.12472645454546 ], [ -60.448052363636364, -33.145561454545458 ], [ -60.375557363636361, -33.17778145454546 ], [ -60.353894363636371, -33.188050454545454 ], [ -60.341393363636371, -33.198337454545459 ], [ -60.294152363636371, -33.256729454545457 ], [ -59.624723363636363, -33.67945045454546 ], [ -59.521943363636368, -33.65139745454546 ], [ -59.413619363636371, -33.740848454545457 ], [ -59.259458363636369, -33.721390454545457 ], [ -59.249738363636368, -33.786676454545457 ], [ -59.183165363636363, -33.822235454545456 ], [ -59.031668363636371, -33.832225454545458 ], [ -58.655009363636367, -34.050565454545456 ], [ -58.448018363636365, -34.009606454545455 ] ] } },
{ "type": "Feature", "properties": { "NAME": "San Francisco", "SYSTEM": null, "MILES": 1493.57095, "KILOMETERS": 2403.67425 }, "geometry": { "type": "LineString", "coordinates": [ [ -46.43639336363637, -20.258065454545456 ], [ -46.498349363636365, -20.253061454545456 ], [ -46.520849363636358, -20.306674454545458 ], [ -46.453619363636363, -20.336671454545456 ], [ -45.956675363636364, -20.315566454545458 ], [ -45.965846363636359, -20.260279454545458 ], [ -45.808067363636368, -20.134999454545458 ], [ -45.655571363636369, -20.132497454545458 ], [ -45.470837363636363, -19.755280454545456 ], [ -45.521678363636369, -19.720279454545459 ], [ -45.421679363636372, -19.614169454545458 ], [ -45.362225363636369, -19.397503454545458 ], [ -45.215012363636362, -19.225567454545459 ], [ -45.121943363636362, -19.197226454545458 ], [ -45.090551363636365, -19.054351454545458 ], [ -45.106364363636359, -19.044226454545456 ], [ -45.110792363636364, -19.036009454545457 ], [ -45.110792363636364, -18.989209454545456 ], [ -45.106364363636359, -18.968338454545457 ], [ -45.114581363636361, -18.919648454545456 ], [ -45.118379363636365, -18.905086454545458 ], [ -45.17276636363637, -18.815293454545458 ], [ -45.177446363636363, -18.808966454545459 ], [ -45.194906363636363, -18.775441454545458 ], [ -45.230951363636365, -18.658441454545457 ], [ -45.232841363636368, -18.641998454545458 ], [ -45.232841363636368, -18.621766454545458 ], [ -45.232841363636368, -18.517420454545459 ], [ -45.277121363636368, -18.497170454545458 ], [ -45.339725363636362, -18.468082454545456 ], [ -45.353648363636367, -18.456067454545458 ], [ -45.361235363636368, -18.445942454545456 ], [ -45.363764363636363, -18.438994454545458 ], [ -45.344162363636372, -18.429499454545457 ], [ -45.33150836363636, -18.421282454545459 ], [ -45.305579363636369, -18.401041454545457 ], [ -45.29420336363637, -18.387766454545456 ], [ -45.284717363636361, -18.363727454545458 ], [ -45.277751363636369, -18.340336454545458 ], [ -45.260048363636372, -18.234082454545458 ], [ -45.260048363636372, -18.211942454545458 ], [ -45.263765363636367, -18.206713454545458 ], [ -45.168347363636371, -18.026119454545459 ], [ -45.184448363636363, -17.978050454545457 ], [ -45.112790363636364, -17.929999454545456 ], [ -45.119450363636361, -17.819452454545456 ], [ -45.006122363636365, -17.771671454545459 ], [ -45.033338363636361, -17.604730454545457 ], [ -44.953067363636364, -17.471944454545458 ], [ -44.926400363636361, -17.273620454545458 ], [ -44.83372736363637, -17.197552454545455 ], [ -44.853896363636366, -17.170282454545458 ], [ -44.789465363636367, -17.092783454545458 ], [ -44.807510363636368, -17.009443454545458 ], [ -44.906672363636361, -16.910002454545456 ], [ -44.920010363636365, -16.809724454545456 ], [ -45.05501036363637, -16.675561454545456 ], [ -45.107507363636358, -16.501114454545458 ], [ -45.034454363636371, -16.431949454545457 ], [ -45.050276363636371, -15.996691454545456 ], [ -44.886125363636367, -15.954445454545457 ], [ -44.787224363636369, -15.810283454545456 ], [ -44.410277363636368, -15.608611454545457 ], [ -44.24640536363637, -15.406390454545456 ], [ -44.184449363636361, -15.391675454545457 ], [ -43.926401363636359, -14.861386454545457 ], [ -43.88090636363637, -14.575357454545458 ], [ -43.790366363636366, -14.346991454545456 ], [ -43.688621363636372, -14.211109454545458 ], [ -43.591682363636366, -13.780837454545456 ], [ -43.445567363636371, -13.509172454545457 ], [ -43.461965363636367, -13.062502454545456 ], [ -43.274180363636361, -12.721105454545459 ], [ -43.191956363636365, -12.665557454545457 ], [ -43.279184363636361, -12.324448454545458 ], [ -43.22333936363637, -12.192499454545455 ], [ -43.35584636363636, -11.975833454545455 ], [ -43.358618363636367, -11.923606454545457 ], [ -43.313627363636371, -11.856673454545458 ], [ -43.38001136363637, -11.614447454545456 ], [ -43.26362336363637, -11.501668454545456 ], [ -43.101668363636364, -11.058067454545458 ], [ -43.038173363636361, -11.007730454545456 ], [ -43.018733363636372, -10.968679454545455 ], [ -42.984560363636362, -10.951696454545456 ], [ -42.948227363636363, -10.937260454545456 ], [ -42.914090363636362, -10.919287454545458 ], [ -42.882095363636367, -10.897660454545456 ], [ -42.820760363636367, -10.850149454545456 ], [ -42.792158363636361, -10.824337454545457 ], [ -42.765464363636369, -10.796356454545457 ], [ -42.741596363636361, -10.765468454545456 ], [ -42.721742363636366, -10.732456454545456 ], [ -42.70900736363636, -10.696105454545457 ], [ -42.699980363636371, -10.657828454545456 ], [ -42.686255363636363, -10.622170454545458 ], [ -42.663872363636372, -10.591390454545458 ], [ -42.610583363636366, -10.534492454545457 ], [ -42.58718336363637, -10.503802454545458 ], [ -42.522680363636368, -10.407466454545457 ], [ -42.497291363636364, -10.378063454545458 ], [ -42.467735363636365, -10.351207454545456 ], [ -42.440951363636358, -10.323352454545457 ], [ -42.424823363636364, -10.290610454545458 ], [ -42.424202363636368, -10.211122454545457 ], [ -42.411341363636367, -10.175968454545458 ], [ -42.392297363636359, -10.143127454545457 ], [ -42.347747363636358, -10.079767454545458 ], [ -42.13595936363636, -9.802279454545456 ], [ -42.091004363636358, -9.736462454545457 ], [ -42.067226363636365, -9.706132454545457 ], [ -42.041144363636363, -9.680545454545456 ], [ -42.004829363636361, -9.673840454545456 ], [ -41.964644363636367, -9.681454454545456 ], [ -41.928617363636363, -9.696196454545458 ], [ -41.89106036363637, -9.703711454545456 ], [ -41.813642363636362, -9.707590454545457 ], [ -41.775374363636359, -9.711919454545455 ], [ -41.737988363636362, -9.724015454545459 ], [ -41.701160363636362, -9.738586454545455 ], [ -41.664467363636362, -9.743698454545456 ], [ -41.627990363636371, -9.734743454545455 ], [ -41.554946363636361, -9.704791454545457 ], [ -41.480426363636369, -9.684001454545456 ], [ -41.442608363636367, -9.676459454545459 ], [ -41.403737363636367, -9.673021454545456 ], [ -41.32456436363637, -9.671608454545456 ], [ -41.287052363636363, -9.666865454545459 ], [ -41.253257363636365, -9.653455454545458 ], [ -41.226014363636367, -9.624970454545458 ], [ -41.203298363636364, -9.591841454545456 ], [ -41.184632363636368, -9.557848454545457 ], [ -41.15101736363637, -9.487315454545456 ], [ -41.128832363636363, -9.456931454545458 ], [ -41.09906936363636, -9.432838454545458 ], [ -41.064698363636367, -9.413344454545456 ], [ -41.02980536363637, -9.395983454545458 ], [ -40.99318436363636, -9.380683454545458 ], [ -40.955996363636359, -9.372754454545458 ], [ -40.919699363636369, -9.383392454545458 ], [ -40.883879363636368, -9.399889454545455 ], [ -40.835972363636358, -9.427852454545455 ], [ -40.756961363636364, -9.453889454545457 ], [ -40.627217363636362, -9.488332454545457 ], [ -40.334168363636365, -9.364726454545458 ], [ -40.280294363636372, -9.117784454545458 ], [ -40.24472636363636, -9.069166454545456 ], [ -40.011131363636366, -9.058339454545457 ], [ -39.912230363636368, -8.991388454545458 ], [ -39.87834536363637, -8.926948454545457 ], [ -39.896129363636362, -8.839729454545456 ], [ -39.685277363636359, -8.786116454545457 ], [ -39.68639336363637, -8.659441454545458 ], [ -39.410282363636369, -8.536114454545459 ], [ -39.29306636363637, -8.557228454545456 ], [ -39.158903363636369, -8.700283454545456 ], [ -38.815283363636368, -8.783605454545455 ], [ -38.702234363636364, -8.845840454545456 ], [ -38.660834363636368, -8.967781454545456 ], [ -38.62028936363636, -8.981947454545455 ], [ -38.59139936363637, -8.854444454545458 ], [ -38.500841363636368, -8.830837454545456 ], [ -38.467784363636369, -8.853886454545457 ], [ -38.51029136363637, -8.947225454545457 ], [ -38.474723363636372, -9.007498454545456 ], [ -38.420849363636364, -9.036676454545457 ], [ -38.318069363636369, -8.988607454545456 ], [ -38.283338363636361, -9.034723454545457 ], [ -38.313623363636367, -9.111106454545457 ], [ -38.204183363636361, -9.418888454545456 ], [ -38.023067363636372, -9.475552454545458 ], [ -38.002511363636359, -9.529723454545458 ], [ -37.281116363636372, -9.819442454545456 ], [ -37.220834363636371, -9.897229454545457 ], [ -37.141121363636358, -9.902503454545457 ], [ -37.049735363636358, -9.976663454545456 ], [ -36.960563363636368, -9.983611454545457 ], [ -36.923897363636371, -10.128610454545456 ], [ -36.708059363636352, -10.270837454545457 ], [ -36.629444363636367, -10.249444454545458 ], [ -36.563618363636351, -10.333063454545456 ], [ -36.563897363636357, -10.411120454545458 ], [ -36.453899363636367, -10.412497454545456 ], [ -36.404831363636362, -10.498789454545456 ] ] } },
{ "type": "Feature", "properties": { "NAME": "Japura", "SYSTEM": "Amazon", "MILES": 1222.80771, "KILOMETERS": 1967.92219 }, "geometry": { "type": "MultiLineString", "coordinates": [ [ [ -76.710557363636369, 1.624165545454545 ], [ -76.700288363636361, 1.688335545454542 ], [ -76.691387363636366, 1.717783545454544 ], [ -76.68583436363636, 1.726945545454541 ], [ -76.580291363636363, 1.718611545454543 ], [ -76.568618363636361, 1.717216545454541 ], [ -76.557782363636363, 1.712500545454546 ], [ -76.550294363636368, 1.703608545454543 ], [ -76.508615363636366, 1.627495545454543 ], [ -76.501397363636372, 1.584448545454542 ], [ -76.501118363636365, 1.572784545454546 ], [ -76.505006363636369, 1.55500054545454 ], [ -76.517228363636363, 1.52694754545454 ], [ -76.573631363636366, 1.402783545454547 ], [ -76.565846363636368, 1.393333545454546 ], [ -76.527506363636363, 1.317778545454544 ], [ -76.51529336363636, 1.285000545454544 ], [ -76.51472636363637, 1.274164545454546 ], [ -76.516679363636371, 1.265002545454543 ], [ -76.53665936363636, 1.230280545454541 ], [ -76.54277936363637, 1.210282545454547 ], [ -76.555550363636371, 1.123891545454541 ], [ -76.555550363636371, 1.114999545454545 ], [ -76.554452363636372, 1.106107545454542 ], [ -76.525553363636362, 1.051945545454544 ], [ -76.507778363636362, 1.032784545454547 ], [ -76.496942363636364, 1.02527854545454 ], [ -76.391957363636365, 0.984166545454542 ], [ -76.369448363636366, 0.976660545454543 ], [ -76.336391363636366, 0.972502545454546 ], [ -76.222784363636364, 0.971107545454544 ], [ -76.208888363636362, 0.971107545454544 ], [ -76.189178363636373, 0.974716545454541 ], [ -76.180277363636364, 0.978055545454545 ], [ -76.108898363636371, 1.006108545454545 ], [ -76.06639136363637, 1.041667545454544 ], [ -76.055555363636373, 1.04805754545454 ], [ -76.043333363636364, 1.04805754545454 ], [ -75.947780363636369, 1.044448545454543 ], [ -75.937502363636369, 1.041667545454544 ], [ -75.926387363636366, 1.032784545454547 ], [ -75.915848363636371, 1.021948545454542 ], [ -75.910844363636372, 1.013056545454546 ], [ -75.910277363636368, 1.001941545454542 ], [ -75.91694636363637, 0.980836545454544 ], [ -75.910844363636372, 0.963052545454545 ], [ -75.902510363636367, 0.951388545454542 ], [ -75.847781363636372, 0.885553545454542 ], [ -75.838349363636368, 0.877219545454544 ], [ -75.827792363636362, 0.872503545454542 ], [ -75.74972636363637, 0.844441545454544 ], [ -75.738341363636366, 0.84305554545454 ], [ -75.688337363636364, 0.849166545454544 ], [ -75.677231363636366, 0.851947545454543 ], [ -75.646955363636366, 0.868336545454547 ], [ -75.635282363636364, 0.871108545454547 ], [ -75.625004363636364, 0.869722545454543 ], [ -75.54501236363636, 0.825838545454545 ], [ -75.536120363636371, 0.808891545454543 ], [ -75.525284363636359, 0.780838545454543 ], [ -75.518345363636371, 0.77194654545454 ], [ -75.505844363636371, 0.760840545454542 ], [ -75.496943363636362, 0.757501545454545 ], [ -75.416672363636366, 0.738889545454541 ], [ -75.357227363636369, 0.743056545454543 ], [ -75.32417036363637, 0.755278545454544 ], [ -75.31472936363636, 0.756664545454541 ], [ -75.291941363636369, 0.752497545454546 ], [ -75.28140236363636, 0.748609545454542 ], [ -75.251117363636368, 0.724444545454546 ], [ -75.213344363636367, 0.630556545454546 ], [ -75.210554363636362, 0.618334545454545 ], [ -75.211121363636366, 0.609442545454542 ], [ -75.219455363636371, 0.588337545454543 ], [ -75.222227363636364, 0.575836545454543 ], [ -75.218897363636373, 0.555838545454542 ], [ -75.191393363636365, 0.493054545454541 ], [ -75.181115363636366, 0.481948545454543 ], [ -75.170837363636366, 0.47778154545454 ], [ -75.161954363636369, 0.47778154545454 ], [ -75.127790363636365, 0.498337545454547 ], [ -75.105011363636365, 0.514996545454544 ], [ -75.094724363636359, 0.518335545454541 ], [ -75.011123363636372, 0.47778154545454 ], [ -74.989181363636362, 0.457216545454543 ], [ -74.97750836363636, 0.435283545454546 ], [ -74.975573363636371, 0.426391545454543 ], [ -74.976122363636364, 0.415555545454545 ], [ -74.990009363636361, 0.39694354545454 ], [ -74.994734363636368, 0.388051545454545 ], [ -74.993051363636368, 0.374443545454547 ], [ -74.976122363636364, 0.276946545454543 ], [ -74.970839363636372, 0.268054545454547 ], [ -74.961119363636371, 0.262780545454547 ], [ -74.855567363636368, 0.220840545454543 ], [ -74.831681363636363, 0.216106545454544 ], [ -74.729441363636369, 0.202498545454546 ], [ -74.719181363636366, 0.198889545454541 ], [ -74.708894363636361, 0.190834545454543 ], [ -74.70056036363637, 0.180556545454543 ], [ -74.688617363636368, 0.160000545454544 ], [ -74.649449363636364, 0.054448545454541 ], [ -74.652239363636369, 0.045556545454545 ], [ -74.66084336363636, 0.036664545454542 ], [ -74.691119363636361, 0.018610545454543 ], [ -74.689724363636373, 0.009160545454542 ], [ -74.670005363636363, -0.058051454545456 ], [ -74.662229363636371, -0.067780454545456 ], [ -74.593334363636373, -0.108892454545455 ], [ -74.581679363636368, -0.111664454545455 ], [ -74.47528136363637, -0.134164454545456 ], [ -74.462780363636369, -0.130834454545457 ], [ -74.451125363636365, -0.120556454545458 ], [ -74.448623363636372, -0.108892454545455 ], [ -74.454725363636371, -0.089722454545459 ], [ -74.443070363636366, -0.080002454545458 ], [ -74.431397363636364, -0.07944445454546 ], [ -74.412227363636362, -0.086113454545455 ], [ -74.349164363636362, -0.112780454545458 ], [ -74.260010363636368, -0.156106454545458 ], [ -74.274176363636371, -0.183052454545454 ], [ -74.276399363636372, -0.191944454545457 ], [ -74.27305136363637, -0.205840454545459 ], [ -74.266679363636371, -0.214714454545458 ], [ -74.256392363636365, -0.223606454545454 ], [ -74.245277363636362, -0.231112454545453 ], [ -74.169443363636361, -0.264718454545459 ], [ -74.15972336363636, -0.263890454545454 ], [ -74.150282363636364, -0.259165454545453 ], [ -74.139176363636366, -0.250282454545456 ], [ -74.119448363636366, -0.239167454545459 ], [ -74.110295363636368, -0.240553454545456 ], [ -74.054171363636371, -0.273610454545455 ], [ -74.031113363636365, -0.318889454545456 ], [ -74.023346363636364, -0.329167454545455 ], [ -74.003060363636365, -0.342217454545455 ], [ -73.956683363636373, -0.365554454545453 ], [ -73.920566363636368, -0.37833445454546 ], [ -73.836119363636371, -0.398890454545459 ], [ -73.771121363636368, -0.409996454545457 ], [ -73.761671363636367, -0.408610454545453 ], [ -73.75278836363637, -0.403894454545458 ], [ -73.698626363636365, -0.403057454545454 ], [ -73.676117363636365, -0.414721454545457 ], [ -73.608059363636372, -0.457777454545457 ], [ -73.567505363636371, -0.524449454545454 ], [ -73.558901363636366, -0.528337454545458 ], [ -73.462781363636367, -0.534718454545455 ], [ -73.38556136363637, -0.535285454545459 ], [ -73.376399363636367, -0.533890454545457 ], [ -73.31083436363636, -0.531388454545457 ], [ -73.243055363636373, -0.58333645454546 ], [ -73.20305936363637, -0.610840454545453 ], [ -73.19139536363636, -0.614719454545458 ], [ -73.18001036363637, -0.61416145454546 ], [ -73.081118363636364, -0.607222454545457 ], [ -73.072235363636366, -0.601111454545453 ], [ -73.061957363636367, -0.580555454545454 ], [ -73.05445136363636, -0.558613454545458 ], [ -73.033337363636363, -0.528337454545458 ], [ -73.02417536363636, -0.521659454545457 ], [ -73.01194436363636, -0.51750145454546 ], [ -72.99001136363637, -0.518887454545457 ], [ -72.967223363636364, -0.530002454545453 ], [ -72.955847363636366, -0.539443454545456 ], [ -72.944732363636362, -0.549721454545455 ], [ -72.93917936363637, -0.558613454545458 ], [ -72.933896363636364, -0.572221454545456 ], [ -72.932510363636368, -0.581392454545458 ], [ -72.92778536363636, -0.590284454545454 ], [ -72.918623363636371, -0.595000454545456 ], [ -72.870005363636366, -0.599167454545459 ], [ -72.839441363636368, -0.597781454545455 ], [ -72.819452363636373, -0.595000454545456 ], [ -72.809723363636365, -0.58610845454546 ], [ -72.797501363636371, -0.566947454545456 ], [ -72.78778136363637, -0.559999454545455 ], [ -72.747506363636361, -0.552502454545454 ], [ -72.736958363636361, -0.551665454545457 ], [ -72.728345363636365, -0.554446454545456 ], [ -72.68084336363637, -0.600553454545455 ], [ -72.672788363636371, -0.609445454545458 ], [ -72.674183363636359, -0.618337454545454 ], [ -72.673337363636364, -0.628606454545455 ], [ -72.66306836363637, -0.636112454545454 ], [ -72.583616363636366, -0.683893454545455 ], [ -72.563618363636365, -0.691660454545456 ], [ -72.54389936363637, -0.688888454545456 ], [ -72.537230363636368, -0.67999645454546 ], [ -72.534458363636361, -0.655282454545457 ], [ -72.527510363636367, -0.643051454545457 ], [ -72.453332363636363, -0.566110454545459 ], [ -72.424181363636364, -0.55528345454546 ], [ -72.41501036363637, -0.552502454545454 ], [ -72.405560363636368, -0.552502454545454 ], [ -72.400007363636362, -0.563338454545459 ], [ -72.401402363636365, -0.572221454545456 ], [ -72.400556363636369, -0.590833454545454 ], [ -72.391952363636364, -0.599167454545459 ], [ -72.326675363636369, -0.630001454545457 ], [ -72.316388363636364, -0.632782454545456 ], [ -72.30611936363637, -0.632782454545456 ], [ -72.293627363636361, -0.630001454545457 ], [ -72.275285363636371, -0.619714454545459 ], [ -72.266402363636359, -0.612784454545455 ], [ -72.244415363636364, -0.592183454545456 ], [ -72.236387363636368, -0.580555454545454 ], [ -72.210845363636366, -0.556660454545458 ], [ -72.201125363636365, -0.547777454545454 ], [ -72.181397363636364, -0.541387454545458 ], [ -72.160841363636365, -0.540001454545454 ], [ -72.142229363636361, -0.542215454545456 ], [ -72.134174363636362, -0.553051454545454 ], [ -72.11222336363636, -0.584722454545457 ], [ -72.105563363636364, -0.601111454545453 ], [ -72.101963363636372, -0.638056454545456 ], [ -72.064181363636365, -0.737497454545455 ], [ -72.059447363636366, -0.746389454545458 ], [ -72.049178363636372, -0.756109454545459 ], [ -72.03834236363636, -0.76083445454546 ], [ -71.977781363636367, -0.770284454545454 ], [ -71.968340363636372, -0.769717454545457 ], [ -71.935292363636364, -0.756667454545457 ], [ -71.923061363636364, -0.753886454545459 ], [ -71.912783363636365, -0.757216454545457 ], [ -71.903063363636363, -0.762778454545455 ], [ -71.803892363636365, -0.828613454545454 ], [ -71.796953363636362, -0.837496454545459 ], [ -71.795009363636368, -0.849160454545455 ], [ -71.799185363636369, -0.888886454545457 ], [ -71.79223736363636, -0.898606454545458 ], [ -71.762789363636372, -0.934165454545457 ], [ -71.753060363636365, -0.942220454545456 ], [ -71.732792363636364, -0.945838454545459 ], [ -71.692778363636364, -0.945838454545459 ], [ -71.678342363636361, -0.94360645454546 ], [ -71.618051363636368, -0.928612454545458 ], [ -71.567507363636366, -0.921664454545457 ], [ -71.54529536363637, -0.921106454545459 ], [ -71.535278363636365, -0.927217454545456 ], [ -71.53111136363637, -0.938890454545458 ], [ -71.53167836363636, -0.971947454545457 ], [ -71.539463363636372, -0.993052454545456 ], [ -71.564726363636368, -1.037503454545458 ], [ -71.571674363636362, -1.067779454545459 ], [ -71.571674363636362, -1.078057454545458 ], [ -71.569451363636361, -1.087498454545454 ], [ -71.562503363636367, -1.097218454545455 ], [ -71.553620363636369, -1.104166454545457 ], [ -71.541398363636361, -1.110835454545459 ], [ -71.528339363636363, -1.115551454545454 ], [ -71.508620363636368, -1.11778345454546 ], [ -71.449445363636372, -1.110835454545459 ], [ -71.40027836363636, -1.104715454545456 ], [ -71.389172363636362, -1.101943454545456 ], [ -71.370839363636364, -1.091665454545456 ], [ -71.360291363636364, -1.082782454545459 ], [ -71.343335363636371, -1.061659454545456 ], [ -71.320844363636368, -1.042498454545459 ], [ -71.298065363636368, -1.034722454545459 ], [ -71.21666936363637, -1.038889454545455 ], [ -71.17668236363636, -1.047781454545458 ], [ -71.164460363636366, -1.053334454545457 ], [ -71.110289363636369, -1.089721454545455 ], [ -71.080004363636363, -1.114444454545456 ], [ -71.051393363636365, -1.145278454545455 ], [ -71.024735363636367, -1.185004454545457 ], [ -70.990571363636363, -1.232218454545453 ], [ -70.979447363636368, -1.24249645454546 ], [ -70.960277363636365, -1.251946454545454 ], [ -70.948055363636371, -1.255555454545458 ], [ -70.821398363636362, -1.267219454545454 ], [ -70.810292363636364, -1.273339454545457 ], [ -70.800563363636371, -1.312219454545456 ], [ -70.793336363636371, -1.324720454545457 ], [ -70.782788363636371, -1.334998454545456 ], [ -70.76362736363636, -1.345285454545454 ], [ -70.699169363636372, -1.372501454545457 ], [ -70.676390363636372, -1.385551454545457 ], [ -70.660424363636366, -1.415044454545459 ], [ -70.640840363636372, -1.399996454545459 ], [ -70.608611363636371, -1.375282454545456 ], [ -70.599728363636359, -1.374715454545459 ], [ -70.580567363636362, -1.379449454545458 ], [ -70.560011363636363, -1.388332454545456 ], [ -70.536953363636371, -1.403335454545456 ], [ -70.521662363636366, -1.436941454545455 ], [ -70.51610936363636, -1.445833454545458 ], [ -70.506659363636359, -1.450837454545457 ], [ -70.484168363636371, -1.449442454545455 ], [ -70.457231363636367, -1.440550454545459 ], [ -70.407227363636366, -1.416394454545454 ], [ -70.397777363636365, -1.41221845454546 ], [ -70.388624363636367, -1.410283454545457 ], [ -70.368050363636371, -1.408888454545455 ], [ -70.290848363636371, -1.413613454545455 ], [ -70.279724363636362, -1.414999454545459 ], [ -70.269455363636368, -1.418608454545456 ], [ -70.246946363636368, -1.430839454545456 ], [ -70.224455363636366, -1.454167454545455 ], [ -70.171670363636366, -1.498609454545459 ], [ -70.14001736363636, -1.517779454545455 ], [ -70.115843363636372, -1.527499454545456 ], [ -70.083344363636371, -1.534996454545457 ], [ -70.061672363636362, -1.536949454545457 ], [ -70.049450363636367, -1.536391454545459 ], [ -70.02833636363637, -1.526662454545459 ], [ -70.009733363636371, -1.514449454545456 ], [ -69.993344363636368, -1.49305645454546 ], [ -69.950288363636361, -1.365832454545455 ], [ -69.937229363636362, -1.317781454545454 ], [ -69.913073363636371, -1.25749945454546 ], [ -69.899447363636369, -1.230004454545458 ], [ -69.885011363636366, -1.209448454545459 ], [ -69.874724363636361, -1.199161454545454 ], [ -69.853619363636369, -1.186948454545458 ], [ -69.843332363636364, -1.186948454545458 ], [ -69.778901363636365, -1.199161454545454 ], [ -69.760280363636369, -1.206109454545455 ], [ -69.750002363636369, -1.21444345454546 ], [ -69.733613363636366, -1.232785454545457 ], [ -69.721121363636371, -1.251946454545454 ], [ -69.71167136363637, -1.260838454545457 ], [ -69.700565363636372, -1.267219454545454 ], [ -69.670559363636372, -1.277497454545454 ], [ -69.608900363636366, -1.275283454545459 ], [ -69.589172363636365, -1.273888454545457 ], [ -69.576671363636365, -1.270558454545458 ], [ -69.555557363636368, -1.256113454545456 ], [ -69.529448363636362, -1.22472145454546 ], [ -69.520574363636371, -1.217215454545453 ], [ -69.497228363636367, -1.205281454545457 ], [ -69.477239363636372, -1.203337454545455 ], [ -69.454730363636372, -1.206109454545455 ], [ -69.43556036363637, -1.21444345454546 ], [ -69.42611936363636, -1.223893454545454 ], [ -69.421952363636365, -1.232785454545457 ], [ -69.419171363636366, -1.254718454545454 ], [ -69.422501363636371, -1.299448454545455 ], [ -69.438332363636363, -1.402777454545458 ], [ -69.434768363636366, -1.422298454545455 ], [ -69.454406363636366, -1.476334454545459 ], [ -69.458069363636369, -1.486414454545454 ], [ -69.452678363636366, -1.526311454545457 ], [ -69.430277363636364, -1.555552454545456 ], [ -69.415013363636362, -1.568611454545454 ], [ -69.390290363636367, -1.585000454545458 ], [ -69.371129363636371, -1.595278454545458 ], [ -69.313061363636365, -1.606105454545457 ], [ -69.280022363636363, -1.616392454545455 ], [ -69.249728363636365, -1.64250145454546 ], [ -69.121946363636368, -1.763056454545456 ], [ -69.095000363636359, -1.79194645454546 ], [ -69.067505363636371, -1.832221454545454 ], [ -69.048335363636369, -1.84528045454546 ], [ -69.038075363636366, -1.848610454545458 ], [ -69.006665363636372, -1.840555454545459 ], [ -68.899736363636364, -1.810837454545457 ], [ -68.731670363636368, -1.791109454545456 ], [ -68.64805136363637, -1.792504454545458 ], [ -68.612501363636369, -1.781659454545455 ], [ -68.589740363636366, -1.768609454545455 ], [ -68.568617363636363, -1.75416445454546 ], [ -68.539466363636365, -1.740556454545455 ], [ -68.496131363636366, -1.73638945454546 ], [ -68.443346363636365, -1.738333454545455 ], [ -68.334167363636368, -1.719163454545459 ], [ -68.313332363636363, -1.713052454545455 ], [ -68.292506363636363, -1.703611454545459 ], [ -68.261123363636372, -1.678051454545454 ], [ -68.226959363636368, -1.659718454545455 ], [ -68.028896363636363, -1.645282454545459 ], [ -67.993058363636365, -1.643338454545457 ], [ -67.80195236363636, -1.650835454545458 ], [ -67.760012363636363, -1.658890454545457 ], [ -67.674458363636361, -1.68083245454546 ], [ -67.654442363636363, -1.69583545454546 ], [ -67.604447363636368, -1.743886454545454 ], [ -67.594997363636367, -1.750834454545455 ], [ -67.561400363636366, -1.770004454545457 ], [ -67.538891363636367, -1.778050454545458 ], [ -67.442780363636359, -1.800838454545456 ], [ -67.25168336363636, -1.854163454545457 ], [ -67.226960363636366, -1.86305545454546 ], [ -67.092788363636359, -1.907497454545457 ], [ -67.082231363636367, -1.908892454545459 ], [ -66.978902363636365, -1.898056454545454 ], [ -66.958346363636366, -1.893052454545455 ], [ -66.948059363636361, -1.887778454545455 ], [ -66.939185363636369, -1.87805845454546 ], [ -66.919169363636371, -1.861111454545458 ], [ -66.907793363636372, -1.855558454545459 ], [ -66.780290363636368, -1.809721454545453 ], [ -66.756116363636366, -1.805554454545458 ], [ -66.734453363636362, -1.804717454545454 ], [ -66.724724363636369, -1.806112454545456 ], [ -66.703340363636372, -1.810837454545457 ], [ -66.671111363636371, -1.820557454545458 ], [ -66.641951363636366, -1.828891454545456 ], [ -66.620567363636368, -1.830835454545458 ], [ -66.610838363636361, -1.829449454545454 ], [ -66.416402363636365, -1.768609454545455 ], [ -66.264176363636366, -1.71110845454546 ], [ -66.172502363636369, -1.675279454545453 ], [ -66.162782363636367, -1.671949454545455 ], [ -66.153062363636366, -1.671949454545455 ], [ -66.142226363636368, -1.676665454545457 ], [ -65.993348363636372, -1.740556454545455 ], [ -65.841941363636366, -1.786393454545454 ], [ -65.715284363636371, -1.813888454545456 ], [ -65.694737363636364, -1.821394454545455 ], [ -65.661950363636365, -1.83555145454546 ], [ -65.608337363636366, -1.871389454545458 ], [ -65.505575363636368, -1.936387454545454 ], [ -65.483606363636369, -1.948051454545457 ], [ -65.462510363636369, -1.949446454545459 ], [ -65.452223363636364, -1.94666545454546 ], [ -65.442512363636368, -1.940554454545456 ], [ -65.43251336363636, -1.92889045454546 ], [ -65.420561363636367, -1.90138645454546 ], [ -65.411120363636371, -1.893889454545459 ], [ -65.398619363636371, -1.889164454545458 ], [ -65.346680363636366, -1.883611454545459 ], [ -65.303345363636367, -1.891945454545457 ], [ -65.271953363636371, -1.90333945454546 ], [ -65.175293363636371, -2.084167454545458 ], [ -65.170289363636371, -2.095282454545455 ], [ -65.161667363636369, -2.249443454545457 ], [ -65.157482363636362, -2.297782454545455 ], [ -65.190566363636364, -2.295838454545454 ], [ -65.197235363636366, -2.307502454545457 ], [ -65.19584936363637, -2.338336454545455 ], [ -65.19168236363636, -2.370556454545458 ], [ -65.194454363636368, -2.380834454545457 ], [ -65.204723363636361, -2.390284454545458 ], [ -65.223893363636364, -2.391112454545457 ], [ -65.295290363636369, -2.382778454545459 ], [ -65.31528836363637, -2.382778454545459 ], [ -65.345834363636371, -2.388340454545457 ], [ -65.355563363636364, -2.393056454545459 ], [ -65.365283363636365, -2.401948454545455 ], [ -65.363888363636363, -2.411659454545457 ], [ -65.354168363636362, -2.416393454545457 ], [ -65.312228363636365, -2.420551454545453 ], [ -65.29250936363637, -2.427220454545456 ], [ -65.283059363636369, -2.434717454545456 ], [ -65.283617363636367, -2.44583245454546 ], [ -65.293337363636368, -2.456659454545459 ], [ -65.312228363636365, -2.470555454545455 ], [ -65.326556363636371, -2.481076454545459 ], [ -65.357138363636366, -2.499706454545453 ], [ -65.366093363636367, -2.507194454545456 ], [ -65.389268363636361, -2.53435645454546 ], [ -65.402867363636361, -2.554138454545459 ], [ -65.41376636363637, -2.574847454545456 ], [ -65.416430363636366, -2.586214454545456 ], [ -65.417789363636359, -2.622727454545455 ], [ -65.422145363636361, -2.63278945454546 ], [ -65.429885363636359, -2.641096454545455 ], [ -65.459126363636372, -2.661373454545455 ] ], [ [ -65.157482363636362, -2.297782454545455 ], [ -65.164466363636365, -2.298610454545454 ], [ -65.160281363636372, -2.322496454545458 ], [ -65.107505363636363, -2.418337454545458 ], [ -65.101394363636359, -2.429443454545456 ], [ -65.050562363636359, -2.497222454545458 ], [ -65.017226363636368, -2.540278454545458 ], [ -64.977239363636372, -2.585557454545459 ], [ -64.963631363636367, -2.606113454545458 ], [ -64.960841363636362, -2.617498454545455 ], [ -64.963631363636367, -2.638054454545454 ], [ -64.97167736363636, -2.659447454545457 ], [ -64.983332363636364, -2.681947454545458 ], [ -64.986122363636369, -2.693611454545454 ], [ -64.986122363636369, -2.704447454545459 ], [ -64.982792363636364, -2.714167454545453 ], [ -64.960841363636362, -2.731105454545457 ], [ -64.945847363636361, -2.736667454545454 ], [ -64.934174363636359, -2.737504454545459 ], [ -64.923059363636369, -2.736109454545456 ], [ -64.910846363636367, -2.737504454545459 ], [ -64.900010363636369, -2.738890454545455 ], [ -64.890020363636367, -2.743057454545458 ], [ -64.878617363636366, -2.750284454545458 ], [ -64.85999636363637, -2.771659454545457 ], [ -64.855280363636368, -2.781109454545458 ], [ -64.853903363636363, -2.790838454545458 ], [ -64.864181363636362, -2.842777454545455 ], [ -64.86695336363637, -2.852497454545457 ], [ -64.87306436363636, -2.863333454545455 ], [ -64.879184363636369, -2.885284454545456 ], [ -64.879184363636369, -2.896948454545459 ], [ -64.877231363636369, -2.906389454545454 ], [ -64.80389036363637, -2.99055745454546 ], [ -64.751681363636365, -3.077497454545458 ], [ -64.751114363636361, -3.096667454545454 ], [ -64.75389536363636, -3.106387454545455 ], [ -64.768349363636361, -3.12750145454546 ], [ -64.784729363636359, -3.205180454545456 ] ] ] } },
{ "type": "Feature", "properties": { "NAME": "Putumayo", "SYSTEM": "Amazon", "MILES": 889.91926, "KILOMETERS": 1432.18908 }, "geometry": { "type": "LineString", "coordinates": [ [ -76.868057363636368, 1.300552545454543 ], [ -76.866950363636363, 1.294999545454544 ], [ -76.862225363636369, 1.249441545454545 ], [ -76.877228363636362, 1.203613545454544 ], [ -76.881665363636372, 1.194163545454543 ], [ -76.888334363636361, 1.187782545454546 ], [ -76.902239363636369, 1.180555545454546 ], [ -76.956950363636366, 1.168612545454543 ], [ -76.970837363636363, 1.16222254545454 ], [ -76.980836363636371, 1.151665545454541 ], [ -76.98445436363636, 1.141666545454541 ], [ -76.987793363636371, 1.117222545454545 ], [ -76.985003363636366, 1.106944545454546 ], [ -76.957778363636365, 1.099447545454545 ], [ -76.948625363636367, 1.095001545454544 ], [ -76.893887363636367, 1.034161545454545 ], [ -76.885283363636361, 1.022497545454542 ], [ -76.872224363636363, 0.981943545454541 ], [ -76.863890363636372, 0.963340545454543 ], [ -76.844450363636369, 0.935557545454543 ], [ -76.680011363636368, 0.771667545454541 ], [ -76.64723336363636, 0.75639454545454 ], [ -76.63916936363637, 0.750832545454543 ], [ -76.574720363636359, 0.672496545454543 ], [ -76.56751136363637, 0.646666545454543 ], [ -76.556117363636361, 0.584161545454542 ], [ -76.554173363636366, 0.559717545454546 ], [ -76.551680363636365, 0.528892545454546 ], [ -76.549727363636364, 0.524167545454546 ], [ -76.456388363636364, 0.416662545454543 ], [ -76.44473336363636, 0.408886545454543 ], [ -76.430558363636365, 0.40221754545454 ], [ -76.401362363636366, 0.392848545454541 ], [ -76.400084363636367, 0.392335545454543 ], [ -76.243052363636366, 0.395557545454544 ], [ -76.145285363636361, 0.370834545454542 ], [ -76.040120363636362, 0.337633545454544 ], [ -76.024874363636371, 0.320128545454544 ], [ -75.98027936363637, 0.256390545454543 ], [ -75.912779363636361, 0.163339545454541 ], [ -75.760841363636359, 0.046807545454541 ], [ -75.727505363636368, 0.035557545454544 ], [ -75.694034363636362, 0.043054545454545 ], [ -75.575423363636361, 0.03181354545454 ], [ -75.518894363636363, -0.008056454545454 ], [ -75.434447363636366, -0.059446454545458 ], [ -75.399032363636366, -0.072082454545459 ], [ -75.349730363636368, -0.078337454545455 ], [ -75.325565363636372, -0.088336454545455 ], [ -75.300005363636359, -0.102214454545454 ], [ -75.285848363636362, -0.119719454545454 ], [ -75.259145363636364, -0.122482454545455 ], [ -75.225908363636364, -0.095968454545456 ], [ -75.216674363636372, -0.068338454545454 ], [ -75.205010363636362, -0.036874454545455 ], [ -75.137015363636365, -0.04534345454546 ], [ -75.021392363636366, -0.123058454545458 ], [ -74.960552363636367, -0.170551454545453 ], [ -74.938061363636365, -0.198892454545458 ], [ -74.86028336363637, -0.232498454545457 ], [ -74.841131363636364, -0.225280454545455 ], [ -74.812646363636361, -0.205687454545455 ], [ -74.79194636363637, -0.200278454545455 ], [ -74.772371363636367, -0.207919454545454 ], [ -74.749169363636369, -0.235558454545455 ], [ -74.733608363636364, -0.260974454545455 ], [ -74.721116363636369, -0.28972045454546 ], [ -74.71694936363636, -0.311662454545456 ], [ -74.715833363636364, -0.333613454545457 ], [ -74.708759363636361, -0.361666454545457 ], [ -74.632916363636369, -0.406531454545458 ], [ -74.607509363636368, -0.38360845454546 ], [ -74.556947363636368, -0.417781454545455 ], [ -74.393894363636363, -0.543340454545458 ], [ -74.376119363636363, -0.568054454545454 ], [ -74.370278363636359, -0.577558454545454 ], [ -74.358065363636371, -0.633052454545457 ], [ -74.33890436363636, -0.706393454545456 ], [ -74.316116363636368, -0.78166045454546 ], [ -74.290277363636363, -0.809722454545458 ], [ -74.24778836363636, -0.853606454545456 ], [ -74.264168363636372, -0.898894454545456 ], [ -74.282789363636368, -0.930277454545454 ], [ -74.255285363636361, -0.98666245454546 ], [ -74.24069636363636, -1.012915454545457 ], [ -74.215424363636359, -1.034866454545458 ], [ -74.077787363636361, -1.072783454545458 ], [ -73.868051363636368, -1.208611454545455 ], [ -73.840979363636364, -1.26514045454546 ], [ -73.752239363636363, -1.289719454545455 ], [ -73.713053363636362, -1.279162454545457 ], [ -73.653617363636371, -1.284445454545455 ], [ -73.555697363636369, -1.375282454545456 ], [ -73.547498363636365, -1.436662454545456 ], [ -73.542782363636363, -1.468054454545459 ], [ -73.520003363636363, -1.49360545454546 ], [ -73.476965363636367, -1.552501454545457 ], [ -73.447157363636364, -1.610344454545455 ], [ -73.476965363636367, -1.636660454545456 ], [ -73.486955363636369, -1.654444454545455 ], [ -73.507511363636368, -1.748332454545455 ], [ -73.490573363636372, -1.76694445454546 ], [ -73.41640436363636, -1.816660454545456 ], [ -73.296947363636363, -1.873549454545454 ], [ -73.238888363636363, -1.84555045454546 ], [ -73.197020363636369, -1.806454454545459 ], [ -73.132778363636362, -1.849159454545457 ], [ -73.090424363636359, -1.923607454545454 ], [ -73.058213363636369, -2.145556454545456 ], [ -73.077788363636373, -2.200285454545458 ], [ -73.101251363636365, -2.231947454545455 ], [ -73.13174336363636, -2.246257454545457 ], [ -73.115291363636359, -2.328751454545454 ], [ -73.104734363636368, -2.346949454545459 ], [ -73.073900363636369, -2.371393454545455 ], [ -73.003061363636363, -2.41055245454546 ], [ -72.975008363636363, -2.401660454545457 ], [ -72.934580363636371, -2.40000445454546 ], [ -72.902513363636359, -2.45360845454546 ], [ -72.88195736363636, -2.50639345454546 ], [ -72.814736363636371, -2.490004454545456 ], [ -72.683336363636371, -2.440000454545455 ], [ -72.590141363636363, -2.407222454545455 ], [ -72.450839363636362, -2.441386454545459 ], [ -72.327782363636359, -2.483056454545455 ], [ -72.299450363636367, -2.49139045454546 ], [ -72.227513363636362, -2.498887454545454 ], [ -72.070013363636363, -2.40778045454546 ], [ -71.982227363636369, -2.369449454545453 ], [ -71.931404363636361, -2.379007454545459 ], [ -71.889797363636362, -2.377783454545458 ], [ -71.871401363636366, -2.320282454545456 ], [ -71.808482363636372, -2.230840454545458 ], [ -71.721956363636366, -2.159164454545454 ], [ -71.693201363636362, -2.147914454545457 ], [ -71.68321136363636, -2.166526454545455 ], [ -71.684174363636359, -2.196109454545457 ], [ -71.674319363636371, -2.224999454545454 ], [ -71.57666936363637, -2.236663454545457 ], [ -71.520149363636364, -2.234584454545455 ], [ -71.412230363636368, -2.281258454545458 ], [ -71.36167736363636, -2.346949454545459 ], [ -71.188067363636364, -2.360557454545457 ], [ -71.10111836363636, -2.311948454545458 ], [ -70.976387363636363, -2.278333454545454 ], [ -70.85896436363636, -2.225341454545458 ], [ -70.657643363636367, -2.358190454545458 ], [ -70.649723363636369, -2.401255454545456 ], [ -70.582376363636371, -2.483893454545459 ], [ -70.564457363636365, -2.493334454545455 ], [ -70.37774336363637, -2.51166745454546 ], [ -70.35580136363636, -2.498176454545458 ], [ -70.33564136363637, -2.492398454545459 ], [ -70.295393363636364, -2.501281454545456 ], [ -70.218830363636371, -2.570347454545455 ], [ -70.208867363636372, -2.609425454545459 ], [ -70.194593363636372, -2.644021454545459 ], [ -70.120685363636369, -2.701657454545455 ], [ -70.098482363636364, -2.698336454545455 ], [ -70.09166936363637, -2.691109454545455 ], [ -70.080563363636372, -2.670553454545455 ], [ -70.071671363636369, -2.660284454545454 ], [ -70.06223036363636, -2.664442454545458 ], [ -70.055849363636369, -2.676106454545454 ], [ -70.053887363636363, -2.684998454545457 ], [ -70.05195236363636, -2.721943454545453 ], [ -70.047227363636367, -2.731663454545455 ], [ -70.028624363636368, -2.738332454545457 ], [ -70.017500363636373, -2.739160454545456 ], [ -70.008896363636367, -2.738332454545457 ], [ -69.994442363636367, -2.73222145454546 ], [ -69.982787363636362, -2.724715454545453 ], [ -69.950567363636367, -2.69889445454546 ], [ -69.939452363636363, -2.692504454545457 ], [ -69.930011363636368, -2.68916545454546 ], [ -69.918338363636366, -2.688607454545455 ], [ -69.908618363636364, -2.690002454545457 ], [ -69.897782363636367, -2.693332454545455 ], [ -69.887513363636373, -2.700838454545455 ], [ -69.880007363636366, -2.711107454545456 ], [ -69.878063363636372, -2.721394454545454 ], [ -69.878342363636364, -2.730835454545456 ], [ -69.882509363636359, -2.741113454545456 ], [ -69.884174363636362, -2.750833454545457 ], [ -69.882509363636359, -2.759716454545455 ], [ -69.875840363636371, -2.770552454545459 ], [ -69.866120363636369, -2.777500454545454 ], [ -69.855833363636364, -2.777500454545454 ], [ -69.824441363636367, -2.771389454545456 ], [ -69.803615363636368, -2.758888454545456 ], [ -69.785282363636369, -2.74249945454546 ], [ -69.768893363636366, -2.733607454545457 ], [ -69.758615363636366, -2.731663454545455 ], [ -69.749723363636363, -2.73222145454546 ], [ -69.727781363636367, -2.739160454545456 ], [ -69.716126363636363, -2.746666454545455 ], [ -69.708071363636364, -2.756386454545456 ], [ -69.706685363636367, -2.765278454545459 ], [ -69.708620363636371, -2.774719454545455 ], [ -69.717521363636365, -2.785834454545459 ], [ -69.722777363636368, -2.796661454545458 ], [ -69.721679363636369, -2.807497454545455 ], [ -69.706685363636367, -2.863054454545455 ], [ -69.703904363636369, -2.871946454545458 ], [ -69.695660363636364, -2.873503454545457 ], [ -69.663341363636363, -2.847214454545458 ], [ -69.65444936363636, -2.842498454545456 ], [ -69.643622363636368, -2.845279454545455 ], [ -69.636674363636359, -2.85416245454546 ], [ -69.633902363636366, -2.863054454545455 ], [ -69.636674363636359, -2.874718454545459 ], [ -69.617513363636363, -2.91222145454546 ], [ -69.516110363636372, -2.923894454545454 ], [ -69.50695736363636, -2.915839454545456 ], [ -69.494168363636362, -2.909449454545459 ], [ -69.472784363636364, -2.904166454545454 ], [ -69.442508363636364, -2.899441454545453 ], [ -69.422789363636369, -2.899999454545458 ], [ -69.353057363636367, -2.904166454545454 ], [ -69.333617363636364, -2.91222145454546 ], [ -69.192506363636369, -2.964160454545457 ], [ -69.046670363636366, -3.012220454545457 ], [ -68.930282363636366, -3.024442454545458 ], [ -68.918339363636363, -3.025279454545455 ], [ -68.908889363636362, -3.02111245454546 ], [ -68.815559363636368, -2.95527745454546 ], [ -68.802779363636361, -2.941111454545457 ], [ -68.797793363636359, -2.932219454545454 ], [ -68.795291363636366, -2.921113454545456 ], [ -68.796398363636371, -2.902780454545457 ], [ -68.801393363636365, -2.893888454545454 ], [ -68.809448363636363, -2.888335454545455 ], [ -68.805596363636369, -2.868427454545454 ], [ -68.71444436363636, -2.858338454545454 ], [ -68.555846363636363, -2.885554454545456 ], [ -68.38112036363637, -2.886949454545459 ], [ -68.331683363636373, -2.952784454545458 ], [ -68.28946436363637, -3.019717454545457 ], [ -68.283893363636366, -3.028051454545455 ], [ -68.262788363636361, -3.034162454545459 ], [ -68.228903363636363, -3.034720454545457 ], [ -68.206682363636361, -3.030004454545455 ], [ -68.196944363636362, -3.02583745454546 ], [ -68.142791363636363, -3.060838454545454 ], [ -68.109176363636365, -3.088891454545454 ], [ -68.056400363636371, -3.117502454545459 ], [ -68.047499363636362, -3.122218454545454 ], [ -67.938581363636359, -3.122677454545453 ] ] } },
{ "type": "Feature", "properties": { "NAME": "Rio Maranon", "SYSTEM": "Amazon", "MILES": 889.35232, "KILOMETERS": 1431.27668 }, "geometry": { "type": "LineString", "coordinates": [ [ -73.507898363636372, -4.459834454545458 ], [ -73.791965363636365, -4.621942454545454 ], [ -73.954748363636369, -4.483333454545459 ], [ -74.100197363636369, -4.471750454545457 ], [ -74.209178363636369, -4.52333845454546 ], [ -74.237519363636366, -4.675834454545459 ], [ -74.266967363636368, -4.678606454545459 ], [ -74.585576363636363, -4.457782454545459 ], [ -74.650304363636366, -4.531393454545459 ], [ -74.763074363636363, -4.553605454545455 ], [ -74.812223363636363, -4.672225454545455 ], [ -75.050003363636364, -4.783051454545458 ], [ -75.376118363636365, -4.789441454545454 ], [ -75.444455363636365, -4.928887454545453 ], [ -75.52750736363636, -4.932496454545458 ], [ -75.638549363636372, -5.083921454545457 ], [ -75.685565363636371, -5.013892454545456 ], [ -75.750851363636372, -5.058334454545456 ], [ -75.83308436363636, -5.008609454545457 ], [ -76.050560363636365, -5.041945454545456 ], [ -76.166408363636364, -4.989727454545456 ], [ -76.186955363636372, -4.926394454545459 ], [ -76.431350363636369, -4.919536454545458 ], [ -76.54250936363637, -4.896388454545459 ], [ -76.581704363636362, -4.825558454545458 ], [ -76.926116363636368, -4.823605454545458 ], [ -77.255021363636359, -4.675834454545459 ], [ -77.305007363636363, -4.74916645454546 ], [ -77.355281363636365, -4.650553454545459 ], [ -77.31947036363637, -4.621393454545455 ], [ -77.414177363636369, -4.610836454545456 ], [ -77.398634363636361, -4.500280454545454 ], [ -77.500307363636367, -4.428055454545458 ], [ -77.559734363636366, -4.464163454545456 ], [ -77.63006036363636, -4.428037454545453 ], [ -77.686400363636366, -4.489165454545457 ], [ -77.79169136363636, -4.491946454545456 ], [ -77.850569363636367, -4.577500454545458 ], [ -77.906396363636361, -4.572226454545458 ], [ -78.099743363636364, -4.70360845454546 ], [ -78.172931363636366, -4.651543454545454 ], [ -78.212801363636359, -4.755556454545456 ], [ -78.328082363636369, -4.773610454545455 ], [ -78.41446436363637, -5.112784454545455 ], [ -78.344741363636359, -5.191111454545457 ], [ -78.408353363636365, -5.214448454545458 ], [ -78.606965363636363, -5.496661454545457 ], [ -78.751127363636371, -5.691106454545455 ], [ -78.769181363636363, -5.770558454545458 ], [ -78.770855363636372, -5.840839454545456 ], [ -78.618071363636361, -6.062500454545457 ], [ -78.533336363636366, -6.088339454545459 ], [ -78.335570363636364, -6.379714454545457 ], [ -78.165299363636365, -6.469714454545457 ], [ -78.00863636363637, -6.770836454545456 ], [ -78.017789363636368, -6.944167454545457 ], [ -77.979152363636359, -7.033924454545456 ], [ -77.754746363636372, -7.468606454545458 ], [ -77.616956363636362, -7.879168454545457 ], [ -77.645963363636369, -8.009569454545456 ], [ -77.646134363636364, -8.059447454545456 ], [ -77.334455363636366, -8.455555454545458 ], [ -77.106404363636372, -8.938333454545457 ], [ -76.735019363636368, -9.179443454545456 ], [ -76.795850363636362, -9.512497454545457 ], [ -76.638629363636369, -9.872497454545456 ], [ -76.692512363636368, -9.997228454545457 ], [ -76.617506363636366, -10.225558454545457 ], [ -76.705850363636372, -10.394731454545457 ] ] } },
{ "type": "Feature", "properties": { "NAME": "Ucayali", "SYSTEM": "Amazon", "MILES": 1297.90218, "KILOMETERS": 2088.77526 }, "geometry": { "type": "LineString", "coordinates": [ [ -73.507898363636372, -4.459834454545458 ], [ -73.515854363636365, -4.506949454545456 ], [ -73.462799363636364, -4.528891454545459 ], [ -73.577522363636362, -4.634731454545459 ], [ -73.545005363636363, -4.706389454545459 ], [ -73.733078363636366, -4.806109454545457 ], [ -73.678349363636372, -4.888612454545459 ], [ -73.696673363636364, -4.91111245454546 ], [ -73.769177363636359, -4.864726454545455 ], [ -73.777511363636364, -4.975282454545457 ], [ -73.952516363636363, -5.086666454545458 ], [ -74.031401363636363, -4.983607454545457 ], [ -74.110016363636362, -5.176666454545458 ], [ -74.099450363636365, -5.362498454545456 ], [ -74.189450363636368, -5.390281454545455 ], [ -74.14501736363637, -5.427784454545456 ], [ -74.202239363636366, -5.480281454545455 ], [ -74.153072363636369, -5.513887454545458 ], [ -74.209457363636361, -5.554171454545457 ], [ -74.150012363636364, -5.608054454545456 ], [ -74.283338363636361, -5.652226454545456 ], [ -74.267516363636361, -5.699998454545458 ], [ -74.331974363636363, -5.785282454545456 ], [ -74.373059363636372, -5.734162454545459 ], [ -74.399177363636369, -5.798332454545456 ], [ -74.513648363636364, -5.709448454545456 ], [ -74.696672363636367, -5.925556454545458 ], [ -74.680841363636361, -6.019165454545458 ], [ -74.70751736363637, -6.027778454545455 ], [ -74.738909363636367, -5.950837454545457 ], [ -74.795852363636371, -6.003334454545456 ], [ -74.857232363636371, -5.979448454545455 ], [ -74.876681363636365, -6.054445454545458 ], [ -74.948627363636362, -6.091111454545455 ], [ -75.005579363636372, -6.037498454545457 ], [ -75.065564363636369, -6.052501454545457 ], [ -75.05750936363637, -6.133609454545457 ], [ -75.093896363636361, -6.146389454545456 ], [ -75.121949363636361, -6.085837454545455 ], [ -75.203606363636368, -6.196105454545457 ], [ -75.159182363636361, -6.221386454545456 ], [ -75.139733363636367, -6.414166454545455 ], [ -75.20863736363637, -6.454999454545458 ], [ -75.186128363636371, -6.542227454545458 ], [ -75.077237363636371, -6.565285454545457 ], [ -75.071963363636371, -6.595840454545456 ], [ -75.150011363636366, -6.635557454545456 ], [ -75.082520363636363, -6.693337454545457 ], [ -75.06751736363637, -6.814441454545456 ], [ -75.134180363636361, -6.840838454545455 ], [ -75.178073363636372, -6.945004454545458 ], [ -75.121796363636363, -7.023754454545458 ], [ -75.313631363636361, -7.175278454545456 ], [ -75.245006363636364, -7.191388454545457 ], [ -75.26057636363636, -7.254730454545456 ], [ -75.166409363636362, -7.238890454545455 ], [ -74.978903363636363, -7.389442454545456 ], [ -75.029195363636362, -7.541110454545457 ], [ -74.958635363636361, -7.657498454545458 ], [ -75.04084136363636, -7.643053454545456 ], [ -74.934443363636362, -7.797223454545456 ], [ -74.973062363636359, -7.860556454545456 ], [ -74.865287363636369, -7.950277454545457 ], [ -74.855855363636365, -7.869448454545456 ], [ -74.783333363636359, -7.873894454545457 ], [ -74.749736363636373, -7.884442454545457 ], [ -74.693342363636361, -7.958332454545456 ], [ -74.754470363636372, -7.957783454545456 ], [ -74.773073363636371, -8.002225454545457 ], [ -74.665298363636367, -7.984729454545455 ], [ -74.638073363636366, -8.174728454545455 ], [ -74.569178363636368, -8.161120454545458 ], [ -74.601965363636367, -8.238052454545457 ], [ -74.496125363636367, -8.307496454545458 ], [ -74.503082363636366, -8.477497454545457 ], [ -74.452520363636367, -8.446105454545457 ], [ -74.386082363636362, -8.484283454545459 ], [ -74.319473363636362, -8.439445454545456 ], [ -74.268623363636365, -8.438338454545455 ], [ -74.262800363636373, -8.581672454545458 ], [ -74.285003363636363, -8.608339454545458 ], [ -74.356382363636371, -8.563888454545456 ], [ -74.390015363636365, -8.642503454545459 ], [ -74.538461363636372, -8.767864454545457 ], [ -74.490842363636361, -9.021673454545457 ], [ -74.47723436363637, -9.073891454545457 ], [ -74.37445436363636, -9.175834454545456 ], [ -74.410841363636365, -9.350839454545458 ], [ -74.32751936363637, -9.387226454545456 ], [ -74.280584363636365, -9.508051454545456 ], [ -74.218358363636369, -9.477496454545456 ], [ -74.214740363636366, -9.558613454545458 ], [ -74.166671363636368, -9.571393454545458 ], [ -74.148068363636369, -9.827227454545458 ], [ -73.94916836363636, -9.839170454545457 ], [ -74.004203363636364, -9.943894454545458 ], [ -74.061398363636371, -9.906670454545456 ], [ -74.075303363636365, -9.934723454545455 ], [ -74.055008363636361, -10.038889454545458 ], [ -73.958906363636359, -10.070551454545456 ], [ -74.039465363636367, -10.135567454545455 ], [ -74.003078363636362, -10.215280454545457 ], [ -74.043353363636371, -10.336105454545457 ], [ -73.981127363636361, -10.572778454545457 ], [ -73.742447363636373, -10.728523454545456 ], [ -73.782245363636363, -10.992223454545456 ], [ -73.693892363636365, -11.269171454545457 ], [ -73.783334363636371, -11.293894454545455 ], [ -74.059175363636371, -11.162782454545457 ], [ -74.076419363636361, -11.194165454545455 ], [ -74.252810363636371, -11.146942454545457 ], [ -74.271953363636371, -11.262781454545458 ], [ -73.958357363636367, -11.884447454545455 ], [ -74.055575363636365, -11.961946454545458 ], [ -74.087804363636366, -12.060280454545456 ], [ -74.023913363636368, -12.115558454545457 ], [ -73.85999636363637, -12.504169454545458 ], [ -73.668350363636364, -12.691945454545458 ], [ -73.553888363636361, -13.081942454545455 ], [ -73.23004136363636, -13.428163454545459 ], [ -73.093079363636363, -13.458889454545456 ], [ -73.043354363636368, -13.423888454545455 ], [ -72.809444363636359, -13.430836454545457 ], [ -72.327521363636365, -13.702501454545455 ], [ -72.275303363636368, -13.697785454545457 ], [ -72.162227363636362, -13.788622454545457 ], [ -72.019469363636361, -13.778335454545456 ], [ -71.825024363636359, -13.828339454545457 ], [ -71.696963363636371, -14.134447454545455 ], [ -71.543900363636368, -14.194441454545458 ], [ -71.462801363636359, -14.440564454545456 ], [ -71.468624363636366, -14.720554454545457 ], [ -71.623901363636364, -14.977225454545458 ], [ -71.636690363636362, -15.075550454545457 ], [ -71.585300363636364, -15.160285454545456 ], [ -71.653358363636372, -15.183613454545458 ], [ -71.680304363636367, -15.352777454545457 ], [ -71.731127363636361, -15.338332454545458 ], [ -71.888069363636362, -15.448339454545458 ] ] } },
{ "type": "Feature", "properties": { "NAME": "Guapore", "SYSTEM": "Amazon", "MILES": 394.11109, "KILOMETERS": 634.26158 }, "geometry": { "type": "LineString", "coordinates": [ [ -65.395847363636364, -10.393327454545457 ], [ -65.395775363636361, -10.393579454545456 ], [ -65.39125736363637, -10.413757454545458 ], [ -65.402363363636368, -10.442215454545458 ], [ -65.441972363636367, -10.473481454545457 ], [ -65.438066363636366, -10.618750454545456 ], [ -65.390015363636365, -10.755838454545458 ], [ -65.329193363636364, -10.851886454545458 ], [ -65.315846363636368, -10.880839454545455 ], [ -65.302652363636369, -10.985554454545458 ], [ -65.343332363636364, -11.058058454545456 ], [ -65.393615363636371, -11.149444454545456 ], [ -65.401949363636362, -11.169730454545459 ], [ -65.390708363636364, -11.274724454545456 ], [ -65.348345363636369, -11.404729454545457 ], [ -65.31028436363637, -11.494135454545457 ], [ -65.289737363636362, -11.504998454545458 ], [ -65.241533363636364, -11.505970454545459 ], [ -65.222930363636365, -11.518750454545458 ], [ -65.169452363636367, -11.614726454545458 ], [ -65.188334363636372, -11.656387454545456 ], [ -65.200835363636372, -11.685556454545456 ], [ -65.209160363636371, -11.711665454545457 ], [ -65.191745363636372, -11.752021454545456 ], [ -65.149517363636363, -11.772154454545458 ], [ -65.11837736363637, -11.698957454545457 ], [ -65.062370363636362, -11.754865454545456 ], [ -65.043335363636359, -11.809729454545458 ], [ -65.035568363636372, -11.881666454545456 ], [ -65.016956363636368, -11.970001454545457 ], [ -65.008343363636371, -11.989441454545457 ], [ -64.984322363636366, -12.011113454545455 ], [ -64.896122363636366, -12.023335454545457 ], [ -64.83584936363637, -12.023200454545456 ], [ -64.809587363636368, -12.028609454545457 ], [ -64.791119363636369, -12.041524454545456 ], [ -64.76333636363637, -12.097783454545457 ], [ -64.738622363636367, -12.150073454545456 ], [ -64.617653363636364, -12.210976454545456 ], [ -64.516538363636371, -12.242224454545457 ], [ -64.496945363636371, -12.366253454545458 ], [ -64.421399363636368, -12.441106454545459 ], [ -64.399448363636367, -12.458089454545458 ], [ -64.37306036363637, -12.468340454545459 ], [ -64.293302363636371, -12.482074454545458 ], [ -64.238888363636363, -12.479167454545458 ], [ -64.176392363636367, -12.485557454545457 ], [ -64.03952036363637, -12.517993454545458 ], [ -64.020008363636364, -12.537082454545455 ], [ -63.927965363636361, -12.547270454545458 ], [ -63.898607363636373, -12.528613454545457 ], [ -63.870563363636364, -12.493891454545459 ], [ -63.832502363636365, -12.474163454545458 ], [ -63.797501363636371, -12.459997454545459 ], [ -63.671951363636367, -12.470554454545457 ], [ -63.471395363636361, -12.570418454545457 ], [ -63.464366363636373, -12.595915454545455 ], [ -63.41555036363637, -12.653893454545457 ], [ -63.394616363636359, -12.668365454545459 ], [ -63.324875363636366, -12.704212454545456 ], [ -63.247088363636365, -12.705832454545458 ], [ -63.216119363636366, -12.680902454545457 ], [ -63.163334363636366, -12.648889454545458 ], [ -63.133346363636363, -12.635884454545458 ], [ -63.067097363636364, -12.659869454545458 ], [ -63.062300363636368, -12.697894454545455 ], [ -63.049169363636366, -12.747502454545458 ], [ -62.994170363636371, -12.839338454545459 ], [ -62.97376736363637, -12.852901454545457 ], [ -62.896664363636361, -12.900277454545456 ], [ -62.843843363636367, -12.942334454545456 ], [ -62.769728363636361, -13.005838454545458 ], [ -62.688251363636368, -12.968596454545455 ], [ -62.645861363636371, -13.007359454545458 ], [ -62.645483363636359, -13.032361454545455 ], [ -62.419214363636371, -13.132522454545455 ], [ -62.384726363636361, -13.145833454545457 ], [ -62.33083436363637, -13.147777454545459 ], [ -62.268527363636366, -13.140892454545458 ], [ -62.24458736363637, -13.126663454545458 ], [ -62.213753363636371, -13.120975454545459 ], [ -62.113673363636366, -13.153708454545455 ], [ -62.109731363636371, -13.183336454545458 ], [ -62.085557363636369, -13.271392454545456 ] ] } },
{ "type": "Feature", "properties": { "NAME": "Madre de Dios", "SYSTEM": "Amazon", "MILES": 567.87075, "KILOMETERS": 913.90121 }, "geometry": { "type": "LineString", "coordinates": [ [ -65.395847363636364, -10.393327454545457 ], [ -65.452790363636367, -10.401112454545459 ], [ -65.461943363636365, -10.406107454545456 ], [ -65.483606363636369, -10.426105454545457 ], [ -65.501678363636373, -10.450558454545458 ], [ -65.510840363636362, -10.469161454545457 ], [ -65.522783363636364, -10.485280454545457 ], [ -65.535284363636364, -10.493605454545456 ], [ -65.658332363636362, -10.567504454545457 ], [ -65.759168363636363, -10.684162454545458 ], [ -65.770571363636364, -10.694449454545456 ], [ -65.878346363636368, -10.784728454545458 ], [ -65.938898363636369, -10.803610454545456 ], [ -66.00250136363637, -10.790002454545458 ], [ -66.01583936363636, -10.790839454545456 ], [ -66.020843363636359, -10.792783454545457 ], [ -66.030563363636361, -10.796941454545458 ], [ -66.043946363636366, -10.807012454545458 ], [ -66.047501363636371, -10.881667454545457 ], [ -66.079451363636366, -10.967500454545458 ], [ -66.087236363636364, -10.973611454545456 ], [ -66.097784363636364, -10.977220454545456 ], [ -66.111950363636367, -10.977220454545456 ], [ -66.123902363636361, -10.974160454545459 ], [ -66.138338363636365, -10.988605454545457 ], [ -66.14445836363636, -10.997227454545456 ], [ -66.162512363636367, -11.107504454545456 ], [ -66.270845363636369, -11.259730454545458 ], [ -66.27944936363636, -11.279161454545456 ], [ -66.275012363636364, -11.289718454545458 ], [ -66.268343363636362, -11.296666454545456 ], [ -66.241676363636373, -11.312227454545457 ], [ -66.234458363636364, -11.318887454545457 ], [ -66.236393363636367, -11.328886454545458 ], [ -66.245006363636364, -11.333332454545456 ], [ -66.321947363636369, -11.355553454545458 ], [ -66.400013363636361, -11.389726454545457 ], [ -66.425843363636361, -11.405557454545455 ], [ -66.45305936363637, -11.423611454545458 ], [ -66.460556363636371, -11.430838454545459 ], [ -66.597500363636371, -11.428057454545456 ], [ -66.617237363636363, -11.430001454545458 ], [ -66.67279436363637, -11.439730454545458 ], [ -66.682784363636372, -11.443339454545455 ], [ -66.692513363636365, -11.453338454545456 ], [ -66.700559363636373, -11.474731454545456 ], [ -66.723887363636365, -11.571949454545457 ], [ -66.714734363636367, -11.641393454545458 ], [ -66.76501736363636, -11.683891454545456 ], [ -66.809441363636367, -11.694727454545458 ], [ -66.895841363636364, -11.724445454545457 ], [ -66.90639836363637, -11.729998454545456 ], [ -66.913895363636371, -11.748889454545456 ], [ -66.930554363636361, -11.906659454545458 ], [ -66.899738363636359, -11.959444454545459 ], [ -66.896120363636371, -11.970001454545457 ], [ -66.869174363636361, -12.051388454545457 ], [ -66.866672363636368, -12.061945454545459 ], [ -66.869174363636361, -12.083050454545457 ], [ -66.886130363636369, -12.224998454545457 ], [ -66.888335363636372, -12.235834454545458 ], [ -66.920294363636373, -12.311947454545457 ], [ -66.944450363636363, -12.398608454545457 ], [ -66.945557363636368, -12.408886454545456 ], [ -66.934172363636364, -12.463606454545456 ], [ -66.953333363636361, -12.554731454545458 ], [ -66.96670736363636, -12.581542454545456 ], [ -66.939185363636369, -12.623338454545458 ], [ -66.936674363636371, -12.633886454545458 ], [ -66.96138836363636, -12.734164454545457 ], [ -67.025846363636362, -12.955834454545457 ], [ -67.046105363636372, -13.021660454545458 ], [ -67.054457363636359, -13.035556454545457 ], [ -67.064996363636368, -13.033054454545457 ], [ -67.07223236363636, -13.023055454545457 ], [ -67.083068363636372, -13.014442454545456 ], [ -67.092788363636359, -13.011112454545458 ], [ -67.104443363636364, -13.017502454545458 ], [ -67.174454363636372, -13.118338454545459 ], [ -67.200833363636363, -13.168054454545459 ], [ -67.206395363636361, -13.178053454545456 ], [ -67.21583636363637, -13.184443454545455 ], [ -67.226672363636368, -13.186675454545458 ], [ -67.240280363636373, -13.192219454545459 ], [ -67.335284363636362, -13.298338454545458 ], [ -67.392497363636366, -13.384729454545457 ], [ -67.400849363636368, -13.406392454545458 ], [ -67.402784363636371, -13.417228454545459 ], [ -67.402505363636365, -13.426948454545457 ], [ -67.384172363636367, -13.523338454545456 ], [ -67.380005363636371, -13.536109454545457 ], [ -67.369736363636363, -13.541941454545459 ], [ -67.359170363636366, -13.543336454545457 ], [ -67.344455363636371, -13.549996454545457 ], [ -67.349162363636367, -13.569724454545458 ], [ -67.433627363636361, -13.685284454545457 ], [ -67.44416636363637, -13.695004454545458 ], [ -67.465280363636367, -13.697497454545456 ], [ -67.473614363636372, -13.707226454545456 ], [ -67.477781363636367, -13.716667454545458 ], [ -67.49890436363637, -13.775554454545457 ], [ -67.538891363636367, -14.007223454545457 ], [ -67.533617363636367, -14.113333454545458 ], [ -67.524734363636369, -14.199166454545455 ], [ -67.521665363636359, -14.210839454545457 ], [ -67.561112363636369, -14.307220454545458 ], [ -67.534724363636371, -14.468050454545455 ], [ -67.539467363636362, -14.563612454545456 ], [ -67.618055363636373, -14.768056454545459 ], [ -67.62889136363637, -14.790277454545457 ], [ -67.680551363636368, -14.875003454545457 ], [ -67.758050363636372, -14.982499454545458 ], [ -67.765016363636363, -14.993335454545456 ], [ -67.765016363636363, -15.002785454545457 ], [ -67.708073363636359, -15.084721454545456 ], [ -67.683989363636371, -15.118723454545457 ], [ -67.700009363636369, -15.133339454545457 ], [ -67.701953363636363, -15.144166454545456 ], [ -67.706120363636373, -15.261661454545457 ], [ -67.705004363636363, -15.281659454545458 ], [ -67.701404363636371, -15.292225454545456 ], [ -67.676114363636373, -15.338890454545457 ], [ -67.654442363636363, -15.361948454545455 ], [ -67.628063363636372, -15.392224454545456 ], [ -67.632239363636373, -15.403609454545457 ], [ -67.640834363636372, -15.414166454545455 ], [ -67.651130363636369, -15.419728454545456 ], [ -67.714175363636372, -15.452497454545458 ], [ -67.737503363636364, -15.463054454545457 ], [ -67.836674363636362, -15.488335454545457 ], [ -67.848068363636372, -15.489730454545459 ], [ -67.858067363636366, -15.488056454545458 ], [ -67.903067363636367, -15.474727454545459 ], [ -67.912778363636363, -15.469444454545457 ], [ -68.020571363636364, -15.389731454545458 ], [ -68.051117363636365, -15.362497454545458 ], [ -68.059172363636364, -15.353335454545459 ], [ -68.10527936363637, -15.308056454545458 ], [ -68.126681363636365, -15.299443454545457 ], [ -68.195846363636363, -15.284998454545455 ], [ -68.216942363636363, -15.291946454545457 ], [ -68.249999363636363, -15.295285454545457 ], [ -68.368052363636366, -15.290281454545458 ], [ -68.42167436363637, -15.279166454545457 ], [ -68.441681363636363, -15.277501454545458 ], [ -68.45251736363636, -15.281659454545458 ], [ -68.472227363636364, -15.300550454545458 ], [ -68.518892363636368, -15.355279454545457 ], [ -68.561399363636369, -15.399163454545459 ], [ -68.712509363636372, -15.506389454545456 ], [ -68.785283363636367, -15.546394454545457 ], [ -68.805848363636372, -15.552226454545458 ], [ -68.838626363636365, -15.550552454545457 ], [ -68.872223363636365, -15.540283454545456 ], [ -68.987792363636359, -15.488605454545457 ], [ -68.998898363636371, -15.482503454545459 ], [ -69.020570363636367, -15.463333454545456 ], [ -69.051953363636372, -15.431392454545456 ], [ -69.059441363636367, -15.420556454545459 ] ] } },
{ "type": "Feature", "properties": { "NAME": "Amazon", "SYSTEM": "Amazon", "MILES": 1890.42772, "KILOMETERS": 3042.35459 }, "geometry": { "type": "MultiLineString", "coordinates": [ [ [ -73.507898363636372, -4.459834454545458 ], [ -73.45141436363636, -4.427785454545457 ], [ -73.456679363636368, -4.30610545454546 ], [ -73.364456363636364, -4.217779454545457 ], [ -73.371674363636359, -4.100284454545459 ], [ -73.216964363636365, -4.140001454545455 ], [ -73.155854363636365, -4.039444454545453 ], [ -73.22640536363636, -3.927502454545454 ], [ -73.175294363636368, -3.807784454545455 ], [ -73.238618363636363, -3.764728454545455 ], [ -73.235567363636363, -3.688057454545458 ], [ -73.115300363636365, -3.593053454545455 ], [ -73.074935363636371, -3.550591454545454 ], [ -72.999452363636365, -3.512197454545458 ], [ -72.911162363636365, -3.496843454545456 ], [ -72.85231136363636, -3.49045345454546 ], [ -72.808805363636367, -3.473821454545458 ], [ -72.794729363636364, -3.431593454545457 ], [ -72.76509236363637, -3.431593454545457 ], [ -72.74328536363636, -3.442447454545459 ], [ -72.60066236363636, -3.473002454545458 ], [ -72.512372363636359, -3.486583454545453 ], [ -72.46824536363637, -3.503566454545457 ], [ -72.447860363636366, -3.523933454545457 ], [ -72.42410036363637, -3.527326454545459 ], [ -72.37995536363637, -3.530728454545454 ], [ -72.288272363636366, -3.537514454545459 ], [ -72.240734363636363, -3.534121454545456 ], [ -72.216965363636362, -3.527326454545459 ], [ -72.091334363636363, -3.479788454545456 ], [ -72.040412363636364, -3.459421454545456 ], [ -71.952122363636363, -3.411883454545453 ], [ -71.907968363636371, -3.381319454545455 ], [ -71.887601363636364, -3.364345454545457 ], [ -71.863823363636371, -3.350764454545455 ], [ -71.833259363636373, -3.347362454545454 ], [ -71.812901363636371, -3.350764454545455 ], [ -71.775542363636362, -3.374524454545458 ], [ -71.76196136363636, -3.391507454545454 ], [ -71.73479936363637, -3.466207454545454 ], [ -71.73479936363637, -3.493369454545459 ], [ -71.741594363636366, -3.513745454545457 ], [ -71.744978363636363, -3.534121454545456 ], [ -71.748380363636372, -3.591847454545459 ], [ -71.748380363636372, -3.619009454545456 ], [ -71.741594363636366, -3.642778454545457 ], [ -71.711030363636368, -3.70050445454546 ], [ -71.694065363636369, -3.714085454545454 ], [ -71.619356363636371, -3.751435454545458 ], [ -71.58539936363637, -3.76501645454546 ], [ -71.565014363636365, -3.778597454545455 ], [ -71.548049363636366, -3.792178454545457 ], [ -71.537852363636361, -3.822742454545455 ], [ -71.469956363636371, -3.856699454545456 ], [ -71.446178363636363, -3.86349445454546 ], [ -71.419016363636359, -3.86349445454546 ], [ -71.38166636363637, -3.856699454545456 ], [ -71.330735363636364, -3.853297454545455 ], [ -71.252633363636363, -3.860092454545459 ], [ -71.225462363636368, -3.870280454545458 ], [ -71.20509536363636, -3.907630454545455 ], [ -71.201711363636363, -3.931399454545456 ], [ -71.181317363636367, -3.965356454545457 ], [ -71.167736363636365, -3.975544454545457 ], [ -71.147369363636372, -3.985723454545457 ], [ -71.110019363636368, -3.999313454545458 ], [ -71.059079363636371, -4.006099454545456 ], [ -71.035328363636367, -4.002706454545454 ], [ -71.008148363636366, -3.995920454545455 ], [ -70.902893363636366, -3.965356454545457 ], [ -70.831595363636367, -3.941587454545456 ], [ -70.811219363636368, -3.924613454545458 ], [ -70.777253363636362, -3.904237454545459 ], [ -70.73651036363637, -3.887254454545456 ], [ -70.70256236363636, -3.877075454545455 ], [ -70.607477363636363, -3.856699454545456 ], [ -70.549724363636372, -3.853333454545457 ], [ -70.544576363636367, -3.853162454545455 ], [ -70.528034363636365, -3.859336454545456 ], [ -70.500800363636372, -3.859336454545456 ], [ -70.479443363636364, -3.850003454545458 ], [ -70.423868363636359, -3.816136454545457 ], [ -70.406534363636368, -3.802501454545457 ], [ -70.362227363636364, -3.787813454545457 ], [ -70.341671363636365, -3.790000454545456 ], [ -70.323059363636361, -3.79916245454546 ], [ -70.234436363636362, -3.87127045454546 ], [ -70.181858363636366, -3.937456454545455 ], [ -70.162634363636371, -3.974896454545458 ], [ -70.144292363636367, -4.031866454545458 ], [ -70.136084363636371, -4.050901454545453 ], [ -70.123070363636373, -4.072357454545454 ], [ -70.040846363636362, -4.140550454545455 ], [ -69.988556363636363, -4.176082454545458 ], [ -69.956678363636371, -4.20944545454546 ], [ -69.95693036363636, -4.236868454545458 ], [ -69.950288363636361, -4.26250045454546 ], [ -69.960629363636372, -4.283272454545454 ], [ -69.972131363636365, -4.30101145454546 ], [ -69.93176636363637, -4.325284454545454 ], [ -69.884228363636367, -4.349053454545455 ], [ -69.850262363636361, -4.362634454545457 ], [ -69.795947363636373, -4.372822454545457 ], [ -69.73822136363637, -4.376215454545459 ], [ -69.680504363636359, -4.36602745454546 ], [ -69.622769363636365, -4.349053454545455 ], [ -69.578624363636365, -4.328677454545456 ], [ -69.541274363636361, -4.304908454545455 ], [ -69.493745363636364, -4.267567454545457 ], [ -69.412241363636369, -4.192858454545458 ], [ -69.402053363636369, -4.169089454545457 ], [ -69.402053363636369, -4.155508454545455 ], [ -69.419036363636366, -4.138525454545459 ], [ -69.442805363636367, -4.131739454545453 ], [ -69.49034336363637, -4.131739454545453 ], [ -69.503915363636366, -4.118158454545458 ], [ -69.507326363636366, -4.101184454545454 ], [ -69.493745363636364, -4.070620454545455 ], [ -69.476762363636368, -4.046842454545455 ], [ -69.452993363636367, -4.036663454545454 ], [ -69.412241363636369, -3.985723454545457 ], [ -69.395267363636364, -3.951775454545455 ], [ -69.395267363636364, -3.907630454545455 ], [ -69.398660363636367, -3.877075454545455 ], [ -69.419036363636366, -3.754828454545454 ], [ -69.425831363636362, -3.737854454545456 ], [ -69.425831363636362, -3.707290454545458 ], [ -69.402053363636369, -3.64617145454546 ], [ -69.354524363636372, -3.547702454545458 ], [ -69.334157363636365, -3.510352454545455 ], [ -69.320576363636363, -3.500164454545455 ], [ -69.038741363636362, -3.428866454545457 ], [ -69.011561363636361, -3.425464454545455 ], [ -68.92668236363636, -3.425464454545455 ], [ -68.828222363636371, -3.428866454545457 ], [ -68.756897363636369, -3.415276454545456 ], [ -68.695778363636364, -3.398302454545458 ], [ -68.590514363636359, -3.377926454545459 ], [ -68.386790363636365, -3.360943454545456 ], [ -68.267945363636372, -3.340576454545456 ], [ -68.108357363636372, -3.337183454545453 ], [ -68.06760536363636, -3.337183454545453 ], [ -68.030255363636371, -3.340576454545456 ], [ -68.009888363636364, -3.350764454545455 ], [ -67.986119363636362, -3.354157454545458 ], [ -67.965743363636363, -3.350764454545455 ], [ -67.952162363636361, -3.343969454545459 ], [ -67.92839336363636, -3.306619454545455 ], [ -67.918196363636369, -3.248902454545458 ], [ -67.921598363636363, -3.208141454545455 ], [ -67.938581363636359, -3.122677454545453 ], [ -67.938581363636359, -3.096091454545459 ], [ -67.908017363636361, -3.014596454545455 ], [ -67.887641363636362, -2.963674454545455 ], [ -67.874051363636369, -2.943298454545456 ], [ -67.850300363636364, -2.919529454545454 ], [ -67.772198363636363, -2.841427454545453 ], [ -67.728053363636363, -2.807470454545459 ], [ -67.683917363636368, -2.787103454545459 ], [ -67.64994236363637, -2.77691545454546 ], [ -67.534499363636371, -2.759932454545456 ], [ -67.473389363636372, -2.742967454545457 ], [ -67.453022363636364, -2.729377454545457 ], [ -67.439432363636371, -2.712403454545459 ], [ -67.398680363636359, -2.644489454545457 ], [ -67.351151363636362, -2.57318245454546 ], [ -67.33757036363636, -2.566387454545456 ], [ -67.313801363636372, -2.562994454545453 ], [ -67.290023363636365, -2.569780454545459 ], [ -67.273058363636366, -2.579968454545458 ], [ -67.259459363636367, -2.600344454545457 ], [ -67.245878363636365, -2.630908454545455 ], [ -67.225511363636372, -2.651284454545454 ], [ -67.201733363636365, -2.661463454545455 ], [ -67.171187363636363, -2.658070454545459 ], [ -67.13383736363636, -2.641087454545456 ], [ -67.113461363636361, -2.641087454545456 ], [ -67.096478363636365, -2.644489454545457 ], [ -67.082897363636363, -2.651284454545454 ], [ -67.069316363636361, -2.664865454545456 ], [ -67.06253036363637, -2.685232454545456 ], [ -67.031966363636371, -2.725984454545454 ], [ -67.008188363636364, -2.742967454545457 ], [ -66.987830363636363, -2.746351454545454 ], [ -66.970838363636361, -2.746351454545454 ], [ -66.953873363636362, -2.739565454545456 ], [ -66.947078363636365, -2.736163454545455 ], [ -66.93010436363636, -2.72258245454546 ], [ -66.909728363636361, -2.695420454545456 ], [ -66.885950363636368, -2.688625454545459 ], [ -66.868976363636364, -2.688625454545459 ], [ -66.835019363636363, -2.695420454545456 ], [ -66.818036363636367, -2.705608454545455 ], [ -66.76031936363637, -2.715796454545455 ], [ -66.736550363636368, -2.715796454545455 ], [ -66.699200363636365, -2.709001454545458 ], [ -66.682217363636369, -2.705608454545455 ], [ -66.66184136363637, -2.698822454545457 ], [ -66.624500363636372, -2.671651454545454 ], [ -66.600740363636362, -2.627506454545454 ], [ -66.597338363636368, -2.610532454545456 ], [ -66.597338363636368, -2.593558454545459 ], [ -66.604124363636359, -2.546020454545456 ], [ -66.607526363636367, -2.532439454545454 ], [ -66.607526363636367, -2.501875454545456 ], [ -66.600740363636362, -2.461123454545458 ], [ -66.593936363636359, -2.447542454545456 ], [ -66.583757363636366, -2.433961454545454 ], [ -66.556595363636362, -2.416987454545456 ], [ -66.478484363636369, -2.423773454545454 ], [ -66.420767363636372, -2.440756454545458 ], [ -66.413972363636361, -2.45433745454546 ], [ -66.403793363636368, -2.49848245454546 ], [ -66.400391363636359, -2.522242454545456 ], [ -66.386810363636371, -2.549413454545459 ], [ -66.369827363636361, -2.559601454545458 ], [ -66.33928136363636, -2.57318245454546 ], [ -66.318905363636361, -2.57318245454546 ], [ -66.291734363636365, -2.569780454545459 ], [ -66.267965363636364, -2.552806454545454 ], [ -66.247589363636365, -2.52903745454546 ], [ -66.234008363636363, -2.495080454545459 ], [ -66.193265363636371, -2.427175454545456 ], [ -66.176282363636361, -2.413594454545454 ], [ -66.159317363636362, -2.413594454545454 ], [ -66.138923363636366, -2.420380454545459 ], [ -66.118565363636364, -2.433961454545454 ], [ -66.111770363636367, -2.457739454545454 ], [ -66.088001363636366, -2.478106454545454 ], [ -66.067625363636367, -2.488294454545454 ], [ -66.050660363636368, -2.488294454545454 ], [ -65.975951363636369, -2.464525454545459 ], [ -65.863892363636367, -2.49848245454546 ], [ -65.829935363636366, -2.512063454545455 ], [ -65.81636336363637, -2.522242454545456 ], [ -65.795987363636371, -2.546020454545456 ], [ -65.765423363636373, -2.579968454545458 ], [ -65.721278363636372, -2.613925454545459 ], [ -65.700911363636365, -2.620720454545456 ], [ -65.66355236363637, -2.620720454545456 ], [ -65.602442363636371, -2.603746454545458 ], [ -65.54472536363636, -2.603746454545458 ], [ -65.520956363636373, -2.613925454545459 ], [ -65.503964363636371, -2.624122454545457 ], [ -65.459126363636372, -2.661373454545455 ], [ -65.422469363636367, -2.695420454545456 ], [ -65.37494036363637, -2.725984454545454 ], [ -65.347778363636365, -2.739565454545456 ], [ -65.330795363636369, -2.742967454545457 ], [ -65.262881363636367, -2.742967454545457 ], [ -65.235719363636363, -2.756548454545459 ], [ -65.208557363636359, -2.790496454545455 ], [ -65.177993363636361, -2.855008454545455 ], [ -65.147429363636363, -2.892367454545457 ], [ -65.059157363636359, -2.990836454545459 ], [ -65.045567363636366, -3.004417454545454 ], [ -65.001440363636362, -3.041767454545457 ], [ -64.970876363636364, -3.058741454545455 ], [ -64.940312363636366, -3.072331454545456 ], [ -64.899560363636368, -3.09949345454546 ], [ -64.831646363636366, -3.150424454545458 ], [ -64.784729363636359, -3.205180454545456 ], [ -64.760348363636368, -3.225124454545458 ], [ -64.699220363636371, -3.282850454545454 ], [ -64.66526336363637, -3.316807454545454 ], [ -64.62452936363637, -3.343969454545459 ], [ -64.55321336363636, -3.381319454545455 ], [ -64.49888036363636, -3.425464454545455 ], [ -64.471727363636361, -3.459421454545456 ], [ -64.454744363636365, -3.486583454545453 ], [ -64.437761363636369, -3.520540454545454 ], [ -64.397018363636363, -3.564685454545454 ], [ -64.369856363636359, -3.57147145454546 ], [ -64.332497363636364, -3.588445454545457 ], [ -64.301933363636365, -3.605428454545454 ], [ -64.244216363636369, -3.656359454545459 ], [ -64.162721363636365, -3.703897454545455 ], [ -64.084628363636369, -3.727666454545457 ], [ -64.006526363636368, -3.754828454545454 ], [ -63.982757363636367, -3.771811454545457 ], [ -63.958988363636365, -3.792178454545457 ], [ -63.948800363636366, -3.805759454545459 ], [ -63.92504036363637, -3.809161454545453 ], [ -63.806195363636363, -3.832930454545455 ], [ -63.75865736363636, -3.846511454545457 ], [ -63.728102363636367, -3.860092454545459 ], [ -63.711110363636365, -3.873673454545454 ], [ -63.690743363636372, -3.877075454545455 ], [ -63.656777363636365, -3.877075454545455 ], [ -63.629624363636367, -3.866878454545457 ], [ -63.595667363636366, -3.849913454545458 ], [ -63.558317363636363, -3.843118454545454 ], [ -63.507377363636365, -3.846511454545457 ], [ -63.466634363636359, -3.86349445454546 ], [ -63.357977363636365, -3.904237454545459 ], [ -63.283277363636373, -3.928006454545454 ], [ -63.222158363636368, -3.941587454545456 ], [ -63.18140636363637, -3.944980454545458 ], [ -63.167825363636368, -3.951775454545455 ], [ -63.161039363636363, -3.958561454545453 ], [ -63.157637363636368, -3.968758454545458 ], [ -63.161039363636363, -4.006099454545456 ], [ -63.154244363636366, -4.029868454545458 ], [ -63.148331363636359, -4.040839454545456 ], [ -63.133868363636367, -4.057039454545453 ], [ -63.10331336363636, -4.067218454545454 ], [ -63.059159363636368, -4.067218454545454 ], [ -63.038801363636367, -4.057039454545453 ], [ -62.967494363636362, -4.009501454545457 ], [ -62.892785363636364, -3.958561454545453 ], [ -62.78412836363637, -3.900835454545458 ], [ -62.750171363636369, -3.883861454545453 ], [ -62.726402363636367, -3.877075454545455 ], [ -62.638121363636373, -3.883861454545453 ], [ -62.593985363636364, -3.880459454545459 ], [ -62.543045363636367, -3.866878454545457 ], [ -62.515883363636362, -3.856699454545456 ], [ -62.468345363636359, -3.829537454545459 ], [ -62.437781363636361, -3.809161454545453 ], [ -62.420807363636371, -3.771811454545457 ], [ -62.417405363636362, -3.74464945454546 ], [ -62.346107363636364, -3.710692454545459 ], [ -62.227253363636365, -3.785392454545459 ], [ -62.12878436363637, -3.829537454545459 ], [ -62.050691363636361, -3.866878454545457 ], [ -61.999751363636364, -3.900835454545458 ], [ -61.962410363636366, -3.928006454545454 ], [ -61.938632363636373, -3.941587454545456 ], [ -61.911470363636369, -3.94838245454546 ], [ -61.85714636363636, -3.94838245454546 ], [ -61.826582363636362, -3.93819445454546 ], [ -61.670387363636365, -3.873673454545454 ], [ -61.646618363636364, -3.856699454545456 ], [ -61.595687363636372, -3.781999454545456 ], [ -61.517585363636371, -3.693709454545456 ], [ -61.488848363636365, -3.672154454545456 ], [ -61.476842363636365, -3.663154454545456 ], [ -61.412330363636372, -3.622411454545457 ], [ -61.391954363636373, -3.612214454545459 ], [ -61.347818363636364, -3.605428454545454 ], [ -61.154264363636372, -3.595240454545454 ], [ -61.096547363636361, -3.595240454545454 ], [ -61.072769363636368, -3.598633454545457 ], [ -60.987881363636362, -3.61561645454546 ], [ -60.896198363636373, -3.602026454545459 ], [ -60.879224363636368, -3.591847454545459 ], [ -60.858857363636361, -3.574864454545455 ], [ -60.801140363636364, -3.510352454545455 ], [ -60.787541363636365, -3.493369454545459 ], [ -60.74340536363637, -3.418669454545459 ], [ -60.723029363636371, -3.38810545454546 ], [ -60.689081363636362, -3.347362454545454 ], [ -60.641534363636367, -3.326986454545455 ], [ -60.424229363636371, -3.313405454545453 ], [ -60.32914436363636, -3.29303845454546 ], [ -60.281606363636371, -3.299824454545458 ], [ -60.251051363636364, -3.306619454545455 ], [ -60.227282363636363, -3.320200454545457 ], [ -60.179735363636368, -3.330388454545457 ], [ -60.162761363636363, -3.330388454545457 ], [ -60.091463363636365, -3.310021454545456 ], [ -59.972618363636371, -3.262483454545453 ], [ -59.938661363636371, -3.242098454545456 ], [ -59.90470436363637, -3.214936454545459 ], [ -59.89451636363637, -3.191176454545456 ], [ -59.89451636363637, -3.17419345454546 ], [ -59.911490363636361, -3.150424454545458 ], [ -59.900744363636363, -3.131848454545455 ], [ -59.87474336363637, -3.10585645454546 ], [ -59.83720436363636, -3.091411454545458 ], [ -59.747654363636371, -3.065410454545457 ], [ -59.721653363636364, -3.065410454545457 ], [ -59.67832736363637, -3.071188454545457 ], [ -59.635001363636363, -3.085633454545459 ], [ -59.597453363636362, -3.111625454545454 ], [ -59.565683363636367, -3.128959454545459 ], [ -59.496356363636366, -3.128959454545459 ], [ -59.406806363636363, -3.157849454545456 ], [ -59.351924363636371, -3.180952454545455 ], [ -59.334590363636366, -3.198277454545455 ], [ -59.273939363636359, -3.218509454545455 ], [ -59.161277363636358, -3.24739045454546 ], [ -59.094848363636359, -3.250279454545456 ], [ -59.065967363636361, -3.238723454545458 ], [ -59.028410363636368, -3.232945454545458 ], [ -58.996640363636359, -3.241621454545459 ], [ -58.96775036363637, -3.256057454545456 ], [ -58.909979363636367, -3.302272454545459 ], [ -58.840652363636366, -3.34559845454546 ], [ -58.745324363636371, -3.342709454545457 ], [ -58.714058363636369, -3.337030454545456 ], [ -58.624022363636371, -3.302272454545459 ], [ -58.592234363636365, -3.270502454545458 ], [ -58.572020363636369, -3.244501454545457 ], [ -58.55469536363637, -3.209833454545453 ], [ -58.531583363636372, -3.186730454545454 ], [ -58.50847136363636, -3.16650745454546 ], [ -58.47958136363637, -3.157849454545456 ], [ -58.462256363636371, -3.157849454545456 ], [ -58.433375363636372, -3.172294454545458 ], [ -58.303379363636367, -3.206953454545456 ], [ -58.239839363636364, -3.20406445454546 ], [ -58.216727363636366, -3.195397454545457 ], [ -58.199393363636361, -3.180952454545455 ], [ -58.184957363636371, -3.160738454545459 ], [ -58.170512363636362, -3.12318145454546 ], [ -58.167623363636366, -3.071188454545457 ], [ -58.14452036363636, -2.955646454545459 ], [ -58.11563036363637, -2.889208454545454 ], [ -58.098296363636365, -2.866096454545456 ], [ -58.052081363636361, -2.837215454545458 ], [ -57.994310363636359, -2.817001454545455 ], [ -57.88454636363636, -2.782333454545459 ], [ -57.858554363636372, -2.782333454545459 ], [ -57.789227363636371, -2.744785454545458 ], [ -57.705464363636366, -2.666791454545454 ], [ -57.66790736363636, -2.623465454545453 ], [ -57.61880336363636, -2.551258454545454 ], [ -57.561023363636366, -2.424151454545459 ], [ -57.529253363636371, -2.40104845454546 ], [ -57.497483363636363, -2.389492454545454 ], [ -57.45703736363636, -2.389492454545454 ], [ -57.422378363636369, -2.395270454545454 ], [ -57.39060836363636, -2.412604454545459 ], [ -57.361718363636371, -2.435707454545458 ], [ -57.321281363636359, -2.490589454545457 ], [ -57.220184363636363, -2.562805454545455 ], [ -57.191303363636365, -2.568583454545454 ], [ -57.159524363636365, -2.568583454545454 ], [ -57.06419636363637, -2.528146454545457 ], [ -57.041660363636367, -2.515249454545454 ], [ -56.993051363636368, -2.519722454545459 ], [ -56.936675363636368, -2.538613454545455 ], [ -56.900279363636372, -2.556667454545455 ], [ -56.777780363636367, -2.589445454545455 ], [ -56.731673363636361, -2.59000345454546 ], [ -56.701667363636361, -2.584999454545454 ], [ -56.663606363636362, -2.573335454545457 ], [ -56.575838363636365, -2.535553454545457 ], [ -56.493335363636362, -2.473336454545453 ], [ -56.467505363636363, -2.444167454545457 ], [ -56.448614363636366, -2.402497454545454 ], [ -56.428067363636359, -2.375002454545459 ], [ -56.380565363636364, -2.334448454545459 ], [ -56.29007036363636, -2.236402454545455 ], [ -56.24096636363636, -2.198854454545454 ], [ -56.203418363636359, -2.181520454545456 ], [ -56.070542363636363, -2.051533454545456 ], [ -56.053208363636372, -2.031319454545454 ], [ -56.018549363636367, -2.00531845454546 ], [ -55.969445363636368, -1.993762454545454 ], [ -55.874117363636358, -1.993762454545454 ], [ -55.787465363636372, -1.985104454545457 ], [ -55.726805363636359, -1.964881454545456 ], [ -55.695026363636359, -1.947547454545457 ], [ -55.671914363636361, -1.927324454545456 ], [ -55.640153363636372, -1.90711045454546 ], [ -55.614152363636364, -1.904221454545457 ], [ -55.576604363636363, -1.909999454545456 ], [ -55.541936363636367, -1.921555454545455 ], [ -55.521722363636371, -1.938880454545455 ], [ -55.440848363636363, -1.987993454545453 ], [ -55.391726363636366, -2.008207454545456 ], [ -55.377290363636362, -2.042875454545459 ], [ -55.293527363636372, -2.126638454545457 ], [ -55.253081363636369, -2.141083454545459 ], [ -55.203977363636369, -2.152639454545458 ], [ -55.157762363636365, -2.161297454545455 ], [ -55.073999363636361, -2.164186454545458 ], [ -55.016228363636372, -2.14685245454546 ], [ -54.918020363636359, -2.080414454545455 ], [ -54.863129363636361, -2.071756454545458 ], [ -54.741818363636369, -2.143963454545457 ], [ -54.643601363636364, -2.242180454545455 ], [ -54.640721363636359, -2.35772245454546 ], [ -54.60575636363636, -2.430163454545458 ], [ -54.56560736363636, -2.461708454545459 ], [ -54.447185363636365, -2.458819454545456 ], [ -54.28253936363636, -2.432818454545455 ], [ -54.244991363636359, -2.424151454545459 ], [ -54.210314363636371, -2.409715454545456 ], [ -54.115004363636359, -2.366380454545457 ], [ -54.094781363636372, -2.351944454545453 ], [ -54.080336363636363, -2.334610454545455 ], [ -54.06878936363637, -2.299942454545459 ], [ -54.054335363636369, -2.242180454545455 ], [ -54.04277936363637, -2.167075454545454 ], [ -54.034121363636359, -2.135296454545454 ], [ -54.019676363636364, -2.100637454545456 ], [ -53.982128363636363, -2.054431454545458 ], [ -53.912801363636362, -1.996651454545457 ], [ -53.80881536363637, -1.930222454545458 ], [ -53.736599363636358, -1.895554454545454 ], [ -53.560397363636369, -1.86378445454546 ], [ -53.323535363636367, -1.808902454545454 ], [ -53.231096363636368, -1.791559454545457 ], [ -53.135777363636365, -1.774234454545457 ], [ -53.037569363636365, -1.736677454545458 ], [ -52.948028363636368, -1.664470454545459 ], [ -52.910471363636361, -1.626922454545458 ] ], [ [ -52.910471363636361, -1.626922454545458 ], [ -52.832495363636369, -1.595143454545457 ], [ -52.742945363636366, -1.592254454545454 ], [ -52.708394363636359, -1.58362345454546 ] ] ] } },
{ "type": "Feature", "properties": { "NAME": "Madeira", "SYSTEM": "Amazon", "MILES": 840.96934, "KILOMETERS": 1353.41167 }, "geometry": { "type": "LineString", "coordinates": [ [ -65.395847363636364, -10.393327454545457 ], [ -65.388899363636369, -10.372501454545457 ], [ -65.378198363636372, -10.354861454545457 ], [ -65.347931363636363, -10.325557454545457 ], [ -65.324729363636365, -10.306810454545456 ], [ -65.311526363636361, -10.288756454545457 ], [ -65.289170363636359, -10.217782454545457 ], [ -65.288621363636366, -10.195417454545456 ], [ -65.303750363636368, -10.100836454545458 ], [ -65.313065363636369, -10.075285454545458 ], [ -65.330417363636371, -10.043893454545458 ], [ -65.336456363636373, -9.947080454545457 ], [ -65.322722363636359, -9.903547454545457 ], [ -65.301806363636359, -9.842158454545459 ], [ -65.341946363636367, -9.762499454545456 ], [ -65.376956363636367, -9.703333454545458 ], [ -65.406881363636359, -9.686251454545456 ], [ -65.442008363636361, -9.679258454545458 ], [ -65.445842363636359, -9.678052454545458 ], [ -65.448623363636372, -9.675280454545458 ], [ -65.452223363636364, -9.665002454545458 ], [ -65.452790363636367, -9.658612454545455 ], [ -65.451404363636371, -9.646111454545458 ], [ -65.443070363636366, -9.633610454545458 ], [ -65.439731363636369, -9.630280454545456 ], [ -65.396117363636364, -9.610552454545456 ], [ -65.37862136363637, -9.600283454545458 ], [ -65.364725363636367, -9.579448454545457 ], [ -65.359451363636367, -9.557218454545456 ], [ -65.350280363636372, -9.538336454545458 ], [ -65.343332363636364, -9.531388454545457 ], [ -65.32778936363637, -9.525835454545458 ], [ -65.314451363636365, -9.524998454545457 ], [ -65.302508363636363, -9.527230454545457 ], [ -65.208620363636371, -9.558334454545456 ], [ -65.195012363636366, -9.566110454545456 ], [ -65.174456363636367, -9.586108454545457 ], [ -65.166122363636362, -9.591391454545455 ], [ -65.150552363636365, -9.596944454545458 ], [ -65.13806036363637, -9.598339454545457 ], [ -65.09027936363637, -9.596674454545457 ], [ -65.079182363636363, -9.593893454545459 ], [ -65.049455363636369, -9.581113454545456 ], [ -65.033066363636365, -9.578332454545457 ], [ -65.020277363636367, -9.579448454545457 ], [ -65.003348363636363, -9.583606454545457 ], [ -64.965278363636372, -9.601390454545456 ], [ -64.952516363636363, -9.602785454545458 ], [ -64.939457363636365, -9.601948454545457 ], [ -64.929737363636363, -9.597781454545459 ], [ -64.842230363636361, -9.545284454545456 ], [ -64.833617363636364, -9.539722454545458 ], [ -64.823339363636364, -9.529165454545456 ], [ -64.818614363636371, -9.520282454545455 ], [ -64.814996363636368, -9.509725454545457 ], [ -64.813619363636363, -9.490285454545457 ], [ -64.819451363636361, -9.461386454545458 ], [ -64.835552363636367, -9.407503454545456 ], [ -64.835552363636367, -9.388054454545458 ], [ -64.83278036363636, -9.383887454545455 ], [ -64.81807436363637, -9.377497454545455 ], [ -64.804736363636366, -9.378334454545456 ], [ -64.781399363636368, -9.382780454545458 ], [ -64.761131363636366, -9.381943454545457 ], [ -64.750835363636369, -9.378613454545455 ], [ -64.738343363636361, -9.370279454545457 ], [ -64.72557236363636, -9.354997454545458 ], [ -64.712783363636362, -9.322228454545456 ], [ -64.707779363636362, -9.313336454545457 ], [ -64.698059363636361, -9.301942454545458 ], [ -64.681949363636363, -9.290278454545458 ], [ -64.648343363636371, -9.274726454545458 ], [ -64.623332363636365, -9.258058454545456 ], [ -64.620011363636365, -9.254449454545458 ], [ -64.607789363636371, -9.237781454545456 ], [ -64.601120363636369, -9.223894454545459 ], [ -64.59279536363637, -9.196948454545456 ], [ -64.587512363636364, -9.188605454545456 ], [ -64.580294363636369, -9.181666454545457 ], [ -64.530020363636368, -9.161947454545459 ], [ -64.512506363636362, -9.158338454545458 ], [ -64.506116363636366, -9.158887454545457 ], [ -64.477235363636368, -9.170281454545457 ], [ -64.464176363636369, -9.178057454545456 ], [ -64.433900363636369, -9.189442454545457 ], [ -64.410572363636362, -9.194167454545457 ], [ -64.396118363636361, -9.194725454545456 ], [ -64.38556136363637, -9.192502454545458 ], [ -64.375832363636363, -9.188335454545456 ], [ -64.363061363636362, -9.180001454545458 ], [ -64.349723363636372, -9.165277454545457 ], [ -64.327520363636367, -9.131941454545458 ], [ -64.305551363636368, -9.091666454545457 ], [ -64.282223363636362, -9.038890454545456 ], [ -64.267229363636361, -9.021394454545458 ], [ -64.242785363636372, -9.010837454545456 ], [ -64.229168363636362, -9.011386454545455 ], [ -64.219457363636366, -9.015553454545458 ], [ -64.207496363636366, -9.017497454545456 ], [ -64.194734363636371, -9.018613454545456 ], [ -64.182782363636363, -9.016390454545459 ], [ -64.168337363636368, -9.010000454545455 ], [ -64.130006363636369, -8.992504454545458 ], [ -64.088057363636366, -8.971390454545457 ], [ -64.076951363636368, -8.961661454545457 ], [ -64.068617363636363, -8.949160454545456 ], [ -64.06584536363637, -8.938054454545458 ], [ -64.071668363636363, -8.922781454545458 ], [ -64.084457363636361, -8.907778454545458 ], [ -64.088903363636362, -8.898058454545456 ], [ -64.090280363636367, -8.885557454545456 ], [ -64.088903363636362, -8.880004454545457 ], [ -64.068887363636364, -8.858332454545458 ], [ -64.057511363636365, -8.849998454545457 ], [ -64.043624363636368, -8.843050454545455 ], [ -64.00055936363637, -8.830279454545458 ], [ -63.980840363636361, -8.821666454545458 ], [ -63.924725363636369, -8.766676454545458 ], [ -63.917228363636369, -8.753338454545457 ], [ -63.914996363636362, -8.741386454545456 ], [ -63.884171363636369, -8.636113454545455 ], [ -63.858611363636371, -8.634448454545456 ], [ -63.825284363636371, -8.625835454545456 ], [ -63.815564363636369, -8.621659454545458 ], [ -63.677783363636365, -8.549722454545456 ], [ -63.571403363636364, -8.489728454545457 ], [ -63.492041363636361, -8.437861454545455 ], [ -63.458336363636363, -8.410555454545456 ], [ -63.431948363636366, -8.381107454545457 ], [ -63.38110736363636, -8.292781454545455 ], [ -63.349445363636363, -8.200279454545456 ], [ -63.339725363636362, -8.182216454545458 ], [ -63.332777363636367, -8.175277454545459 ], [ -63.317513363636365, -8.169724454545456 ], [ -63.305003363636359, -8.170840454545456 ], [ -63.297785363636365, -8.177779454545458 ], [ -63.278894363636368, -8.207227454545457 ], [ -63.271667363636368, -8.214175454545458 ], [ -63.25333436363637, -8.223607454545458 ], [ -63.242228363636372, -8.226109454545458 ], [ -63.221942363636359, -8.226667454545456 ], [ -63.200279363636369, -8.221672454545455 ], [ -63.164729363636368, -8.208055454545455 ], [ -63.083891363636369, -8.176672454545457 ], [ -63.065567363636362, -8.167501454545455 ], [ -63.019442363636372, -8.143336454545455 ], [ -63.00306236363636, -8.131942454545456 ], [ -62.936957363636367, -8.079445454545457 ], [ -62.883434363636368, -8.032753454545457 ], [ -62.875838363636362, -8.022502454545457 ], [ -62.866109363636369, -7.997500454545456 ], [ -62.856119363636367, -7.952500454545458 ], [ -62.856389363636367, -7.938613454545457 ], [ -62.861672363636359, -7.915834454545458 ], [ -62.900282363636364, -7.834717454545459 ], [ -62.930558363636365, -7.778332454545456 ], [ -62.936957363636367, -7.764166454545457 ], [ -62.937785363636365, -7.750837454545458 ], [ -62.935832363636365, -7.739164454545456 ], [ -62.93250236363636, -7.728607454545458 ], [ -62.920838363636364, -7.705837454545456 ], [ -62.918894363636369, -7.689727454545459 ], [ -62.924447363636361, -7.660279454545456 ], [ -62.938901363636361, -7.598053454545457 ], [ -62.948333363636365, -7.578892454545457 ], [ -62.966117363636371, -7.554997454545457 ], [ -62.99499836363637, -7.535278454545455 ], [ -63.009173363636364, -7.521661454545455 ], [ -63.021665363636359, -7.499449454545456 ], [ -63.024725363636364, -7.488613454545458 ], [ -63.02500436363637, -7.474726454545458 ], [ -63.023609363636368, -7.462225454545457 ], [ -63.020279363636362, -7.451947454545458 ], [ -63.011945363636372, -7.439167454545458 ], [ -62.988887363636366, -7.414165454545458 ], [ -62.969456363636368, -7.384726454545458 ], [ -62.957225363636368, -7.362496454545457 ], [ -62.942510363636359, -7.329160454545455 ], [ -62.938334363636372, -7.312501454545458 ], [ -62.93250236363636, -7.270282454545455 ], [ -62.92222436363636, -7.212223454545455 ], [ -62.918336363636371, -7.195555454545456 ], [ -62.871941363636367, -7.036660454545459 ], [ -62.856389363636367, -7.010281454545456 ], [ -62.848892363636367, -7.003891454545457 ], [ -62.837777363636363, -7.000840454545457 ], [ -62.823890363636366, -7.000840454545457 ], [ -62.776388363636372, -7.008607454545455 ], [ -62.763059363636373, -7.007500454545458 ], [ -62.730002363636359, -6.998887454545457 ], [ -62.707781363636371, -6.986107454545458 ], [ -62.700833363636363, -6.979159454545456 ], [ -62.684444363636359, -6.954166454545458 ], [ -62.673617363636367, -6.930550454545457 ], [ -62.668334363636362, -6.901390454545457 ], [ -62.669441363636366, -6.874444454545458 ], [ -62.662223363636372, -6.861106454545457 ], [ -62.645564363636367, -6.843052454545457 ], [ -62.584445363636362, -6.779449454545457 ], [ -62.568605363636365, -6.767497454545456 ], [ -62.558336363636371, -6.763888454545455 ], [ -62.532497363636367, -6.762781454545458 ], [ -62.498333363636362, -6.769999454545456 ], [ -62.46777836363637, -6.773608454545457 ], [ -62.420285363636367, -6.771664454545459 ], [ -62.40027836363636, -6.763609454545456 ], [ -62.382224363636368, -6.753889454545458 ], [ -62.365835363636364, -6.742504454545458 ], [ -62.357780363636365, -6.730003454545457 ], [ -62.353892363636362, -6.720283454545456 ], [ -62.332229363636372, -6.652216454545457 ], [ -62.330285363636364, -6.640552454545457 ], [ -62.333615363636369, -6.622498454545457 ], [ -62.339726363636359, -6.615001454545457 ], [ -62.327783363636371, -6.535279454545456 ], [ -62.301674363636366, -6.499720454545457 ], [ -62.273333363636368, -6.452497454545458 ], [ -62.26306436363636, -6.427504454545456 ], [ -62.245838363636366, -6.383053454545458 ], [ -62.239169363636364, -6.355279454545457 ], [ -62.235551363636361, -6.324715454545458 ], [ -62.234453363636362, -6.271660454545458 ], [ -62.229728363636369, -6.248053454545456 ], [ -62.22055736363636, -6.229999454545457 ], [ -62.175566363636364, -6.198337454545456 ], [ -62.166116363636363, -6.193891454545458 ], [ -62.154164363636369, -6.191659454545455 ], [ -62.142230363636372, -6.192217454545457 ], [ -62.115833363636369, -6.200002454545455 ], [ -62.07333536363636, -6.218047454545456 ], [ -62.031395363636364, -6.237496454545457 ], [ -61.950278363636372, -6.259717454545456 ], [ -61.933619363636367, -6.263605454545456 ], [ -61.920281363636363, -6.264163454545457 ], [ -61.908050363636363, -6.262498454545458 ], [ -61.857506363636361, -6.249997454545458 ], [ -61.842224363636362, -6.237496454545457 ], [ -61.83555536363636, -6.223591454545456 ], [ -61.831676363636362, -6.199948454545456 ], [ -61.831370363636367, -6.145939454545456 ], [ -61.82998436363637, -6.133420454545458 ], [ -61.825808363636369, -6.123682454545456 ], [ -61.820534363636369, -6.115339454545456 ], [ -61.813595363636367, -6.108382454545456 ], [ -61.773032363636361, -6.088114454545458 ], [ -61.744133363636365, -6.073318454545458 ], [ -61.694687363636362, -6.039406454545457 ], [ -61.677749363636366, -6.021910454545456 ], [ -61.67358236363637, -6.012190454545458 ], [ -61.670945363636363, -6.000004454545458 ], [ -61.670009363636368, -5.981941454545456 ], [ -61.676669363636364, -5.953888454545456 ], [ -61.679171363636371, -5.935285454545458 ], [ -61.676669363636364, -5.860000454545457 ], [ -61.670567363636366, -5.852215454545458 ], [ -61.661945363636363, -5.847220454545457 ], [ -61.634729363636367, -5.840551454545455 ], [ -61.610555363636365, -5.836663454545455 ], [ -61.596668363636368, -5.836393454545458 ], [ -61.57860536363637, -5.838886454545456 ], [ -61.458887363636364, -5.856391454545456 ], [ -61.327505363636362, -5.837500454545456 ], [ -61.321943363636365, -5.836105454545457 ], [ -61.30833536363636, -5.828887454545455 ], [ -61.301387363636366, -5.821948454545456 ], [ -61.296113363636366, -5.813605454545456 ], [ -61.290002363636361, -5.798890454545457 ], [ -61.281389363636364, -5.766391454545456 ], [ -61.269446363636362, -5.710285454545456 ], [ -61.257224363636368, -5.681107454545458 ], [ -61.251941363636362, -5.672503454545456 ], [ -61.245839363636364, -5.666392454545456 ], [ -61.228892363636362, -5.655556454545458 ], [ -61.083893363636363, -5.571109454545457 ], [ -61.065839363636371, -5.567779454545455 ], [ -61.060277363636359, -5.569165454545455 ], [ -60.991958363636371, -5.603887454545458 ], [ -60.980834363636362, -5.605003454545457 ], [ -60.968333363636361, -5.603338454545458 ], [ -60.948893363636373, -5.594725454545458 ], [ -60.741389363636372, -5.491666454545456 ], [ -60.730832363636367, -5.481667454545455 ], [ -60.726107363636359, -5.472784454545458 ], [ -60.723335363636366, -5.461660454545456 ], [ -60.723065363636366, -5.441392454545458 ], [ -60.730004363636368, -5.413339454545458 ], [ -60.740282363636368, -5.381947454545458 ], [ -60.740012363636367, -5.361949454545456 ], [ -60.733892363636372, -5.347216454545457 ], [ -60.71778236363636, -5.328892454545457 ], [ -60.706676363636362, -5.319163454545457 ], [ -60.692510363636359, -5.312503454545457 ], [ -60.64860836363637, -5.309731454545457 ], [ -60.621941363636367, -5.301667454545456 ], [ -60.584726363636364, -5.290003454545456 ], [ -60.564170363636364, -5.282497454545457 ], [ -60.555278363636361, -5.277502454545456 ], [ -60.52778336363636, -5.256388454545458 ], [ -60.407498363636364, -5.153887454545458 ], [ -60.374918363636368, -5.119318454545457 ], [ -60.301388363636363, -5.059999454545459 ], [ -60.275000363636366, -5.031388454545457 ], [ -60.243338363636369, -4.980277454545458 ], [ -60.220001363636371, -4.934998454545457 ], [ -60.212225363636364, -4.922497454545457 ], [ -60.202505363636362, -4.91111245454546 ], [ -60.193613363636359, -4.906108454545453 ], [ -60.18249836363637, -4.90333645454546 ], [ -60.16250936363636, -4.902220454545457 ], [ -60.128615363636371, -4.908889454545459 ], [ -60.08667536363636, -4.924729454545457 ], [ -60.081392363636368, -4.925836454545454 ], [ -60.068891363636368, -4.92416245454546 ], [ -60.058334363636362, -4.920553454545455 ], [ -60.04528436363637, -4.912777454545456 ], [ -59.940560363636365, -4.844449454545455 ], [ -59.93222636363636, -4.838608454545458 ], [ -59.923622363636369, -4.826665454545456 ], [ -59.919446363636368, -4.816945454545454 ], [ -59.918339363636363, -4.797784454545457 ], [ -59.928338363636371, -4.772503454545458 ], [ -59.93723036363636, -4.739446454545458 ], [ -59.938337363636364, -4.719448454545457 ], [ -59.93639336363637, -4.707784454545454 ], [ -59.926394363636362, -4.669714454545456 ], [ -59.915000363636366, -4.639726454545453 ], [ -59.830283363636369, -4.471111454545458 ], [ -59.819456363636363, -4.454443454545455 ], [ -59.770559363636366, -4.393612454545455 ], [ -59.755007363636366, -4.374442454545459 ], [ -59.732777363636359, -4.34861245454546 ], [ -59.725280363636372, -4.342231454545455 ], [ -59.716946363636367, -4.336390454545459 ], [ -59.706119363636361, -4.33360945454546 ], [ -59.700008363636371, -4.334167454545458 ], [ -59.680280363636371, -4.348891454545459 ], [ -59.659175363636365, -4.361941454545459 ], [ -59.622230363636362, -4.379716454545459 ], [ -59.603618363636372, -4.381390454545453 ], [ -59.580839363636372, -4.376107454545455 ], [ -59.571947363636369, -4.371112454545454 ], [ -59.565278363636367, -4.36416445454546 ], [ -59.555837363636371, -4.34611045454546 ], [ -59.54306636363637, -4.311109454545459 ], [ -59.530835363636371, -4.295836454545459 ], [ -59.513888363636369, -4.285000454545454 ], [ -59.452778363636369, -4.269160454545457 ], [ -59.399444363636363, -4.246111454545456 ], [ -59.39139836363637, -4.240279454545458 ], [ -59.38195736363636, -4.229164454545455 ], [ -59.378618363636363, -4.218607454545456 ], [ -59.364173363636368, -4.152214454545458 ], [ -59.356676363636367, -4.098889454545457 ], [ -59.338892363636361, -4.035277454545458 ], [ -59.333060363636363, -4.020553454545457 ], [ -59.325005363636365, -4.008052454545457 ], [ -59.309444363636359, -3.98916145454546 ], [ -59.281670363636366, -3.968605454545454 ], [ -59.155850363636361, -3.899737454545459 ], [ -59.109455363636371, -3.870280454545458 ], [ -59.090564363636361, -3.85444945454546 ], [ -59.080556363636362, -3.843334454545456 ], [ -59.06972936363637, -3.826387454545454 ], [ -59.062781363636361, -3.80638945454546 ], [ -59.059730363636362, -3.782215454545458 ], [ -59.060279363636369, -3.76860745454546 ], [ -59.06472536363637, -3.752218454545456 ], [ -59.078333363636361, -3.731113454545458 ], [ -59.087783363636362, -3.719719454545455 ], [ -59.095550363636363, -3.706111454545457 ], [ -59.096387363636367, -3.699721454545454 ], [ -59.094452363636364, -3.688057454545458 ], [ -59.087783363636362, -3.675556454545458 ], [ -59.081393363636366, -3.668608454545456 ], [ -59.065004363636362, -3.657214454545453 ], [ -59.032226363636369, -3.641113454545454 ], [ -59.021120363636371, -3.638332454545456 ], [ -58.981673363636361, -3.622222454545458 ], [ -58.960550363636372, -3.608605454545454 ], [ -58.937231363636371, -3.583891454545459 ], [ -58.922498363636365, -3.564163454545458 ], [ -58.88083736363636, -3.516391454545456 ], [ -58.857509363636368, -3.491947454545453 ], [ -58.841390363636364, -3.480283454545457 ], [ -58.81361636363637, -3.472777454545458 ], [ -58.804175363636361, -3.468610454545455 ], [ -58.796111363636371, -3.462778454545457 ], [ -58.790279363636373, -3.45444445454546 ], [ -58.781675363636367, -3.435553454545456 ], [ -58.744730363636364, -3.376945454545456 ], [ -58.714058363636369, -3.337030454545456 ] ] } },
{ "type": "Feature", "properties": { "NAME": "Purus", "SYSTEM": "Amazon", "MILES": 1212.00277, "KILOMETERS": 1950.5333 }, "geometry": { "type": "LineString", "coordinates": [ [ -72.42778136363637, -10.844443454545456 ], [ -72.39223136363637, -10.904446454545457 ], [ -72.388631363636364, -10.908055454545458 ], [ -72.343901363636363, -10.933606454545458 ], [ -72.332498363636361, -10.936675454545458 ], [ -72.263900363636367, -10.914166454545455 ], [ -72.214175363636372, -10.892782454545458 ], [ -72.20360936363636, -10.889443454545457 ], [ -72.191684363636369, -10.889164454545458 ], [ -72.160004363636361, -10.893052454545458 ], [ -72.07166936363636, -10.893610454545456 ], [ -72.01472636363637, -10.884160454545459 ], [ -71.964443363636363, -10.864162454545458 ], [ -71.951402363636362, -10.856107454545455 ], [ -71.880284363636363, -10.808605454545457 ], [ -71.840567363636367, -10.747504454545457 ], [ -71.604740363636367, -10.604161454545459 ], [ -71.511131363636366, -10.597780454545457 ], [ -71.501114363636361, -10.602217454545457 ], [ -71.490278363636364, -10.611946454545457 ], [ -71.483897363636359, -10.612783454545458 ], [ -71.478902363636365, -10.610839454545456 ], [ -71.454179363636371, -10.593892454545458 ], [ -71.391404363636369, -10.537777454545456 ], [ -71.373899363636369, -10.508887454545459 ], [ -71.281955363636371, -10.469998454545458 ], [ -71.14278836363637, -10.382500454545458 ], [ -71.135840363636362, -10.375840454545457 ], [ -71.051393363636365, -10.259164454545456 ], [ -71.02640036363637, -10.184725454545458 ], [ -71.021387363636364, -10.128052454545458 ], [ -71.033339363636372, -10.111942454545456 ], [ -71.034725363636369, -10.106389454545457 ], [ -71.033060363636366, -10.086949454545458 ], [ -71.030018363636373, -10.076113454545457 ], [ -71.021954363636368, -10.055836454545457 ], [ -70.98279536363637, -9.989443454545459 ], [ -70.906952363636364, -9.886393454545455 ], [ -70.89473036363637, -9.870553454545458 ], [ -70.847777363636368, -9.826948454545455 ], [ -70.833071363636364, -9.820837454545458 ], [ -70.800842363636363, -9.818335454545458 ], [ -70.795559363636372, -9.816391454545457 ], [ -70.787783363636365, -9.810280454545456 ], [ -70.720562363636361, -9.739729454545458 ], [ -70.711121363636366, -9.728056454545456 ], [ -70.706117363636366, -9.719164454545457 ], [ -70.707503363636363, -9.706663454545456 ], [ -70.714442363636365, -9.692785454545458 ], [ -70.715567363636367, -9.687223454545457 ], [ -70.698053363636362, -9.615556454545455 ], [ -70.695848363636372, -9.610552454545456 ], [ -70.658336363636366, -9.575839454545456 ], [ -70.64889536363637, -9.571105454545457 ], [ -70.61445236363636, -9.563887454545458 ], [ -70.608062363636364, -9.564445454545456 ], [ -70.598504363636366, -9.564580454545457 ], [ -70.577228363636365, -9.538606454545455 ], [ -70.545287363636362, -9.500833454545457 ], [ -70.514660363636366, -9.427996454545458 ], [ -70.480838363636366, -9.354160454545458 ], [ -70.450013363636373, -9.330832454545458 ], [ -70.42029536363637, -9.324442454545459 ], [ -70.33834136363636, -9.246106454545458 ], [ -70.304168363636364, -9.193888454545458 ], [ -70.256954363636368, -9.154999454545457 ], [ -70.245011363636365, -9.157222454545458 ], [ -70.232789363636371, -9.155278454545456 ], [ -70.228055363636372, -9.153334454545458 ], [ -70.087781363636367, -9.086113454545458 ], [ -70.048334363636371, -9.063055454545456 ], [ -70.035284363636364, -9.063613454545457 ], [ -69.928346363636365, -9.085555454545457 ], [ -69.899447363636369, -9.098893454545458 ], [ -69.86000036363636, -9.119161454545456 ], [ -69.853619363636369, -9.118612454545456 ], [ -69.845834363636371, -9.112501454545455 ], [ -69.834161363636369, -9.095833454545456 ], [ -69.825008363636371, -9.077230454545457 ], [ -69.807512363636363, -9.046387454545457 ], [ -69.801392363636367, -9.045001454545456 ], [ -69.698063363636365, -9.045838454545457 ], [ -69.620006363636364, -9.049996454545457 ], [ -69.587777363636363, -9.016948454545457 ], [ -69.565295363636366, -8.990839454545458 ], [ -69.560840363636359, -8.988058454545456 ], [ -69.427505363636371, -8.947504454545456 ], [ -69.365576363636364, -8.894161454545458 ], [ -69.18972536363637, -8.789446454545455 ], [ -69.179735363636368, -8.785279454545456 ], [ -69.117509363636373, -8.764165454545456 ], [ -68.928617363636363, -8.707501454545458 ], [ -68.922497363636367, -8.706664454545457 ], [ -68.870837363636369, -8.737498454545456 ], [ -68.851676363636372, -8.775001454545457 ], [ -68.852783363636362, -8.780554454545456 ], [ -68.852783363636362, -8.785837454545458 ], [ -68.849453363636371, -8.789446454545455 ], [ -68.840282363636362, -8.794441454545456 ], [ -68.678345363636367, -8.829730454545455 ], [ -68.670290363636369, -8.823610454545456 ], [ -68.665556363636369, -8.823052454545458 ], [ -68.660570363636367, -8.825833454545457 ], [ -68.596679363636369, -8.917228454545455 ], [ -68.595833363636359, -8.923609454545456 ], [ -68.594996363636369, -8.985835454545455 ], [ -68.596391363636371, -8.998336454545456 ], [ -68.602979363636365, -9.020305454545458 ], [ -68.599451363636362, -9.026110454545456 ], [ -68.58750836363636, -9.035002454545456 ], [ -68.573630363636369, -9.041941454545459 ], [ -68.461391363636366, -9.080551454545457 ], [ -68.449448363636364, -9.082783454545456 ], [ -68.306672363636366, -9.083332454545456 ], [ -68.175560363636365, -9.055558454545459 ], [ -68.126402363636359, -9.016948454545457 ], [ -68.032226363636369, -8.972785454545456 ], [ -68.019725363636368, -8.973055454545456 ], [ -67.978622363636362, -8.987500454545458 ], [ -67.97222336363636, -8.988337454545459 ], [ -67.965833363636364, -8.986942454545456 ], [ -67.876121363636372, -8.929162454545455 ], [ -67.844999363636362, -8.906113454545459 ], [ -67.797227363636367, -8.870284454545455 ], [ -67.788074363636369, -8.865550454545456 ], [ -67.695842363636359, -8.828056454545457 ], [ -67.578608363636363, -8.802496454545455 ], [ -67.509173363636364, -8.799166454545457 ], [ -67.469456363636368, -8.799166454545457 ], [ -67.46055536363636, -8.793055454545456 ], [ -67.418336363636371, -8.752231454545456 ], [ -67.412738363636365, -8.744473454545457 ], [ -67.40112836363636, -8.727220454545456 ], [ -67.372787363636363, -8.637778454545458 ], [ -67.367513363636363, -8.615557454545456 ], [ -67.36389536363636, -8.570836454545457 ], [ -67.36611836363636, -8.558605454545457 ], [ -67.372229363636364, -8.551108454545457 ], [ -67.382507363636364, -8.553052454545458 ], [ -67.420838363636364, -8.437231454545458 ], [ -67.368899363636359, -8.330833454545456 ], [ -67.330559363636368, -8.204725454545457 ], [ -67.324169363636372, -8.197228454545456 ], [ -67.270277363636367, -8.136109454545458 ], [ -67.237229363636359, -8.102215454545458 ], [ -67.259738363636359, -8.063056454545457 ], [ -67.258622363636363, -8.051941454545457 ], [ -67.252502363636367, -8.016670454545459 ], [ -67.240847363636362, -7.980832454545457 ], [ -67.211120363636368, -7.914448454545457 ], [ -67.201670363636367, -7.896664454545459 ], [ -67.194164363636361, -7.889167454545458 ], [ -67.181672363636366, -7.887781454545458 ], [ -67.146662363636366, -7.895278454545458 ], [ -67.136402363636364, -7.891111454545456 ], [ -67.126115363636359, -7.873606454545456 ], [ -67.089008363636367, -7.802767454545457 ], [ -67.069451363636361, -7.798888454545455 ], [ -66.994733363636371, -7.773058454545456 ], [ -66.98639036363636, -7.767784454545456 ], [ -66.98027936363637, -7.760278454545457 ], [ -66.977507363636363, -7.749442454545456 ], [ -66.921401363636363, -7.685551454545458 ], [ -66.814454363636372, -7.647499454545457 ], [ -66.80278136363637, -7.645285454545458 ], [ -66.79055036363637, -7.645285454545458 ], [ -66.780290363636368, -7.649443454545455 ], [ -66.775277363636363, -7.658335454545458 ], [ -66.77334236363636, -7.669999454545458 ], [ -66.648620363636368, -7.656949454545458 ], [ -66.584162363636366, -7.618339454545456 ], [ -66.488348363636362, -7.562503454545457 ], [ -66.471122363636368, -7.553611454545457 ], [ -66.37722536363637, -7.532785454545458 ], [ -66.310832363636365, -7.546393454545456 ], [ -66.192230363636369, -7.609447454545457 ], [ -66.158615363636372, -7.663051454545457 ], [ -66.14973236363636, -7.667785454545456 ], [ -66.053621363636367, -7.681942454545457 ], [ -65.981126363636363, -7.686946454545456 ], [ -65.895572363636362, -7.684723454545455 ], [ -65.80222436363637, -7.696945454545457 ], [ -65.756954363636368, -7.707223454545456 ], [ -65.71890236363636, -7.717501454545456 ], [ -65.533619363636362, -7.633333454545458 ], [ -65.442512363636368, -7.554997454545457 ], [ -65.438615363636359, -7.546942454545455 ], [ -65.37889136363637, -7.506946454545457 ], [ -65.32139936363636, -7.481107454545455 ], [ -65.22696236363636, -7.438888454545456 ], [ -65.130842363636361, -7.360840454545457 ], [ -65.06306336363636, -7.350553454545455 ], [ -65.051390363636372, -7.353334454545458 ], [ -65.04028436363636, -7.350553454545455 ], [ -64.98945236363636, -7.335550454545459 ], [ -64.98222536363636, -7.329448454545457 ], [ -64.977239363636372, -7.320556454545457 ], [ -64.973072363636362, -7.283332454545455 ], [ -64.975844363636369, -7.244443454545458 ], [ -64.969724363636359, -7.236946454545457 ], [ -64.958069363636369, -7.236388454545455 ], [ -64.902512363636362, -7.248052454545459 ], [ -64.847504363636361, -7.289434454545457 ], [ -64.78279436363637, -7.213888454545458 ], [ -64.68528836363636, -7.152778454545455 ], [ -64.560566363636369, -7.074442454545459 ], [ -64.559441363636367, -7.063606454545457 ], [ -64.583345363636369, -6.942502454545458 ], [ -64.587782363636364, -6.844717454545457 ], [ -64.581392363636368, -6.701662454545456 ], [ -64.572239363636371, -6.691663454545456 ], [ -64.561952363636365, -6.688891454545455 ], [ -64.529723363636364, -6.691663454545456 ], [ -64.51945436363637, -6.688891454545455 ], [ -64.510013363636361, -6.679999454545456 ], [ -64.50167936363637, -6.658336454545456 ], [ -64.48390436363637, -6.580558454545457 ], [ -64.483067363636366, -6.571108454545456 ], [ -64.484723363636363, -6.561667454545457 ], [ -64.488890363636372, -6.551947454545456 ], [ -64.505846363636365, -6.528889454545457 ], [ -64.525007363636362, -6.511105454545458 ], [ -64.539461363636363, -6.492223454545456 ], [ -64.542782363636363, -6.481945454545457 ], [ -64.541396363636366, -6.471667454545457 ], [ -64.534727363636364, -6.462226454545458 ], [ -64.433900363636369, -6.370840454545458 ], [ -64.36805636363637, -6.337504454545456 ], [ -64.323623363636372, -6.324445454545458 ], [ -64.313336363636367, -6.323887454545456 ], [ -64.302230363636369, -6.321943454545458 ], [ -64.28167436363637, -6.315004454545456 ], [ -64.275005363636367, -6.302215454545458 ], [ -64.27223336363636, -6.291946454545457 ], [ -64.273970363636366, -6.135436454545456 ], [ -64.35223436363637, -5.947219454545458 ], [ -64.383896363636367, -5.949721454545458 ], [ -64.442783363636366, -5.926105454545457 ], [ -64.475570363636365, -5.898052454545457 ], [ -64.482509363636368, -5.887216454545456 ], [ -64.47890036363637, -5.876110454545458 ], [ -64.469450363636369, -5.868613454545457 ], [ -64.446122363636363, -5.860558454545458 ], [ -64.436402363636361, -5.854996454545457 ], [ -64.400285363636371, -5.816107454545456 ], [ -64.394183363636373, -5.806666454545457 ], [ -64.381952363636373, -5.756941454545458 ], [ -64.379342363636368, -5.688379454545458 ], [ -64.32918536363637, -5.707225454545458 ], [ -64.319456363636363, -5.709160454545458 ], [ -64.30972736363637, -5.705839454545458 ], [ -64.304174363636363, -5.695552454545457 ], [ -64.302230363636369, -5.684725454545458 ], [ -64.305011363636368, -5.674447454545458 ], [ -64.32833936363636, -5.644441454545458 ], [ -64.346951363636364, -5.625838454545455 ], [ -64.348895363636359, -5.616388454545458 ], [ -64.347500363636371, -5.606947454545455 ], [ -64.336673363636365, -5.601394454545456 ], [ -64.280288363636359, -5.596111454545458 ], [ -64.185005363636364, -5.587228454545457 ], [ -64.163891363636367, -5.589163454545456 ], [ -64.153631363636364, -5.594725454545458 ], [ -64.144181363636363, -5.602780454545456 ], [ -64.142498363636363, -5.612500454545458 ], [ -64.152236363636362, -5.617225454545459 ], [ -64.173332363636362, -5.621113454545458 ], [ -64.183898363636359, -5.625280454545457 ], [ -64.194455363636365, -5.632228454545455 ], [ -64.199441363636367, -5.642497454545456 ], [ -64.189181363636365, -5.648608454545457 ], [ -64.098614363636372, -5.662783454545458 ], [ -64.078067363636364, -5.657500454545456 ], [ -64.071398363636362, -5.646394454545458 ], [ -63.996671363636366, -5.615002454545458 ], [ -63.924176363636363, -5.619718454545456 ], [ -63.864443363636369, -5.623894454545457 ], [ -63.814997363636365, -5.638888454545455 ], [ -63.739730363636369, -5.654728454545456 ], [ -63.688898363636369, -5.659444454545458 ], [ -63.656669363636368, -5.657500454545456 ], [ -63.610832363636362, -5.647222454545457 ], [ -63.588053363636362, -5.636944454545457 ], [ -63.567506363636369, -5.619160454545458 ], [ -63.563618363636365, -5.599441454545456 ], [ -63.563618363636365, -5.589163454545456 ], [ -63.567506363636369, -5.567221454545457 ], [ -63.566948363636371, -5.555836454545457 ], [ -63.561395363636365, -5.546107454545457 ], [ -63.552512363636367, -5.536108454545456 ], [ -63.543062363636366, -5.529997454545455 ], [ -63.533333363636359, -5.527216454545457 ], [ -63.521120363636371, -5.529997454545455 ], [ -63.50112236363637, -5.538610454545456 ], [ -63.441668363636367, -5.559166454545458 ], [ -63.421670363636366, -5.561110454545457 ], [ -63.410285363636362, -5.559724454545456 ], [ -63.399170363636372, -5.554999454545456 ], [ -63.391673363636372, -5.545558454545457 ], [ -63.357779363636368, -5.493052454545456 ], [ -63.314723363636361, -5.403052454545456 ], [ -63.253892363636368, -5.386663454545456 ], [ -63.230564363636361, -5.378338454545457 ], [ -63.210557363636369, -5.364721454545457 ], [ -63.207227363636363, -5.353057454545457 ], [ -63.210557363636369, -5.343607454545456 ], [ -63.218333363636361, -5.331394454545457 ], [ -63.226955363636364, -5.310001454545457 ], [ -63.227783363636362, -5.289715454545458 ], [ -63.221672363636372, -5.267782454545458 ], [ -63.216659363636367, -5.257504454545458 ], [ -63.210008363636362, -5.248054454545457 ], [ -63.199721363636371, -5.237785454545456 ], [ -63.190280363636361, -5.233609454545459 ], [ -63.176393363636365, -5.230279454545457 ], [ -63.152228363636368, -5.229730454545457 ], [ -63.032501363636371, -5.239162454545458 ], [ -63.02305136363637, -5.242501454545458 ], [ -63.013061363636368, -5.248612454545455 ], [ -62.995277363636362, -5.267782454545458 ], [ -62.985836363636366, -5.274730454545455 ], [ -62.976395363636371, -5.273893454545458 ], [ -62.964731363636361, -5.268610454545456 ], [ -62.951519363636365, -5.244751454545458 ], [ -62.924726363636367, -5.211946454545458 ], [ -62.92222436363636, -5.201659454545457 ], [ -62.924726363636367, -5.192218454545458 ], [ -62.934446363636368, -5.183335454545457 ], [ -62.955002363636368, -5.178340454545456 ], [ -62.996114363636366, -5.061664454545458 ], [ -62.99499836363637, -5.052214454545457 ], [ -62.987231363636369, -5.022217454545459 ], [ -62.941394363636363, -4.955833454545456 ], [ -62.886116363636361, -4.885552454545454 ], [ -62.85305036363637, -4.881394454545458 ], [ -62.718050363636365, -4.865833454545459 ], [ -62.63499836363637, -4.879441454545457 ], [ -62.626115363636359, -4.884166454545458 ], [ -62.621390363636365, -4.893058454545454 ], [ -62.621390363636365, -4.906666454545459 ], [ -62.628059363636368, -4.927222454545458 ], [ -62.661116363636367, -4.963339454545455 ], [ -62.665832363636369, -4.972222454545456 ], [ -62.667227363636371, -4.983337454545456 ], [ -62.661944363636366, -4.991392454545458 ], [ -62.650838363636367, -4.994722454545457 ], [ -62.644169363636365, -4.994722454545457 ], [ -62.634170363636372, -4.990834454545457 ], [ -62.582231363636367, -4.945555454545456 ], [ -62.517224363636359, -4.875283454545453 ], [ -62.464997363636371, -4.805002454545459 ], [ -62.434442363636364, -4.751947454545459 ], [ -62.36389136363637, -4.725280454545455 ], [ -62.278895363636366, -4.705282454545454 ], [ -62.269175363636364, -4.709449454545457 ], [ -62.178608363636371, -4.729996454545457 ], [ -62.167781363636365, -4.727215454545458 ], [ -62.15944736363636, -4.72111345454546 ], [ -62.139728363636365, -4.699999454545456 ], [ -62.116958363636371, -4.66777945454546 ], [ -62.099723363636372, -4.643056454545459 ], [ -62.090282363636362, -4.625551454545459 ], [ -62.062229363636362, -4.557781454545456 ], [ -62.051393363636365, -4.541392454545459 ], [ -62.04444536363637, -4.534714454545458 ], [ -62.035283363636367, -4.529161454545459 ], [ -61.988339363636371, -4.520278454545455 ], [ -61.979168363636362, -4.515553454545454 ], [ -61.967513363636371, -4.499722454545456 ], [ -61.964723363636367, -4.488886454545458 ], [ -61.972499363636359, -4.48278445454546 ], [ -61.983335363636371, -4.48055245454546 ], [ -61.995566363636371, -4.479166454545457 ], [ -62.062220363636371, -4.48805845454546 ], [ -62.063615363636359, -4.484161454545458 ], [ -62.02667036363637, -4.438891454545455 ], [ -62.012783363636359, -4.425283454545458 ], [ -62.005277363636367, -4.418335454545456 ], [ -61.849730363636368, -4.300840454545458 ], [ -61.734728363636364, -4.261942454545455 ], [ -61.723622363636366, -4.259161454545456 ], [ -61.703903363636371, -4.258612454545457 ], [ -61.668335363636359, -4.263337454545457 ], [ -61.65805736363636, -4.259998454545453 ], [ -61.626944363636369, -4.235284454545457 ], [ -61.61249936363636, -4.221667454545454 ], [ -61.595552363636372, -4.196944454545459 ], [ -61.559723363636365, -4.136113454545459 ], [ -61.483061363636367, -4.007782454545456 ], [ -61.378067363636362, -3.891394454545456 ], [ -61.375556363636363, -3.873610454545457 ], [ -61.37889536363636, -3.863332454545457 ], [ -61.42472336363636, -3.770551454545455 ], [ -61.460552363636367, -3.708892454545456 ], [ -61.488848363636365, -3.672154454545456 ] ] } },
{ "type": "Feature", "properties": { "NAME": "Rio Juruena", "SYSTEM": "Amazon", "MILES": 593.17115, "KILOMETERS": 954.61835 }, "geometry": { "type": "LineString", "coordinates": [ [ -58.13556536363636, -7.339159454545456 ], [ -58.145285363636361, -7.347214454545458 ], [ -58.210832363636371, -7.416388454545459 ], [ -58.222784363636364, -7.449715454545458 ], [ -58.225277363636366, -7.460002454545457 ], [ -58.228058363636364, -7.498612454545455 ], [ -58.227500363636366, -7.508890454545458 ], [ -58.220003363636366, -7.528609454545457 ], [ -58.206674363636367, -7.549723454545457 ], [ -58.20417236363636, -7.570837454545458 ], [ -58.208888363636362, -7.591105454545456 ], [ -58.223333363636371, -7.622227454545456 ], [ -58.235555363636365, -7.641946454545458 ], [ -58.295279363636368, -7.733053454545455 ], [ -58.304999363636369, -7.743340454545457 ], [ -58.33500536363637, -7.761394454545457 ], [ -58.355003363636371, -7.779160454545458 ], [ -58.369997363636372, -7.798051454545458 ], [ -58.375550363636364, -7.807780454545458 ], [ -58.37971736363636, -7.818058454545458 ], [ -58.381661363636368, -7.828606454545458 ], [ -58.38083336363637, -7.858612454545458 ], [ -58.375550363636364, -7.887781454545458 ], [ -58.368620363636367, -7.908058454545458 ], [ -58.341665363636366, -7.955002454545458 ], [ -58.333619363636359, -7.975279454545458 ], [ -58.320551363636369, -8.018056454545455 ], [ -58.307501363636362, -8.071660454545455 ], [ -58.304171363636371, -8.093611454545456 ], [ -58.304171363636371, -8.104996454545457 ], [ -58.340567363636367, -8.226946454545455 ], [ -58.382228363636372, -8.343613454545459 ], [ -58.395278363636365, -8.374168454545458 ], [ -58.402226363636359, -8.383609454545457 ], [ -58.430837363636371, -8.501662454545457 ], [ -58.469456363636368, -8.671663454545456 ], [ -58.469996363636369, -8.691391454545457 ], [ -58.46726036363637, -8.702911454545458 ], [ -58.458620363636371, -8.706394454545457 ], [ -58.428893363636362, -8.706394454545457 ], [ -58.377503363636364, -8.704171454545456 ], [ -58.343888363636367, -8.694730454545457 ], [ -58.331675363636364, -8.696107454545459 ], [ -58.321397363636365, -8.699446454545456 ], [ -58.316672363636371, -8.708338454545459 ], [ -58.320011363636368, -8.719165454545458 ], [ -58.51472636363637, -8.891947454545456 ], [ -58.521944363636365, -8.897779454545457 ], [ -58.531673363636372, -8.902783454545457 ], [ -58.554452363636372, -8.897221454545456 ], [ -58.565837363636362, -8.899165454545457 ], [ -58.57362236363636, -8.905285454545457 ], [ -58.657223363636362, -9.113887454545456 ], [ -58.660004363636361, -9.138052454545456 ], [ -58.660562363636359, -9.164449454545458 ], [ -58.657223363636362, -9.189442454545457 ], [ -58.638062363636365, -9.286948454545456 ], [ -58.62889136363637, -9.320833454545458 ], [ -58.618055363636373, -9.337780454545456 ], [ -58.58306336363637, -9.372223454545455 ], [ -58.529441363636366, -9.416665454545456 ], [ -58.487780363636361, -9.444448454545459 ], [ -58.431674363636361, -9.472231454545458 ], [ -58.39333436363637, -9.489160454545456 ], [ -58.381661363636368, -9.491941454545458 ], [ -58.348064363636368, -9.489160454545456 ], [ -58.32556436363636, -9.483607454545457 ], [ -58.300004363636361, -9.486388454545455 ], [ -58.29055436363636, -9.490555454545458 ], [ -58.277225363636362, -9.505279454545455 ], [ -58.265012363636359, -9.534997454545458 ], [ -58.26027836363636, -9.566110454545456 ], [ -58.26027836363636, -9.593335454545457 ], [ -58.267226363636368, -9.641107454545455 ], [ -58.265840363636372, -9.660835454545456 ], [ -58.259729363636367, -9.683056454545458 ], [ -58.226105363636364, -9.761392454545458 ], [ -58.216943363636361, -9.795277454545456 ], [ -58.211669363636361, -9.833050454545457 ], [ -58.210832363636371, -9.907219454545459 ], [ -58.212497363636359, -9.918613454545458 ], [ -58.261115363636364, -10.089442454545456 ], [ -58.265012363636359, -10.098892454545457 ], [ -58.308338363636366, -10.166941454545459 ], [ -58.317779363636362, -10.185283454545456 ], [ -58.32973136363637, -10.215550454545458 ], [ -58.34111636363636, -10.259443454545458 ], [ -58.348064363636368, -10.293886454545458 ], [ -58.350836363636361, -10.318051454545458 ], [ -58.344725363636371, -10.403056454545457 ], [ -58.342511363636362, -10.474444454545456 ], [ -58.349441363636359, -10.487224454545458 ], [ -58.380005363636371, -10.529731454545455 ], [ -58.413890363636369, -10.572778454545457 ], [ -58.424726363636367, -10.593613454545459 ], [ -58.428335363636364, -10.603891454545458 ], [ -58.427507363636366, -10.613332454545457 ], [ -58.42334036363637, -10.622782454545458 ], [ -58.414457363636359, -10.632781454545459 ], [ -58.394729363636372, -10.648891454545456 ], [ -58.368620363636367, -10.687231454545458 ], [ -58.368053363636363, -10.697500454545455 ], [ -58.370564363636362, -10.706941454545458 ], [ -58.382228363636372, -10.726390454545456 ], [ -58.383902363636366, -10.735840454545457 ], [ -58.383056363636371, -10.746667454545456 ], [ -58.37971736363636, -10.765279454545457 ], [ -58.373336363636369, -10.776106454545456 ], [ -58.355003363636371, -10.795834454545457 ], [ -58.348622363636366, -10.806391454545459 ], [ -58.34333936363636, -10.826110454545457 ], [ -58.340567363636367, -10.850833454545455 ], [ -58.345832363636362, -10.874449454545456 ], [ -58.35278036363637, -10.884448454545456 ], [ -58.362500363636372, -10.914166454545455 ], [ -58.361114363636361, -10.955836454545455 ], [ -58.356947363636365, -10.975555454545457 ], [ -58.371941363636367, -11.025838454545458 ], [ -58.376117363636368, -11.046106454545455 ], [ -58.371941363636367, -11.066113454545459 ], [ -58.351952363636372, -11.127502454545457 ], [ -58.345832363636362, -11.169172454545457 ], [ -58.35361736363636, -11.497501454545457 ], [ -58.355003363636371, -11.519164454545457 ], [ -58.35778436363637, -11.529163454545458 ], [ -58.36528136363637, -11.539999454545455 ], [ -58.402226363636359, -11.588338454545458 ], [ -58.445282363636366, -11.660833454545457 ], [ -58.441115363636371, -11.683054454545456 ], [ -58.430279363636359, -11.713051454545457 ], [ -58.42334036363637, -11.743894454545458 ], [ -58.420010363636365, -11.767501454545457 ], [ -58.419173363636361, -11.786941454545456 ], [ -58.427507363636366, -11.835280454545458 ], [ -58.43862236363637, -11.864728454545457 ], [ -58.474730363636368, -11.954449454545458 ], [ -58.512512363636361, -12.075832454545456 ], [ -58.531106363636368, -12.255283454545456 ], [ -58.532501363636371, -12.272779454545457 ], [ -58.531673363636372, -12.283606454545456 ], [ -58.529441363636366, -12.293605454545457 ], [ -58.507778363636362, -12.353887454545458 ], [ -58.484999363636362, -12.405277454545455 ], [ -58.463057363636366, -12.449449454545459 ], [ -58.459727363636361, -12.458890454545458 ], [ -58.45027736363636, -12.518335454545458 ], [ -58.447496363636361, -12.539719454545455 ], [ -58.437785363636365, -12.620836454545458 ], [ -58.408337363636363, -12.768607454545457 ], [ -58.404161363636362, -12.778606454545457 ], [ -58.398050363636372, -12.787777454545456 ], [ -58.307501363636362, -12.886660454545456 ], [ -58.289726363636362, -12.910285454545456 ], [ -58.281113363636365, -12.928888454545458 ], [ -58.271114363636372, -12.970279454545459 ], [ -58.267784363636366, -12.992230454545457 ], [ -58.25695736363636, -13.116394454545457 ], [ -58.262510363636366, -13.135834454545456 ], [ -58.295837363636366, -13.253887454545456 ], [ -58.310282363636361, -13.323340454545455 ], [ -58.323890363636366, -13.416661454545459 ], [ -58.444454363636368, -13.714444454545458 ], [ -58.453607363636365, -13.724443454545458 ], [ -58.463894363636371, -13.731670454545458 ], [ -58.496942363636364, -13.754161454545457 ], [ -58.506392363636365, -13.758886454545458 ], [ -58.516670363636365, -13.759723454545458 ], [ -58.526948363636365, -13.756942454545456 ], [ -58.546109363636361, -13.754998454545458 ], [ -58.556396363636367, -13.756942454545456 ], [ -58.565837363636362, -13.764160454545458 ], [ -58.60167536363636, -13.805551454545459 ], [ -58.630277363636367, -13.846105454545459 ], [ -58.635281363636366, -13.857499454545458 ], [ -58.638062363636365, -13.866661454545458 ], [ -58.638620363636363, -13.886659454545455 ], [ -58.633904363636361, -13.928050454545456 ], [ -58.631105363636365, -13.991941454545458 ], [ -58.642229363636361, -14.110840454545457 ], [ -58.694159363636359, -14.284171454545458 ], [ -58.698893363636373, -14.294728454545456 ], [ -58.717505363636363, -14.315284454545456 ], [ -58.747511363636363, -14.341393454545457 ], [ -58.75444136363636, -14.350555454545457 ], [ -58.80111536363637, -14.416390454545457 ], [ -58.827224363636361, -14.464171454545458 ], [ -58.83112136363637, -14.473333454545457 ], [ -58.833335363636365, -14.483890454545456 ], [ -58.83112136363637, -14.493889454545457 ], [ -58.826387363636371, -14.503051454545457 ], [ -58.818062363636372, -14.513050454545457 ], [ -58.806398363636362, -14.523058454545456 ], [ -58.960010363636371, -14.639167454545458 ] ] } },
{ "type": "Feature", "properties": { "NAME": "Rio Negro", "SYSTEM": "Amazon", "MILES": 1633.70534, "KILOMETERS": 2629.19914 }, "geometry": { "type": "MultiLineString", "coordinates": [ [ [ -72.953336363636367, 2.151394545454544 ], [ -72.942509363636361, 2.157496545454542 ], [ -72.880571363636363, 2.179447545454543 ], [ -72.870284363636372, 2.178052545454541 ], [ -72.82306136363637, 2.169160545454545 ], [ -72.812792363636362, 2.166388545454545 ], [ -72.803891363636367, 2.158333545454546 ], [ -72.753887363636366, 2.074165545454541 ], [ -72.741395363636371, 2.031667545454546 ], [ -72.736958363636361, 2.001391545454545 ], [ -72.727778363636361, 1.983607545454547 ], [ -72.718337363636365, 1.973338545454546 ], [ -72.708068363636372, 1.967218545454543 ], [ -72.589448363636365, 1.901392545454542 ], [ -72.579179363636371, 1.896109545454543 ], [ -72.492779363636359, 1.862503545454544 ], [ -72.47222336363636, 1.858336545454542 ], [ -72.403067363636367, 1.781665545454544 ], [ -72.409178363636372, 1.770001545454541 ], [ -72.419447363636365, 1.661110545454541 ], [ -72.420293363636361, 1.641949545454544 ], [ -72.384446363636371, 1.611106545454547 ], [ -72.325559363636373, 1.565836545454545 ], [ -72.315290363636365, 1.558888545454543 ], [ -72.292781363636365, 1.460284545454542 ], [ -72.292781363636365, 1.450834545454541 ], [ -72.285284363636364, 1.421944545454544 ], [ -72.252227363636365, 1.39527754545454 ], [ -72.240842363636361, 1.386943545454542 ], [ -72.102233363636373, 1.349998545454547 ], [ -72.059447363636366, 1.356946545454541 ], [ -71.971958363636361, 1.300840545454541 ], [ -71.95750436363636, 1.257496545454543 ], [ -71.925293363636371, 1.210282545454547 ], [ -71.912225363636367, 1.199995545454541 ], [ -71.902235363636365, 1.195279545454547 ], [ -71.745833363636365, 1.175281545454546 ], [ -71.707502363636365, 1.202785545454546 ], [ -71.684723363636365, 1.231666545454544 ], [ -71.66361836363636, 1.241944545454544 ], [ -71.51639636363636, 1.15694854545454 ], [ -71.506118363636361, 1.149442545454541 ], [ -71.431400363636371, 1.079449545454544 ], [ -71.425847363636365, 1.067785545454541 ], [ -71.423066363636366, 1.044448545454543 ], [ -71.419727363636369, 1.033612545454545 ], [ -71.388902363636362, 1.000555545454546 ], [ -71.37834536363637, 0.995839545454544 ], [ -71.225012363636367, 0.95944354545454 ], [ -71.169446363636368, 0.958894545454541 ], [ -71.126957363636365, 0.963052545454545 ], [ -71.11557236363636, 0.966391545454542 ], [ -71.06056436363636, 0.951946545454547 ], [ -71.051681363636362, 0.947221545454546 ], [ -71.018894363636363, 0.891106545454541 ], [ -70.97556836363637, 0.823894545454543 ], [ -70.967225363636359, 0.813607545454545 ], [ -70.958621363636368, 0.806659545454544 ], [ -70.948901363636367, 0.803338545454544 ], [ -70.940000363636372, 0.810277545454547 ], [ -70.936400363636366, 0.823336545454545 ], [ -70.933898363636359, 0.834721545454542 ], [ -70.933898363636359, 0.850003545454541 ], [ -70.940000363636372, 0.883339545454547 ], [ -70.939181363636365, 0.893050545454543 ], [ -70.907789363636368, 0.92666554545454 ], [ -70.89805136363637, 0.932785545454543 ], [ -70.81584536363637, 0.91638754545454 ], [ -70.722785363636362, 0.941110545454542 ], [ -70.691951363636363, 1.07333854545454 ], [ -70.691114363636359, 1.082221545454544 ], [ -70.743341363636361, 1.124719545454546 ], [ -70.755005363636371, 1.129444545454547 ], [ -70.765022363636362, 1.131388545454541 ], [ -70.77417536363636, 1.138336545454543 ], [ -70.801121363636369, 1.162501545454546 ], [ -70.807232363636359, 1.172500545454547 ], [ -70.805009363636373, 1.181662545454543 ], [ -70.797503363636366, 1.191112545454544 ], [ -70.788620363636369, 1.198051545454547 ], [ -70.76806436363637, 1.205557545454546 ], [ -70.716674363636372, 1.213612545454545 ], [ -70.631660363636371, 1.194442545454542 ], [ -70.542506363636363, 1.150000545454546 ], [ -70.535000363636371, 1.141108545454543 ], [ -70.486391363636372, 1.120552545454544 ], [ -70.36639436363636, 1.130839545454542 ], [ -70.356125363636366, 1.132783545454544 ], [ -70.345838363636361, 1.139722545454546 ], [ -70.252787363636372, 1.243888545454546 ], [ -70.242509363636373, 1.262221545454544 ], [ -70.241672363636368, 1.280284545454542 ], [ -70.233338363636364, 1.289716545454546 ], [ -70.177223363636372, 1.302217545454546 ], [ -70.167782363636363, 1.301389545454541 ], [ -70.157504363636363, 1.29666454545454 ], [ -70.044446363636368, 1.203334545454545 ], [ -70.037507363636365, 1.194442545454542 ], [ -70.036121363636369, 1.18500154545454 ], [ -70.037507363636365, 1.173886545454543 ], [ -70.04140436363636, 1.161664545454542 ], [ -70.06361636363637, 1.117780545454544 ], [ -70.069160363636371, 1.097215545454546 ], [ -70.069160363636371, 1.088332545454541 ], [ -70.042232363636373, 1.021948545454542 ], [ -70.036958363636373, 1.009447545454542 ], [ -70.015016363636363, 0.98749654545454 ], [ -70.005278363636364, 0.981394545454542 ], [ -69.99500936363637, 0.981394545454542 ], [ -69.984731363636371, 0.983608545454544 ], [ -69.924458363636361, 1.001941545454542 ], [ -69.900284363636359, 1.014442545454543 ], [ -69.842225363636359, 1.062214545454545 ], [ -69.830003363636365, 1.058893545454545 ], [ -69.823631363636366, 1.056661545454546 ], [ -69.806837363636362, 1.072303545454545 ], [ -69.718340363636372, 1.072501545454543 ], [ -69.613616363636368, 1.078054545454542 ], [ -69.435290363636369, 1.038337545454546 ], [ -69.376817363636363, 1.056526545454545 ], [ -69.338477363636372, 1.072915545454542 ], [ -69.264875363636364, 1.033891545454544 ], [ -69.227921363636369, 0.999025545454543 ], [ -69.140288363636373, 0.863476545454546 ], [ -69.159305363636363, 0.752920545454543 ], [ -69.127814363636361, 0.644029545454543 ], [ -69.209777363636363, 0.616309545454541 ], [ -69.162779363636361, 0.553606545454542 ], [ -69.141683363636361, 0.49860754545454 ], [ -69.138065363636372, 0.487222545454543 ], [ -69.049181363636364, 0.459718545454542 ], [ -68.796956363636369, 0.425284545454545 ], [ -68.787227363636362, 0.419164545454542 ], [ -68.778335363636373, 0.409714545454541 ], [ -68.771387363636364, 0.39944554545454 ], [ -68.765294363636372, 0.369997545454545 ], [ -68.759174363636362, 0.360277545454544 ], [ -68.726387363636363, 0.342502545454543 ], [ -68.653631363636364, 0.305557545454541 ], [ -68.59194536363637, 0.295837545454546 ], [ -68.520845363636369, 0.297214545454544 ], [ -68.510558363636363, 0.292498545454542 ], [ -68.501117363636368, 0.285550545454541 ], [ -68.498066363636369, 0.276109545454545 ], [ -68.480282363636363, 0.204721545454547 ], [ -68.480840363636361, 0.19389454545454 ], [ -68.49001136363637, 0.171106545454542 ], [ -68.503061363636363, 0.15138754545454 ], [ -68.511125363636367, 0.132217545454544 ], [ -68.509739363636371, 0.122497545454543 ], [ -68.49528536363637, 0.092500545454541 ], [ -68.478896363636366, 0.073339545454544 ], [ -68.45695436363637, 0.05749954545454 ], [ -68.31362036363636, -0.015832454545453 ], [ -68.293334363636362, -0.024166454545458 ], [ -68.282228363636364, -0.02611045454546 ], [ -68.263067363636367, -0.025552454545455 ], [ -68.243051363636368, -0.019999454545456 ], [ -68.21305436363636, -0.006949454545456 ], [ -68.154176363636367, 0.048607545454544 ], [ -68.091671363636365, 0.120553545454541 ], [ -68.006954363636368, 0.19444354545454 ], [ -67.995839363636364, 0.198610545454542 ], [ -67.974725363636367, 0.201949545454546 ], [ -67.965005363636365, 0.199447545454547 ], [ -67.922498363636365, 0.178054545454543 ], [ -67.860002363636369, 0.146662545454546 ], [ -67.84028336363636, 0.136942545454545 ], [ -67.829996363636369, 0.136942545454545 ], [ -67.819736363636366, 0.140281545454542 ], [ -67.798622363636369, 0.150550545454543 ], [ -67.777778363636372, 0.150001545454543 ], [ -67.623059363636372, 0.120553545454541 ], [ -67.463345363636364, 0.099160545454545 ], [ -67.414169363636361, 0.09778354545454 ], [ -67.333349363636373, 0.088333545454546 ], [ -67.313900363636364, 0.085003545454541 ], [ -67.303622363636364, 0.081394545454543 ], [ -67.271393363636363, 0.064996545454541 ], [ -67.231442363636361, 0.038932545454543 ], [ -67.009466363636363, -0.193888454545458 ], [ -66.904463363636367, -0.151390454545457 ], [ -66.468899363636368, -0.386389454545458 ], [ -66.346499363636369, -0.400996454545457 ], [ -66.312101363636373, -0.386443454545457 ], [ -66.28494836363636, -0.35928145454546 ], [ -66.274760363636361, -0.345700454545458 ], [ -66.261170363636367, -0.332119454545456 ], [ -66.23061536363636, -0.325324454545459 ], [ -66.138923363636366, -0.315145454545458 ], [ -66.118565363636364, -0.321940454545455 ], [ -66.098189363636365, -0.332119454545456 ], [ -66.057446363636359, -0.332119454545456 ], [ -65.96576336363637, -0.328726454545453 ], [ -65.952182363636368, -0.325324454545459 ], [ -65.94200336363636, -0.315145454545458 ], [ -65.92161836363637, -0.291376454545457 ], [ -65.914823363636373, -0.274393454545454 ], [ -65.89785836363636, -0.264205454545454 ], [ -65.870678363636372, -0.260812454545459 ], [ -65.840132363636371, -0.264205454545454 ], [ -65.819747363636367, -0.277786454545456 ], [ -65.806166363636365, -0.291376454545457 ], [ -65.782406363636369, -0.308350454545455 ], [ -65.741654363636371, -0.315145454545458 ], [ -65.721278363636372, -0.315145454545458 ], [ -65.649980363636359, -0.308350454545455 ], [ -65.602442363636371, -0.301564454545456 ], [ -65.55829736363637, -0.28458145454546 ], [ -65.517545363636373, -0.291376454545457 ], [ -65.480195363636369, -0.304957454545459 ], [ -65.422469363636367, -0.332119454545456 ], [ -65.385119363636363, -0.35928145454546 ], [ -65.327411363636372, -0.383050454545454 ], [ -65.239121363636372, -0.413605454545454 ], [ -65.198360363636368, -0.427186454545456 ], [ -65.147429363636363, -0.417007454545455 ], [ -65.079524363636367, -0.417007454545455 ], [ -65.048960363636368, -0.420409454545457 ], [ -65.031977363636372, -0.430588454545457 ], [ -65.008226363636368, -0.440776454545457 ], [ -64.940312363636366, -0.461152454545456 ], [ -64.896167363636366, -0.471340454545455 ], [ -64.858808363636371, -0.467938454545454 ], [ -64.807868363636359, -0.437383454545454 ], [ -64.777331363636364, -0.433990454545459 ], [ -64.739972363636369, -0.44416945454546 ], [ -64.675460363636361, -0.44416945454546 ], [ -64.546418363636363, -0.413605454545454 ], [ -64.515872363636362, -0.389845454545458 ], [ -64.451351363636363, -0.366076454545457 ], [ -64.407206363636362, -0.355888454545457 ], [ -64.29855836363636, -0.355888454545457 ], [ -64.240823363636366, -0.349102454545459 ], [ -64.203473363636363, -0.335521454545457 ], [ -64.155926363636368, -0.321940454545455 ], [ -64.04726936363636, -0.298162454545455 ], [ -63.989543363636372, -0.308350454545455 ], [ -63.904664363636371, -0.318538454545454 ], [ -63.75865736363636, -0.318538454545454 ], [ -63.707717363636363, -0.338905454545454 ], [ -63.616043363636365, -0.379657454545459 ], [ -63.585479363636367, -0.403426454545453 ], [ -63.537941363636364, -0.450964454545456 ], [ -63.483608363636364, -0.495109454545457 ], [ -63.408908363636371, -0.546040454545455 ], [ -63.283277363636373, -0.603766454545458 ], [ -63.055775363636371, -0.678466454545458 ], [ -63.025220363636365, -0.698833454545458 ], [ -62.974280363636367, -0.75655945454546 ], [ -62.936930363636364, -0.848242454545456 ], [ -62.913161363636362, -0.872011454545458 ], [ -62.821478363636359, -0.933130454545456 ], [ -62.746778363636366, -0.977275454545456 ], [ -62.63472836363637, -1.055368454545459 ], [ -62.529464363636365, -1.085923454545458 ], [ -62.437781363636361, -1.13347045454546 ], [ -62.363081363636368, -1.177606454545455 ], [ -62.284988363636359, -1.18780345454546 ], [ -62.200100363636366, -1.218358454545459 ], [ -62.071067363636359, -1.272682454545453 ], [ -61.938632363636373, -1.354177454545457 ], [ -61.901282363636369, -1.384732454545457 ] ], [ [ -67.231442363636361, 0.038932545454543 ], [ -67.326626363636365, 0.419650545454544 ], [ -67.248902363636361, 0.571111545454542 ], [ -67.210571363636362, 0.880000545454543 ], [ -67.133909363636363, 0.912220545454545 ], [ -67.047788363636371, 0.90388654545454 ], [ -66.942506363636369, 0.885553545454542 ], [ -66.874457363636367, 0.928051545454544 ], [ -66.835568363636369, 1.014442545454543 ], [ -66.872567363636364, 1.220956545454541 ], [ -66.873215363636362, 1.223908545454542 ], [ -66.875069363636371, 1.225897545454544 ], [ -66.891683363636361, 1.251394545454545 ], [ -66.89903636363637, 1.284100545454542 ], [ -66.926387363636366, 1.459717545454545 ], [ -66.991673363636366, 1.695832545454543 ], [ -67.113236363636361, 2.026654545454541 ], [ -67.160576363636366, 2.13250354545454 ], [ -67.175291363636362, 2.153338545454545 ], [ -67.198628363636359, 2.207500545454543 ], [ -67.21153436363636, 2.243608545454542 ], [ -67.216943363636361, 2.275279545454545 ], [ -67.207511363636371, 2.294863545454547 ], [ -67.184588363636365, 2.316112545454544 ], [ -67.174184363636371, 2.336524545454544 ], [ -67.192508363636364, 2.392495545454544 ], [ -67.219517363636371, 2.413123545454546 ], [ -67.257929363636364, 2.429026545454541 ], [ -67.281401363636363, 2.438890545454541 ], [ -67.325213363636365, 2.474026545454542 ], [ -67.485566363636366, 2.653333545454544 ], [ -67.535282363636369, 2.68000054545454 ], [ -67.589732363636372, 2.764159545454547 ], [ -67.605833363636364, 2.793337545454541 ], [ -67.634444363636362, 2.809447545454546 ], [ -67.76583536363637, 2.832496545454546 ], [ -67.770794363636369, 2.83203754545454 ], [ -67.77660836363637, 2.829148545454544 ], [ -67.843928363636365, 2.795767545454545 ], [ -67.853801363636364, 2.790871545454543 ], [ -67.967237363636372, 2.744998545454543 ], [ -68.110562363636362, 2.573890545454546 ], [ -68.133071363636361, 2.602771545454544 ], [ -68.196674363636362, 2.545837545454546 ], [ -68.299454363636372, 2.336947545454542 ], [ -68.382506363636367, 2.276107545454543 ], [ -68.535290363636364, 2.390551545454542 ], [ -68.911958363636373, 2.43139354545454 ], [ -69.101120363636369, 2.331394545454543 ], [ -69.220289363636368, 2.365837545454546 ], [ -69.391694363636361, 2.308336545454544 ], [ -69.51196136363636, 2.317768545454541 ], [ -69.696965363636366, 1.999996545454543 ], [ -69.960575363636366, 2.019166545454546 ], [ -70.013072363636368, 1.977496545454542 ] ], [ [ -61.901282363636369, -1.384732454545457 ], [ -61.860548363636369, -1.405108454545456 ], [ -61.82998436363637, -1.40171545454546 ], [ -61.792634363636367, -1.391527454545454 ], [ -61.755284363636363, -1.388134454545458 ], [ -61.639823363636367, -1.432279454545458 ], [ -61.585499363636359, -1.459441454545455 ], [ -61.561739363636363, -1.500193454545453 ], [ -61.47005636363636, -1.65978145454546 ], [ -61.456466363636366, -1.700524454545459 ], [ -61.442885363636364, -1.754857454545458 ], [ -61.442885363636364, -1.795600454545458 ], [ -61.425911363636359, -1.839745454545458 ], [ -61.408928363636363, -1.870300454545458 ], [ -61.378373363636371, -1.897462454545455 ], [ -61.327433363636359, -1.938214454545459 ], [ -61.279904363636362, -1.961983454545454 ], [ -61.23575036363637, -2.006128454545454 ], [ -61.103333363636366, -2.182690454545458 ], [ -61.076171363636362, -2.233630454545455 ], [ -61.059197363636372, -2.277775454545456 ], [ -61.049000363636367, -2.321911454545457 ], [ -61.049000363636367, -2.35585945454546 ], [ -61.038821363636359, -2.403397454545456 ], [ -61.021847363636368, -2.433961454545454 ], [ -60.923369363636368, -2.539225454545459 ], [ -60.794336363636361, -2.668258454545459 ], [ -60.733217363636371, -2.715796454545455 ], [ -60.661910363636366, -2.790496454545455 ], [ -60.560048363636369, -2.946691454545459 ], [ -60.49552736363637, -3.004417454545454 ], [ -60.431015363636362, -3.048553454545456 ], [ -60.383468363636368, -3.072331454545456 ], [ -60.230684363636371, -3.072331454545456 ], [ -60.16955636363636, -3.085912454545458 ], [ -60.139001363636368, -3.096091454545459 ], [ -60.11522336363636, -3.109681454545459 ], [ -60.091463363636365, -3.130057454545458 ], [ -60.00318236363637, -3.167398454545456 ], [ -59.986199363636359, -3.170800454545457 ], [ -59.96582336363636, -3.170800454545457 ], [ -59.952233363636367, -3.167398454545456 ], [ -59.911490363636361, -3.150424454545458 ] ] ] } },
{ "type": "Feature", "properties": { "NAME": "Rio Teles Pires", "SYSTEM": "Amazon", "MILES": 737.19632, "KILOMETERS": 1186.40485 }, "geometry": { "type": "LineString", "coordinates": [ [ -58.13556536363636, -7.339159454545456 ], [ -58.090277363636361, -7.376941454545456 ], [ -58.060280363636366, -7.408333454545456 ], [ -57.978893363636359, -7.530553454545458 ], [ -57.909449363636369, -7.657777454545457 ], [ -57.883610363636365, -7.756948454545459 ], [ -57.819728363636372, -7.954444454545456 ], [ -57.794447363636365, -8.025553454545456 ], [ -57.789452363636372, -8.035840454545458 ], [ -57.705284363636366, -8.156386454545459 ], [ -57.656108363636363, -8.260282454545457 ], [ -57.670283363636372, -8.328052454545457 ], [ -57.670832363636364, -8.416108454545459 ], [ -57.640007363636371, -8.568613454545456 ], [ -57.593612363636367, -8.708887454545458 ], [ -57.501119363636363, -8.776675454545458 ], [ -57.489446363636361, -8.782777454545457 ], [ -57.36556136363636, -8.903332454545456 ], [ -57.361394363636364, -8.916112454545456 ], [ -57.309446363636368, -8.951941454545455 ], [ -57.29695436363636, -8.958889454545456 ], [ -57.277784363636371, -8.966386454545457 ], [ -57.207782363636369, -8.991946454545456 ], [ -57.09056636363637, -9.055558454545459 ], [ -57.080279363636365, -9.078607454545455 ], [ -57.076121363636361, -9.099730454545458 ], [ -57.07194536363636, -9.123337454545457 ], [ -57.075563363636363, -9.188335454545456 ], [ -57.073619363636368, -9.197785454545457 ], [ -57.06583436363637, -9.218053454545458 ], [ -57.059174363636359, -9.228889454545456 ], [ -57.048887363636368, -9.234163454545456 ], [ -56.998892363636372, -9.249724454545458 ], [ -56.977499363636369, -9.239725454545457 ], [ -56.967230363636361, -9.238339454545457 ], [ -56.946107363636372, -9.238888454545457 ], [ -56.868617363636361, -9.254449454545458 ], [ -56.847503363636363, -9.263332454545456 ], [ -56.83638836363636, -9.272215454545456 ], [ -56.82695636363637, -9.282781454545457 ], [ -56.819450363636363, -9.292231454545458 ], [ -56.806949363636363, -9.313336454545457 ], [ -56.810279363636369, -9.335557454545455 ], [ -56.809172363636364, -9.346393454545456 ], [ -56.798894363636364, -9.375004454545458 ], [ -56.793332363636367, -9.385003454545458 ], [ -56.786393363636364, -9.395839454545456 ], [ -56.776943363636363, -9.401941454545458 ], [ -56.767223363636361, -9.403336454545457 ], [ -56.754173363636369, -9.401941454545458 ], [ -56.743058363636365, -9.398611454545456 ], [ -56.710550363636372, -9.379720454545456 ], [ -56.70056036363637, -9.375553454545457 ], [ -56.678339363636368, -9.374176454545456 ], [ -56.588339363636365, -9.407503454545456 ], [ -56.57805236363636, -9.414163454545456 ], [ -56.549441363636362, -9.443890454545457 ], [ -56.483606363636369, -9.472231454545458 ], [ -56.461673363636365, -9.479728454545455 ], [ -56.44492436363636, -9.482473454545456 ], [ -56.41278536363636, -9.482500454545455 ], [ -56.40055436363636, -9.485839454545456 ], [ -56.391113363636364, -9.490555454545458 ], [ -56.380007363636366, -9.499168454545458 ], [ -56.349164363636362, -9.541945454545456 ], [ -56.319725363636366, -9.573058454545457 ], [ -56.293067363636368, -9.591949454545457 ], [ -56.26973036363637, -9.601390454545456 ], [ -56.081945363636365, -9.643339454545458 ], [ -56.015282363636359, -9.649441454545457 ], [ -55.973621363636369, -9.637219454545455 ], [ -55.962785363636371, -9.635833454545455 ], [ -55.952507363636371, -9.637777454545457 ], [ -55.939448363636359, -9.643888454545458 ], [ -55.90861436363636, -9.665551454545458 ], [ -55.820009363636359, -9.731107454545455 ], [ -55.798337363636364, -9.749170454545457 ], [ -55.600832363636371, -9.917497454545458 ], [ -55.583066363636362, -9.940285454545457 ], [ -55.571672363636367, -9.961948454545457 ], [ -55.549442363636359, -10.036666454545458 ], [ -55.548056363636363, -10.046944454545457 ], [ -55.550837363636361, -10.067779454545455 ], [ -55.568612363636362, -10.158886454545456 ], [ -55.576955363636372, -10.179730454545457 ], [ -55.602227363636359, -10.229725454545456 ], [ -55.610003363636366, -10.239724454545456 ], [ -55.619444363636362, -10.246663454545455 ], [ -55.639163363636371, -10.253890454545456 ], [ -55.681121363636365, -10.260001454545456 ], [ -55.702505363636362, -10.255285454545458 ], [ -55.725563363636368, -10.252783454545458 ], [ -55.769996363636366, -10.251946454545457 ], [ -55.791947363636368, -10.253332454545458 ], [ -55.814726363636368, -10.260838454545457 ], [ -55.825562363636365, -10.268893454545456 ], [ -55.833338363636372, -10.278334454545458 ], [ -55.910000363636371, -10.377496454545458 ], [ -55.92027836363637, -10.396945454545456 ], [ -55.928333363636369, -10.417231454545458 ], [ -55.929728363636372, -10.436671454545458 ], [ -55.927784363636363, -10.448335454545457 ], [ -55.920836363636369, -10.469161454545457 ], [ -55.907228363636364, -10.489159454545458 ], [ -55.867502363636362, -10.526392454545459 ], [ -55.851113363636372, -10.545832454545458 ], [ -55.843607363636366, -10.565281454545456 ], [ -55.841663363636371, -10.574722454545459 ], [ -55.840835363636359, -10.638055454545459 ], [ -55.842779363636367, -10.647496454545458 ], [ -55.849727363636362, -10.659160454545457 ], [ -55.893620363636359, -10.683334454545456 ], [ -55.914176363636372, -10.703611454545456 ], [ -55.92027836363637, -10.714168454545458 ], [ -55.936676363636366, -10.766674454545456 ], [ -55.936109363636362, -10.804996454545456 ], [ -55.933337363636369, -10.815283454545458 ], [ -55.928333363636369, -10.825282454545459 ], [ -55.843607363636366, -10.971388454545458 ], [ -55.832501363636368, -10.990279454545458 ], [ -55.823060363636372, -10.996111454545456 ], [ -55.812782363636359, -10.996948454545457 ], [ -55.740836363636362, -11.001664454545455 ], [ -55.709165363636359, -10.986112454545456 ], [ -55.607231363636359, -10.971946454545456 ], [ -55.555553363636363, -10.974727454545455 ], [ -55.546112363636368, -10.976113454545455 ], [ -55.371395363636367, -11.026387454545457 ], [ -55.339724363636364, -11.040004454545457 ], [ -55.309448363636363, -11.056663454545458 ], [ -55.301942363636371, -11.075554454545458 ], [ -55.301942363636371, -11.085553454545458 ], [ -55.304174363636363, -11.095003454545456 ], [ -55.319456363636363, -11.114731454545456 ], [ -55.368614363636368, -11.141389454545457 ], [ -55.387784363636371, -11.154160454545458 ], [ -55.405550363636365, -11.173051454545458 ], [ -55.420562363636364, -11.193337454545457 ], [ -55.437779363636366, -11.225557454545456 ], [ -55.44445736363636, -11.248894454545457 ], [ -55.449443363636362, -11.278054454545458 ], [ -55.456949363636369, -11.308339454545457 ], [ -55.475561363636359, -11.370556454545458 ], [ -55.480835363636359, -11.380834454545457 ], [ -55.502228363636362, -11.396944454545459 ], [ -55.540001363636364, -11.440558454545457 ], [ -55.603055363636372, -11.521666454545457 ], [ -55.715285363636369, -11.668888454545456 ], [ -55.722782363636369, -11.679445454545458 ], [ -55.740836363636362, -11.719729454545458 ], [ -55.746119363636367, -11.739997454545456 ], [ -55.736669363636366, -11.749447454545457 ], [ -55.726391363636367, -11.751391454545455 ], [ -55.71666236363636, -11.759446454545458 ], [ -55.703612363636367, -11.778058454545459 ], [ -55.699445363636372, -11.787499454545458 ], [ -55.679726363636362, -11.847223454545457 ], [ -55.68249836363637, -11.857231454545456 ], [ -55.711946363636372, -11.868607454545458 ], [ -55.715285363636369, -11.879443454545456 ], [ -55.713890363636366, -11.888893454545457 ], [ -55.678889363636372, -11.965285454545455 ], [ -55.621946363636368, -12.051676454545458 ], [ -55.580285363636364, -12.128887454545456 ], [ -55.59194936363636, -12.183886454545458 ], [ -55.612496363636367, -12.265552454545457 ], [ -55.62138836363637, -12.284731454545458 ], [ -55.629722363636361, -12.294172454545457 ], [ -55.639163363636371, -12.298339454545456 ], [ -55.64944136363637, -12.298339454545456 ], [ -55.668620363636364, -12.288052454545458 ], [ -55.678340363636366, -12.284731454545458 ], [ -55.688618363636365, -12.283606454545456 ], [ -55.707779363636362, -12.291661454545459 ], [ -55.718057363636362, -12.300283454545458 ], [ -55.796105363636372, -12.412783454545458 ], [ -55.798895363636362, -12.423340454545457 ], [ -55.818065363636364, -12.645550454545457 ], [ -55.783334363636371, -12.716389454545457 ], [ -55.697501363636363, -12.822499454545458 ], [ -55.712783363636362, -12.944998454545456 ], [ -55.726958363636371, -13.033054454545457 ], [ -55.728335363636361, -13.043053454545458 ], [ -55.726958363636371, -13.052503454545455 ], [ -55.689176363636363, -13.132504454545458 ], [ -55.683065363636359, -13.141675454545457 ], [ -55.620839363636364, -13.231945454545457 ], [ -55.535834363636368, -13.322503454545458 ], [ -55.485839363636359, -13.344445454545458 ], [ -55.475561363636359, -13.349161454545456 ], [ -55.425566363636364, -13.403332454545456 ], [ -55.412228363636359, -13.421944454545457 ], [ -55.390007363636371, -13.480552454545457 ], [ -55.378064363636369, -13.500550454545458 ], [ -55.361945363636366, -13.523050454545459 ], [ -55.352783363636362, -13.533337454545457 ], [ -55.343333363636361, -13.540555454545459 ], [ -55.220555363636365, -13.590550454545458 ], [ -55.155557363636362, -13.611106454545457 ], [ -55.146116363636366, -13.615282454545458 ], [ -55.135559363636361, -13.623886454545456 ], [ -55.12806236363636, -13.633057454545458 ], [ -55.108064363636359, -13.720285454545458 ], [ -55.109729363636362, -13.729726454545457 ], [ -55.126118363636365, -13.758337454545458 ], [ -55.129448363636371, -13.768894454545457 ], [ -55.130834363636367, -13.787497454545456 ], [ -55.127504363636362, -13.801663454545459 ], [ -55.122509363636368, -13.811671454545458 ], [ -55.070552363636367, -13.896667454545458 ], [ -55.017785363636364, -13.991941454545458 ], [ -54.97805036363637, -14.078332454545457 ], [ -54.957503363636363, -14.150557454545456 ], [ -54.919172363636363, -14.278051454545459 ], [ -54.913610363636366, -14.287501454545456 ], [ -54.904160363636365, -14.295556454545459 ], [ -54.89362136363637, -14.300002454545456 ], [ -54.87389336363637, -14.302783454545455 ], [ -54.864173363636368, -14.310001454545457 ], [ -54.868340363636364, -14.329999454545458 ], [ -54.898337363636372, -14.377231454545456 ], [ -54.906113363636365, -14.387221454545458 ], [ -54.935561363636367, -14.424166454545457 ], [ -54.945011363636368, -14.434165454545457 ], [ -55.005284363636363, -14.480002454545456 ], [ -55.015013363636371, -14.483332454545458 ], [ -55.044443363636361, -14.488606454545458 ], [ -55.074719363636362, -14.488606454545458 ], [ -55.104725363636362, -14.491387454545457 ], [ -55.124723363636363, -14.500558454545455 ], [ -55.143893363636366, -14.514445454545456 ], [ -55.153334363636361, -14.525002454545458 ], [ -55.16777936363637, -14.543605454545457 ], [ -55.180838363636369, -14.573611454545457 ], [ -55.187777363636371, -14.584159454545457 ], [ -55.232228363636366, -14.633893454545458 ] ] } },
{ "type": "Feature", "properties": { "NAME": "Tapajos", "SYSTEM": "Amazon", "MILES": 504.47161, "KILOMETERS": 811.86998 }, "geometry": { "type": "LineString", "coordinates": [ [ -58.13556536363636, -7.339159454545456 ], [ -58.154726363636371, -7.324165454545458 ], [ -58.171952363636365, -7.303051454545457 ], [ -58.178333363636369, -7.280551454545456 ], [ -58.178612363636361, -7.270282454545455 ], [ -58.178612363636361, -7.260832454545458 ], [ -58.173338363636361, -7.241113454545456 ], [ -58.173338363636361, -7.220836454545456 ], [ -58.181402363636366, -7.177780454545456 ], [ -58.19389436363636, -7.145281454545458 ], [ -58.217780363636365, -7.101667454545456 ], [ -58.22695136363636, -7.092226454545457 ], [ -58.310282363636361, -7.006663454545457 ], [ -58.321397363636365, -6.997780454545456 ], [ -58.341665363636366, -6.987502454545456 ], [ -58.357514363636369, -6.983857454545458 ], [ -58.389167363636361, -6.965002454545456 ], [ -58.396115363636369, -6.954715454545457 ], [ -58.416392363636362, -6.923611454545458 ], [ -58.428335363636364, -6.900553454545456 ], [ -58.441943363636369, -6.869161454545456 ], [ -58.449449363636361, -6.847498454545455 ], [ -58.469456363636368, -6.773887454545456 ], [ -58.472228363636361, -6.753610454545456 ], [ -58.472228363636361, -6.723613454545458 ], [ -58.467224363636362, -6.701662454545456 ], [ -58.458620363636371, -6.680557454545458 ], [ -58.447496363636361, -6.660280454545457 ], [ -58.430279363636359, -6.639724454545458 ], [ -58.285001363636368, -6.486661454545455 ], [ -58.253060363636365, -6.462226454545458 ], [ -58.182230363636364, -6.425281454545456 ], [ -58.172501363636371, -6.421393454545456 ], [ -58.150280363636369, -6.417226454545457 ], [ -58.070558363636366, -6.411106454545457 ], [ -57.972503363636363, -6.396112454545456 ], [ -57.959444363636365, -6.391387454545455 ], [ -57.947780363636369, -6.384448454545456 ], [ -57.902501363636361, -6.349726454545458 ], [ -57.878615363636371, -6.339448454545458 ], [ -57.833894363636361, -6.326659454545457 ], [ -57.769724363636371, -6.329449454545458 ], [ -57.74972636363637, -6.323338454545457 ], [ -57.73944836363637, -6.315004454545456 ], [ -57.596123363636366, -6.101659454545455 ], [ -57.594179363636371, -6.079447454545456 ], [ -57.601136363636371, -6.036391454545456 ], [ -57.605834363636362, -5.963608454545458 ], [ -57.603890363636367, -5.953888454545456 ], [ -57.595835363636368, -5.943052454545455 ], [ -57.574442363636365, -5.929444454545457 ], [ -57.55445336363637, -5.929444454545457 ], [ -57.541394363636371, -5.927221454545457 ], [ -57.530558363636359, -5.924719454545457 ], [ -57.51944336363637, -5.919166454545458 ], [ -57.509174363636362, -5.911111454545456 ], [ -57.426392363636367, -5.837500454545456 ], [ -57.291392363636362, -5.763052454545456 ], [ -57.277784363636371, -5.752225454545457 ], [ -57.270278363636365, -5.741389454545455 ], [ -57.251117363636368, -5.707225454545458 ], [ -57.234728363636364, -5.671666454545456 ], [ -57.22139036363636, -5.647780454545458 ], [ -57.212777363636363, -5.637502454545455 ], [ -57.143333363636359, -5.581666454545456 ], [ -57.119996363636361, -5.563891454545455 ], [ -57.098063363636371, -5.553613454545456 ], [ -57.077507363636371, -5.552497454545456 ], [ -57.068066363636362, -5.547502454545455 ], [ -57.029159363636367, -5.523607454545456 ], [ -57.021392363636366, -5.514166454545457 ], [ -56.970002363636368, -5.411107454545458 ], [ -56.959724363636369, -5.390002454545456 ], [ -56.958617363636364, -5.379715454545458 ], [ -56.968058363636359, -5.359159454545456 ], [ -56.974160363636372, -5.338054454545457 ], [ -56.952785363636366, -5.273335454545457 ], [ -56.945279363636359, -5.252779454545458 ], [ -56.940563363636372, -5.242501454545458 ], [ -56.926946363636361, -5.221387454545457 ], [ -56.908334363636371, -5.198887454545456 ], [ -56.898605363636364, -5.192218454545458 ], [ -56.889164363636368, -5.190004454545456 ], [ -56.812502363636369, -5.076109454545456 ], [ -56.735552363636359, -4.955833454545456 ], [ -56.728334363636364, -4.943611454545454 ], [ -56.705555363636364, -4.890277454545455 ], [ -56.698058363636363, -4.86860545454546 ], [ -56.691119363636361, -4.838608454545458 ], [ -56.696672363636367, -4.807783454545458 ], [ -56.691947363636359, -4.788055454545457 ], [ -56.684441363636367, -4.777777454545458 ], [ -56.639729363636363, -4.743613454545454 ], [ -56.606942363636364, -4.72638745454546 ], [ -56.56223036363636, -4.707496454545456 ], [ -56.551943363636369, -4.708054454545454 ], [ -56.452511363636361, -4.734730454545456 ], [ -56.423891363636372, -4.745557454545455 ], [ -56.411660363636372, -4.74416245454546 ], [ -56.402498363636369, -4.734730454545456 ], [ -56.393057363636359, -4.722499454545456 ], [ -56.373887363636371, -4.684996454545455 ], [ -56.319167363636367, -4.645279454545459 ], [ -56.295281363636363, -4.634443454545455 ], [ -56.261387363636359, -4.613887454545456 ], [ -56.25722936363637, -4.602781454545458 ], [ -56.256662363636366, -4.520278454545455 ], [ -56.25722936363637, -4.463605454545458 ], [ -56.256113363636359, -4.43972845454546 ], [ -56.253890363636359, -4.426660454545456 ], [ -56.246393363636372, -4.405555454545457 ], [ -56.230004363636368, -4.384999454545458 ], [ -56.219726363636369, -4.378888454545454 ], [ -56.195552363636367, -4.374721454545458 ], [ -56.185283363636358, -4.375279454545456 ], [ -56.165555363636372, -4.379446454545459 ], [ -56.143622363636368, -4.384999454545458 ], [ -56.132507363636364, -4.389724454545458 ], [ -56.123066363636369, -4.391110454545455 ], [ -56.113616363636368, -4.391947454545459 ], [ -56.09639036363636, -4.38639445454546 ], [ -56.08611236363636, -4.380832454545455 ], [ -55.97084036363637, -4.309165454545457 ], [ -55.869725363636363, -4.243609454545457 ], [ -55.846946363636363, -4.224997454545459 ], [ -55.817507363636366, -4.180555454545456 ], [ -55.790003363636359, -4.146391454545459 ], [ -55.780553363636372, -4.139731454545455 ], [ -55.75916936363636, -4.12860745454546 ], [ -55.69610636363636, -4.103335454545459 ], [ -55.675559363636367, -4.091113454545457 ], [ -55.665281363636367, -4.081393454545456 ], [ -55.642223363636361, -4.050838454545456 ], [ -55.625555363636366, -4.022785454545456 ], [ -55.62000236363636, -4.002229454545457 ], [ -55.617500363636367, -3.968056454545454 ], [ -55.61389136363637, -3.94333345454546 ], [ -55.588619363636369, -3.844999454545459 ], [ -55.556399363636359, -3.788335454545454 ], [ -55.530281363636362, -3.745837454545459 ], [ -55.518050363636362, -3.730834454545459 ], [ -55.495280363636368, -3.711664454545456 ], [ -55.478333363636366, -3.701386454545457 ], [ -55.440560363636365, -3.683053454545458 ], [ -55.433063363636364, -3.676663454545455 ], [ -55.420013363636372, -3.662497454545459 ], [ -55.41445136363636, -3.654163454545454 ], [ -55.403615363636362, -3.637216454545459 ], [ -55.393337363636363, -3.616111454545454 ], [ -55.34523236363637, -3.544768454545455 ], [ -55.330400363636372, -3.515104454545458 ], [ -55.315559363636368, -3.449827454545456 ], [ -55.247330363636365, -3.283669454545453 ], [ -55.214687363636372, -3.224323454545456 ], [ -55.176122363636367, -3.162016454545459 ], [ -55.158320363636363, -3.099709454545454 ], [ -55.164242363636362, -2.960263454545455 ], [ -55.125668363636365, -2.853442454545458 ], [ -55.098974363636358, -2.740699454545457 ], [ -55.072271363636361, -2.613115454545458 ], [ -55.036667363636369, -2.479600454545455 ], [ -55.004024363636361, -2.438056454545453 ], [ -54.956558363636361, -2.420254454545457 ], [ -54.912044363636369, -2.405422454545459 ], [ -54.831935363636362, -2.384650454545458 ], [ -54.728093363636361, -2.414314454545455 ], [ -54.60575636363636, -2.430163454545458 ] ] } },
{ "type": "Feature", "properties": { "NAME": "Tocantins", "SYSTEM": null, "MILES": 1265.97721, "KILOMETERS": 2037.3969 }, "geometry": { "type": "LineString", "coordinates": [ [ -49.487231363636369, -2.549701454545456 ], [ -49.533770363636364, -2.585917454545459 ], [ -49.565549363636364, -2.606140454545454 ], [ -49.652201363636365, -2.652355454545457 ], [ -49.663757363636364, -2.66102245454546 ], [ -49.675313363636363, -2.67834745454546 ], [ -49.678202363636359, -2.773675454545454 ], [ -49.678202363636359, -2.811214454545457 ], [ -49.672424363636367, -2.84011345454546 ], [ -49.649321363636361, -2.912320454545458 ], [ -49.646423363636359, -2.929654454545457 ], [ -49.657979363636372, -3.117412454545459 ], [ -49.669535363636371, -3.146293454545457 ], [ -49.669535363636371, -3.250279454545456 ], [ -49.663757363636364, -3.28494745454546 ], [ -49.626209363636363, -3.414925454545454 ], [ -49.617533363636369, -3.510244454545457 ], [ -49.617533363636369, -3.542014454545459 ], [ -49.620431363636371, -3.562246454545459 ], [ -49.640645363636366, -3.614239454545455 ], [ -49.655090363636361, -3.637342454545454 ], [ -49.678202363636359, -3.657565454545455 ], [ -49.692647363636368, -3.677779454545458 ], [ -49.701305363636365, -3.729772454545454 ], [ -49.701305363636365, -3.781774454545456 ], [ -49.692647363636368, -3.804877454545455 ], [ -49.621943363636362, -3.989728454545457 ], [ -49.640843363636364, -4.030282454545457 ], [ -49.523348363636359, -4.538332454545454 ], [ -49.443347363636363, -4.613887454545456 ], [ -49.445282363636366, -4.907503454545456 ], [ -49.339730363636363, -5.007502454545456 ], [ -49.317518363636367, -5.178340454545456 ], [ -49.206674363636367, -5.341393454545457 ], [ -49.158335363636368, -5.353057454545457 ], [ -48.956672363636372, -5.285557454545458 ], [ -48.717713363636364, -5.356855454545457 ], [ -48.690560363636365, -5.321944454545456 ], [ -48.678887363636363, -5.312782454545456 ], [ -48.519173363636369, -5.199445454545458 ], [ -48.436958363636364, -5.172499454545456 ], [ -48.397511363636369, -5.165002454545458 ], [ -48.364175363636363, -5.165002454545458 ], [ -48.338057363636366, -5.167504454545458 ], [ -48.312497363636368, -5.182219454545457 ], [ -48.243053363636363, -5.224159454545457 ], [ -48.19360736363636, -5.251663454545458 ], [ -48.152225363636362, -5.266945454545457 ], [ -48.077507363636371, -5.271391454545459 ], [ -48.067220363636366, -5.271112454545456 ], [ -48.043622363636359, -5.269159454545456 ], [ -48.032228363636364, -5.259997454545456 ], [ -48.016397363636372, -5.241394454545457 ], [ -48.002231363636369, -5.235004454545457 ], [ -47.996120363636365, -5.234446454545456 ], [ -47.960840363636365, -5.239441454545457 ], [ -47.915840363636363, -5.248054454545457 ], [ -47.895284363636364, -5.255551454545458 ], [ -47.885834363636363, -5.260285454545457 ], [ -47.875835363636369, -5.270833454545457 ], [ -47.857781363636363, -5.300281454545456 ], [ -47.857511363636362, -5.312215454545456 ], [ -47.859725363636372, -5.331394454545457 ], [ -47.855837363636368, -5.361112454545456 ], [ -47.845550363636363, -5.378050454545455 ], [ -47.838890363636366, -5.384998454545457 ], [ -47.830835363636368, -5.389444454545458 ], [ -47.813618363636365, -5.393611454545457 ], [ -47.800559363636367, -5.394727454545457 ], [ -47.768618363636364, -5.393332454545458 ], [ -47.755280363636359, -5.386393454545455 ], [ -47.742779363636359, -5.386663454545456 ], [ -47.543618363636369, -5.475556454545458 ], [ -47.501948363636359, -5.523058454545456 ], [ -47.482229363636364, -5.551390454545455 ], [ -47.473616363636367, -5.576392454545456 ], [ -47.46500336363637, -5.629159454545455 ], [ -47.466659363636367, -5.674447454545458 ], [ -47.454725363636371, -5.771386454545457 ], [ -47.444456363636363, -5.788891454545457 ], [ -47.415836363636359, -5.862214454545455 ], [ -47.413334363636366, -5.870557454545455 ], [ -47.412506363636368, -5.924161454545455 ], [ -47.41278536363636, -5.931109454545457 ], [ -47.427509363636361, -5.984164454545457 ], [ -47.430569363636366, -6.009715454545457 ], [ -47.427230363636369, -6.106105454545457 ], [ -47.415845363636365, -6.168340454545458 ], [ -47.411957363636361, -6.178339454545458 ], [ -47.40667436363637, -6.186664454545458 ], [ -47.380844363636371, -6.215833454545457 ], [ -47.371943363636362, -6.234166454545456 ], [ -47.368901363636368, -6.251392454545456 ], [ -47.369999363636367, -6.276106454545456 ], [ -47.403614363636365, -6.397498454545456 ], [ -47.450279363636369, -6.549166454545457 ], [ -47.454725363636371, -6.558607454545456 ], [ -47.483894363636367, -6.671944454545457 ], [ -47.485001363636371, -6.678055454545458 ], [ -47.50333436363637, -6.818608454545458 ], [ -47.503622363636367, -6.825556454545456 ], [ -47.499725363636372, -6.848335454545456 ], [ -47.487503363636364, -6.876946454545457 ], [ -47.483336363636369, -6.893056454545455 ], [ -47.483336363636369, -6.898339454545457 ], [ -47.501399363636367, -6.988051454545456 ], [ -47.510552363636364, -7.006942454545456 ], [ -47.606393363636371, -7.104448454545455 ], [ -47.67751136363637, -7.144723454545456 ], [ -47.694161363636368, -7.145281454545458 ], [ -47.726111363636363, -7.161391454545456 ], [ -47.736389363636363, -7.178887454545457 ], [ -47.741105363636365, -7.195285454545456 ], [ -47.740835363636364, -7.201387454545458 ], [ -47.731673363636361, -7.219720454545456 ], [ -47.617229363636369, -7.294996454545458 ], [ -47.594999363636362, -7.275835454545458 ], [ -47.58444236363637, -7.272784454545455 ], [ -47.573336363636372, -7.271947454545458 ], [ -47.518058363636371, -7.280839454545458 ], [ -47.498888363636368, -7.289722454545458 ], [ -47.486387363636368, -7.304725454545459 ], [ -47.479169363636359, -7.318612454545455 ], [ -47.474165363636359, -7.347214454545458 ], [ -47.474723363636372, -7.366393454545456 ], [ -47.479448363636365, -7.380001454545457 ], [ -47.489726363636365, -7.390558454545456 ], [ -47.51166836363636, -7.402780454545457 ], [ -47.54388836363637, -7.411393454545458 ], [ -47.563058363636358, -7.419448454545456 ], [ -47.583065363636365, -7.433893454545458 ], [ -47.589176363636369, -7.446106454545458 ], [ -47.614169363636364, -7.486390454545457 ], [ -47.620001363636362, -7.548886454545457 ], [ -47.624168363636372, -7.623055454545458 ], [ -47.623889363636366, -7.629445454545458 ], [ -47.630009363636361, -7.644448454545458 ], [ -47.638892363636359, -7.656391454545457 ], [ -47.675000363636372, -7.695001454545459 ], [ -47.699174363636359, -7.711948454545457 ], [ -47.778338363636365, -7.763338454545458 ], [ -47.845550363636363, -7.791661454545459 ], [ -47.880839363636369, -7.804162454545455 ], [ -47.893052363636372, -7.812784454545458 ], [ -47.902223363636367, -7.824160454545456 ], [ -47.966663363636371, -7.951663454545457 ], [ -47.961110363636365, -8.025004454545456 ], [ -47.95694336363637, -8.047783454545456 ], [ -47.959724363636369, -8.059447454545456 ], [ -47.965565363636372, -8.067502454545458 ], [ -47.972783363636367, -8.074162454545458 ], [ -47.977778363636361, -8.076106454545457 ], [ -47.998892363636372, -8.082226454545456 ], [ -48.031670363636366, -8.089723454545457 ], [ -48.083618363636361, -8.091946454545457 ], [ -48.108062363636364, -8.088058454545457 ], [ -48.127223363636361, -8.089444454545458 ], [ -48.134999363636368, -8.095285454545458 ], [ -48.156113363636365, -8.130277454545457 ], [ -48.17167436363637, -8.156665454545458 ], [ -48.178064363636366, -8.178337454545456 ], [ -48.17778536363636, -8.191666454545455 ], [ -48.145835363636365, -8.347780454545457 ], [ -48.14139836363637, -8.363890454545459 ], [ -48.135836363636372, -8.376949454545457 ], [ -48.130013363636365, -8.385004454545456 ], [ -48.095552363636372, -8.413057454545456 ], [ -48.091664363636369, -8.429725454545459 ], [ -48.094175363636367, -8.470279454545455 ], [ -48.09584036363637, -8.482501454545456 ], [ -48.099728363636359, -8.492779454545456 ], [ -48.107513363636372, -8.506387454545457 ], [ -48.114731363636366, -8.512777454545457 ], [ -48.131660363636371, -8.516386454545458 ], [ -48.138617363636371, -8.523055454545457 ], [ -48.144170363636363, -8.531659454545458 ], [ -48.147230363636368, -8.542504454545458 ], [ -48.14777936363636, -8.589448454545458 ], [ -48.138059363636359, -8.733052454545458 ], [ -48.180719363636371, -8.961031454545456 ], [ -48.18749636363637, -9.011386454545455 ], [ -48.192779363636362, -9.026947454545457 ], [ -48.204173363636372, -9.043894454545455 ], [ -48.229445363636358, -9.066943454545456 ], [ -48.23889536363636, -9.078337454545458 ], [ -48.27333836363637, -9.120277454545455 ], [ -48.279161363636362, -9.128332454545458 ], [ -48.311957363636367, -9.179443454545456 ], [ -48.318887363636364, -9.193609454545456 ], [ -48.345833363636359, -9.251947454545459 ], [ -48.349730363636368, -9.261946454545456 ], [ -48.371942363636364, -9.344998454545458 ], [ -48.381950363636363, -9.445834454545459 ], [ -48.383057363636368, -9.558055454545457 ], [ -48.376946363636364, -9.679447454545457 ], [ -48.36472436363637, -9.759997454545456 ], [ -48.353618363636372, -9.809164454545456 ], [ -48.347498363636362, -9.816949454545458 ], [ -48.342224363636362, -9.825553454545457 ], [ -48.329723363636361, -9.847225454545455 ], [ -48.327509363636366, -9.858340454545456 ], [ -48.346121363636371, -9.991945454545458 ], [ -48.381950363636363, -10.084717454545459 ], [ -48.385838363636367, -10.088056454545455 ], [ -48.393335363636368, -10.101664454545457 ], [ -48.426122363636367, -10.171108454545458 ], [ -48.429452363636372, -10.181944454545455 ], [ -48.433889363636368, -10.206109454545459 ], [ -48.433619363636367, -10.219159454545458 ], [ -48.431945363636359, -10.223893454545458 ], [ -48.428336363636362, -10.227502454545458 ], [ -48.408338363636361, -10.235836454545456 ], [ -48.401948363636365, -10.243054454545458 ], [ -48.400283363636362, -10.253332454545458 ], [ -48.438902363636359, -10.454176454545458 ], [ -48.44666936363636, -10.473337454545458 ], [ -48.424169363636366, -10.650835454545458 ], [ -48.402227363636371, -10.775557454545456 ], [ -48.39805136363637, -10.811674454545457 ], [ -48.398609363636368, -10.823887454545456 ], [ -48.418337363636368, -10.874728454545458 ], [ -48.432782363636363, -10.902502454545456 ], [ -48.461105363636364, -10.929448454545458 ], [ -48.481391363636362, -10.943893454545456 ], [ -48.516671363636362, -10.963612454545459 ], [ -48.563615363636359, -11.028610454545458 ], [ -48.566675363636364, -11.039446454545455 ], [ -48.515285363636366, -11.171665454545458 ], [ -48.498059363636372, -11.215558454545455 ], [ -48.485279363636366, -11.230552454545457 ], [ -48.469727363636366, -11.242783454545457 ], [ -48.463895363636368, -11.250550454545458 ], [ -48.45806336363637, -11.265283454545457 ], [ -48.456668363636368, -11.270836454545456 ], [ -48.45694736363636, -11.290834454545458 ], [ -48.462113363636362, -11.325475454545458 ], [ -48.480563363636364, -11.364724454545456 ], [ -48.49222736363636, -11.380834454545457 ], [ -48.601676363636372, -11.498887454545457 ], [ -48.635282363636364, -11.527777454545458 ], [ -48.657224363636359, -11.533051454545458 ], [ -48.668618363636369, -11.542231454545458 ], [ -48.670832363636364, -11.546947454545457 ], [ -48.653615363636362, -11.684449454545458 ], [ -48.649997363636359, -11.701108454545459 ], [ -48.646118363636361, -11.710837454545455 ], [ -48.593054363636369, -11.834722454545457 ], [ -48.586673363636365, -11.848609454545457 ], [ -48.583892363636366, -11.853055454545459 ], [ -48.575837363636367, -11.858608454545458 ], [ -48.56056436363636, -11.864728454545457 ], [ -48.549998363636362, -11.881666454545456 ], [ -48.53778536363636, -11.910277454545458 ], [ -48.509444363636362, -12.003607454545456 ], [ -48.508904363636361, -12.008332454545457 ], [ -48.512513363636359, -12.026107454545457 ], [ -48.512216363636369, -12.052225454545457 ], [ -48.482507363636358, -12.182500454545458 ], [ -48.479168363636362, -12.191662454545458 ], [ -48.467225363636359, -12.207223454545456 ], [ -48.427229363636371, -12.229444454545458 ], [ -48.415556363636369, -12.231946454545458 ], [ -48.39500036363637, -12.231946454545458 ], [ -48.33055136363636, -12.253051454545457 ], [ -48.282230363636359, -12.288610454545456 ], [ -48.268622363636368, -12.302785454545457 ], [ -48.260837363636369, -12.315556454545458 ], [ -48.243620363636367, -12.379447454545456 ], [ -48.223064363636368, -12.468052454545457 ], [ -48.222785363636362, -12.474163454545458 ], [ -48.223064363636368, -12.481111454545456 ], [ -48.227294363636361, -12.487249454545456 ], [ -48.236942363636359, -12.494998454545456 ], [ -48.288062363636371, -12.558340454545458 ], [ -48.289727363636359, -12.563605454545456 ], [ -48.291392363636362, -12.670840454545456 ], [ -48.185282363636361, -12.918610454545458 ], [ -48.158894363636364, -12.967498454545456 ], [ -48.149174363636362, -12.985003454545456 ], [ -48.141110363636372, -13.079449454545458 ], [ -48.176120363636372, -13.268611454545457 ], [ -48.186668363636372, -13.374730454545457 ], [ -48.202778363636369, -13.427497454545456 ], [ -48.207224363636371, -13.427227454545456 ], [ -48.214172363636365, -13.441393454545459 ], [ -48.215567363636367, -13.461391454545456 ], [ -48.213335363636361, -13.472227454545457 ], [ -48.207224363636371, -13.480003454545457 ], [ -48.114443363636369, -13.538611454545457 ], [ -48.096119363636362, -13.539160454545456 ], [ -48.089999363636366, -13.546945454545458 ], [ -48.088055363636371, -13.551949454545458 ], [ -48.091664363636369, -13.588057454545456 ], [ -48.09388736363637, -13.607227454545455 ], [ -48.129446363636362, -13.751947454545459 ], [ -48.134729363636367, -13.760551454545457 ], [ -48.220283363636369, -13.834720454545458 ], [ -48.245564363636362, -13.850839454545458 ], [ -48.258335363636363, -13.851667454545456 ], [ -48.26306036363637, -13.849444454545456 ], [ -48.267227363636366, -13.846672454545455 ], [ -48.275282363636364, -13.833892454545456 ], [ -48.296675363636368, -13.819996454545457 ], [ -48.30222836363636, -13.819726454545457 ], [ -48.344456363636368, -13.820833454545458 ], [ -48.349730363636368, -13.822777454545456 ], [ -48.355004363636368, -13.831660454545457 ], [ -48.36055736363636, -13.852504454545457 ], [ -48.358892363636372, -13.965553454545457 ], [ -48.381392363636365, -13.977784454545457 ], [ -48.445013363636363, -14.014999454545457 ], [ -48.469727363636366, -14.034727454545457 ], [ -48.489725363636367, -14.070835454545456 ], [ -48.505007363636366, -14.097781454545459 ], [ -48.517778363636367, -14.119714454545456 ], [ -48.605564363636361, -14.173336454545456 ], [ -48.647783363636364, -14.166109454545456 ], [ -48.665837363636371, -14.162500454545459 ], [ -48.696671363636369, -14.145553454545457 ], [ -48.75695336363637, -14.115277454545456 ], [ -48.847781363636372, -14.134159454545458 ], [ -48.87000236363636, -14.146948454545456 ], [ -48.884447363636369, -14.159998454545455 ], [ -48.891404363636369, -14.167225454545456 ], [ -48.928610363636366, -14.213890454545457 ], [ -48.979172363636366, -14.274730454545455 ], [ -48.999458363636364, -14.289166454545455 ], [ -48.988064363636369, -14.364730454545455 ], [ -48.982223363636365, -14.410837454545458 ], [ -48.987785363636362, -14.440834454545456 ], [ -48.992501363636364, -14.450284454545457 ], [ -49.001402363636359, -14.462227454545456 ], [ -49.015280363636364, -14.476105454545458 ], [ -49.02667436363636, -14.508334454545459 ], [ -49.027781363636365, -14.602780454545456 ], [ -49.023056363636371, -14.650840454545456 ], [ -49.015838363636362, -14.703886454545458 ], [ -49.015550363636365, -14.709997454545459 ], [ -49.017782363636371, -14.714731454545458 ], [ -49.083617363636364, -14.729725454545456 ], [ -49.116674363636363, -14.729167454545458 ], [ -49.159442363636359, -14.731669454545457 ], [ -49.164455363636364, -14.733334454545457 ], [ -49.168064363636361, -14.735278454545458 ], [ -49.276388363636372, -14.839723454545457 ], [ -49.303334363636367, -14.905558454545456 ], [ -49.307501363636362, -14.922496454545456 ], [ -49.310840363636359, -14.960836454545458 ], [ -49.313054363636368, -14.965282454545456 ], [ -49.344455363636371, -15.018058454545457 ], [ -49.350278363636363, -15.026113454545456 ], [ -49.404161363636362, -15.091660454545458 ], [ -49.434176363636368, -15.108886454545456 ], [ -49.43972936363636, -15.110002454545459 ], [ -49.452779363636367, -15.101947454545456 ], [ -49.464173363636363, -15.101389454545458 ], [ -49.504718363636371, -15.121666454545458 ], [ -49.54862036363636, -15.186943454545457 ], [ -49.582784363636364, -15.315283454545458 ], [ -49.590560363636371, -15.346945454545455 ], [ -49.595834363636371, -15.405553454545458 ], [ -49.581668363636368, -15.437503454545457 ], [ -49.578338363636362, -15.441112454545458 ], [ -49.52000036363637, -15.502780454545459 ], [ -49.445282363636366, -15.588055454545458 ], [ -49.434446363636368, -15.617782454545456 ], [ -49.389455363636358, -15.689998454545456 ], [ -49.34333936363636, -15.718339454545458 ], [ -49.313054363636368, -15.723055454545456 ], [ -49.273058363636366, -15.740281454545457 ], [ -49.264724363636361, -15.752224454545456 ], [ -49.21556636363637, -15.849163454545458 ], [ -49.206674363636367, -15.874174454545457 ], [ -49.198619363636368, -15.899725454545457 ], [ -49.194731363636365, -15.909445454545455 ], [ -49.166948363636365, -15.955552454545458 ], [ -49.146662363636366, -15.976666454545455 ], [ -49.122785363636368, -16.000282454545456 ] ] } },
{ "type": "Feature", "properties": { "NAME": "Xingu", "SYSTEM": "Amazon", "MILES": 1303.71136, "KILOMETERS": 2098.12426 }, "geometry": { "type": "LineString", "coordinates": [ [ -52.260563363636365, -1.691119454545458 ], [ -52.280768363636369, -1.707796454545459 ], [ -52.289444363636363, -1.730908454545457 ], [ -52.286555363636367, -1.748233454545456 ], [ -52.272110363636372, -1.76557645454546 ], [ -52.260563363636365, -1.785790454545456 ], [ -52.251887363636371, -1.806013454545457 ], [ -52.240340363636363, -1.950436454545454 ], [ -52.223006363636372, -2.138194454545456 ], [ -52.142123363636372, -2.28838645454546 ], [ -52.087241363636366, -2.377936454545456 ], [ -52.041026363636362, -2.447263454545457 ], [ -52.023701363636363, -2.487700454545454 ], [ -52.003478363636361, -2.58013945454546 ], [ -52.003478363636361, -2.635021454545459 ], [ -52.012136363636358, -2.67256945454546 ], [ -52.026581363636367, -2.698561454545455 ], [ -52.03524836363637, -2.75345245454546 ], [ -52.012136363636358, -2.81988145454546 ], [ -51.98614436363637, -2.842993454545457 ], [ -51.968810363636365, -2.854549454545456 ], [ -51.931262363636364, -2.886328454545456 ], [ -51.896603363636359, -2.929654454545457 ], [ -51.882158363636364, -2.964313454545454 ], [ -51.844610363636363, -3.027862454545456 ], [ -51.812831363636363, -3.076966454545456 ], [ -51.795497363636372, -3.094300454545454 ], [ -51.766616363636359, -3.10585645454546 ], [ -51.68862236363637, -3.128959454545459 ], [ -51.610637363636371, -3.143404454545454 ], [ -51.635846363636361, -3.291661454545455 ], [ -51.744170363636371, -3.365551454545454 ], [ -51.672233363636366, -3.461941454545453 ], [ -51.679739363636372, -3.503053454545459 ], [ -51.821957363636372, -3.606949454545457 ], [ -51.944159363636359, -3.52305145454546 ], [ -51.944456363636363, -3.409444454545458 ], [ -52.130288363636367, -3.23138845454546 ], [ -52.164452363636372, -3.254725454545458 ], [ -52.15805336363637, -3.34305145454546 ], [ -52.246397363636362, -3.521665454545456 ], [ -52.608413363636359, -3.859093454545459 ], [ -52.639733363636367, -4.193605454545455 ], [ -52.72888736363636, -4.298887454545458 ], [ -52.730282363636363, -4.376107454545455 ], [ -52.667777363636361, -4.424446454545453 ], [ -52.659731363636368, -4.481389454545457 ], [ -52.718609363636361, -4.66305445454546 ], [ -52.926401363636359, -5.008609454545457 ], [ -52.86999836363637, -5.210002454545457 ], [ -52.868063363636367, -5.365558454545457 ], [ -52.706396363636372, -5.469166454545459 ], [ -52.677227363636362, -5.612500454545458 ], [ -52.529168363636359, -5.871394454545456 ], [ -52.521392363636366, -6.087502454545458 ], [ -52.430564363636364, -6.210280454545458 ], [ -52.430564363636364, -6.338053454545456 ], [ -52.194458363636372, -6.581944454545457 ], [ -52.077512363636359, -6.552784454545456 ], [ -51.98250836363637, -6.703057454545458 ], [ -52.006952363636358, -6.824170454545456 ], [ -52.08944636363637, -6.922783454545456 ], [ -52.444451363636361, -7.007779454545457 ], [ -52.466402363636362, -7.082785454545458 ], [ -52.524731363636363, -7.112782454545457 ], [ -52.58556236363637, -7.211107454545456 ], [ -52.579451363636366, -7.305832454545456 ], [ -52.691672363636371, -7.448338454545457 ], [ -52.660559363636366, -7.562503454545457 ], [ -52.743062363636369, -7.621111454545456 ], [ -52.814450363636368, -7.854724454545458 ], [ -52.649453363636368, -8.247502454545458 ], [ -52.662224363636369, -8.427781454545457 ], [ -52.554728363636372, -8.548336454545456 ], [ -52.431122363636362, -8.559163454545455 ], [ -52.318343363636359, -8.634448454545456 ], [ -52.268348363636363, -8.813332454545456 ], [ -52.104179363636362, -8.920837454545456 ], [ -52.036670363636361, -9.082783454545456 ], [ -52.074182363636368, -9.156394454545456 ], [ -52.017230363636372, -9.264727454545458 ], [ -52.162229363636371, -9.431668454545456 ], [ -52.227785363636372, -9.647227454545458 ], [ -52.286888363636365, -9.653815454545455 ], [ -52.577507363636371, -9.589726454545456 ], [ -52.644170363636363, -9.741394454545457 ], [ -52.996952363636368, -10.065556454545458 ], [ -53.01416936363637, -10.185832454545459 ], [ -52.964723363636367, -10.288621454545456 ], [ -53.053328363636368, -10.366111454545457 ], [ -53.089445363636372, -10.514449454545456 ], [ -53.06695436363637, -10.592785454545457 ], [ -53.130008363636364, -10.842778454545456 ], [ -53.260841363636359, -10.883611454545456 ], [ -53.320844363636368, -10.969444454545457 ], [ -53.248619363636365, -11.196109454545457 ], [ -53.559443363636362, -11.599174454545459 ], [ -53.613344363636372, -11.746945454545457 ], [ -53.558615363636363, -11.913787454545457 ], [ -53.402231363636361, -12.011671454545457 ], [ -53.305562363636369, -12.196675454545456 ], [ -53.184449363636361, -12.279727454545458 ], [ -53.105564363636361, -12.439729454545457 ], [ -52.941674363636366, -12.619720454545458 ], [ -52.978340363636363, -12.659725454545455 ], [ -52.843889363636364, -12.860002454545459 ], [ -52.896116363636366, -13.016116454545458 ], [ -53.123888363636368, -13.431673454545457 ], [ -53.137505363636365, -13.553056454545455 ], [ -53.395013363636366, -13.962502454545458 ], [ -53.443622363636365, -14.144176454545455 ], [ -53.532506363636372, -14.272777454545459 ], [ -53.529725363636359, -14.382496454545457 ], [ -53.569739363636359, -14.453605454545457 ], [ -53.882507363636364, -14.688892454545456 ], [ -54.212780363636369, -14.754727454545456 ], [ -54.269174363636367, -14.868055454545456 ], [ -54.940565363636367, -15.119731454545455 ] ] } },
{ "type": "Feature", "properties": { "NAME": "Araguaia", "SYSTEM": null, "MILES": 1125.41588, "KILOMETERS": 1811.18492 }, "geometry": { "type": "LineString", "coordinates": [ [ -48.717713363636364, -5.356855454545457 ], [ -48.371942363636364, -5.398606454545458 ], [ -48.142784363636366, -5.609998454545458 ], [ -48.189998363636363, -5.711392454545457 ], [ -48.272789363636363, -5.722498454545455 ], [ -48.302507363636366, -5.759164454545456 ], [ -48.287234363636372, -5.838337454545456 ], [ -48.224171363636358, -5.912497454545456 ], [ -48.23278436363637, -5.945833454545458 ], [ -48.336959363636367, -5.983057454545456 ], [ -48.335564363636365, -6.031945454545458 ], [ -48.281123363636368, -6.091111454545455 ], [ -48.403622363636359, -6.142780454545456 ], [ -48.435572363636368, -6.193891454545458 ], [ -48.390014363636368, -6.370552454545457 ], [ -48.511694363636366, -6.356674454545455 ], [ -48.662228363636359, -6.525001454545457 ], [ -48.65501936363637, -6.639445454545456 ], [ -48.679733363636359, -6.663340454545455 ], [ -49.03917536363636, -6.798889454545456 ], [ -49.219454363636359, -6.942214454545457 ], [ -49.192508363636364, -7.266394454545456 ], [ -49.36000736363637, -7.495552454545457 ], [ -49.353059363636362, -7.595002454545458 ], [ -49.154168363636359, -7.797502454545455 ], [ -49.231946363636368, -8.148340454545458 ], [ -49.601396363636368, -8.855551454545456 ], [ -49.771388363636362, -8.941393454545455 ], [ -50.06028836363636, -9.335836454545458 ], [ -50.100563363636368, -9.546391454545457 ], [ -50.177396363636362, -9.723763454545455 ], [ -50.501684363636372, -10.497502454545458 ], [ -50.606957363636369, -10.655839454545458 ], [ -50.582792363636372, -10.739449454545458 ], [ -50.630285363636361, -10.832230454545456 ], [ -50.609738363636367, -11.065285454545457 ], [ -50.739176363636361, -11.520280454545457 ], [ -50.649185363636363, -11.615554454545457 ], [ -50.714723363636367, -11.750284454545458 ], [ -50.674169363636366, -12.152782454545456 ], [ -50.635559363636361, -12.245833454545458 ], [ -50.63418236363637, -12.503620454545455 ], [ -50.677787363636369, -12.605284454545458 ], [ -50.625839363636359, -12.656386454545459 ], [ -50.610008363636368, -12.773890454545455 ], [ -50.559437363636363, -12.832228454545458 ], [ -50.487581363636366, -12.839032454545457 ], [ -50.498345363636361, -12.960559454545457 ], [ -50.590280363636367, -13.077226454545457 ], [ -50.568617363636363, -13.228615454545459 ], [ -50.79917936363637, -13.680001454545458 ], [ -50.870567363636368, -13.718620454545459 ], [ -50.863898363636366, -14.110282454545455 ], [ -50.92695236363636, -14.119723454545458 ], [ -50.974724363636369, -14.299723454545457 ], [ -50.968334363636359, -14.507497454545458 ], [ -51.160277363636368, -14.975002454545457 ], [ -51.287789363636364, -15.020551454545458 ], [ -51.318614363636371, -14.962501454545457 ], [ -51.412511363636369, -14.997223454545455 ], [ -51.646673363636367, -15.193621454545458 ], [ -51.699728363636368, -15.452227454545458 ], [ -51.904172363636363, -15.822496454545458 ], [ -51.966119363636366, -15.801112454545457 ], [ -52.037516363636371, -15.875551454545459 ], [ -52.243067363636371, -15.880285454545458 ], [ -52.314095363636369, -16.005214454545456 ], [ -52.445837363636372, -16.106941454545456 ], [ -52.438340363636371, -16.275277454545456 ], [ -52.533065363636368, -16.301674454545456 ], [ -52.59167336363636, -16.362226454545457 ], [ -52.714730363636363, -16.656391454545457 ], [ -53.013629363636369, -16.866388454545458 ], [ -53.03973836363636, -17.052508454545457 ], [ -53.141951363636366, -17.181118454545459 ], [ -53.219171363636363, -17.535277454545458 ], [ -53.12612036363636, -17.671672454545458 ], [ -53.123339363636362, -17.814727454545459 ], [ -53.053895363636371, -18.016669454545458 ] ] } },
{ "type": "Feature", "properties": { "NAME": "Paraguay", "SYSTEM": "Parana", "MILES": 1202.97187, "KILOMETERS": 1935.99943 }, "geometry": { "type": "LineString", "coordinates": [ [ -53.683067363636368, -16.744726454545457 ], [ -53.672510363636363, -16.821388454545456 ], [ -53.713901363636367, -16.838056454545455 ], [ -54.025283363636362, -16.616116454545455 ], [ -54.521120363636371, -16.483888454545458 ], [ -54.757235363636369, -16.548337454545457 ], [ -54.965567363636367, -16.477228454545457 ], [ -55.558901363636366, -16.773886454545458 ], [ -55.717229363636363, -16.778332454545456 ], [ -55.897508363636362, -16.705837454545456 ], [ -56.00612036363637, -16.700554454545458 ], [ -56.183060363636372, -16.906105454545457 ], [ -56.583578363636363, -17.075818454545455 ], [ -56.744354363636361, -17.313301454545456 ], [ -57.083069363636369, -17.763616454545456 ], [ -57.426671363636359, -17.867782454545456 ], [ -57.47024936363637, -17.942437454545455 ], [ -57.470834363636371, -18.115282454545458 ], [ -57.388061363636368, -18.187498454545459 ], [ -57.363059363636367, -18.463051454545457 ], [ -57.462770363636366, -18.519175454545458 ], [ -57.553067363636359, -18.681121454545458 ], [ -57.526958363636368, -18.708337454545457 ], [ -57.600290363636361, -18.783622454545458 ], [ -57.57418136363637, -18.829441454545456 ], [ -57.690560363636365, -18.878338454545457 ], [ -57.692225363636368, -18.955837454545456 ], [ -57.549458363636361, -19.027783454545457 ], [ -57.385559363636361, -19.051948454545457 ], [ -57.303236363636358, -19.225477454545459 ], [ -57.338156363636372, -19.405207454545458 ], [ -57.367910363636369, -19.427896454545458 ], [ -57.432512363636363, -19.512784454545457 ], [ -57.386126363636365, -19.543618454545456 ], [ -57.47888936363637, -19.682227454545458 ], [ -57.64806236363637, -19.738054454545455 ], [ -57.628892363636368, -19.774729454545458 ], [ -57.893042363636368, -20.023876454545459 ], [ -57.899153363636358, -20.027188454545456 ], [ -57.900836363636373, -20.029024454545457 ], [ -58.109726363636369, -20.149174454545456 ], [ -58.158893363636366, -20.168056454545457 ], [ -58.155833363636361, -20.228617454545457 ], [ -58.136942363636365, -20.278891454545459 ], [ -58.097225363636369, -20.341387454545458 ], [ -58.058894363636369, -20.401111454545457 ], [ -58.008827363636371, -20.513476454545458 ], [ -57.995975363636362, -20.618056454545457 ], [ -57.967742363636361, -20.710135454545458 ], [ -57.93590936363637, -20.671462454545456 ], [ -57.908891363636371, -20.676394454545456 ], [ -57.859580363636368, -20.734723454545456 ], [ -57.856673363636361, -20.838610454545456 ], [ -57.814589363636372, -20.978758454545456 ], [ -57.852641363636366, -21.341665454545456 ], [ -57.879173363636369, -21.380284454545457 ], [ -57.915551363636368, -21.429172454545458 ], [ -57.93249836363637, -21.461671454545456 ], [ -57.954305363636365, -21.513889454545456 ], [ -57.937781363636361, -21.636523454545458 ], [ -57.926387363636366, -21.656665454545458 ], [ -57.935675363636363, -21.771946454545457 ], [ -57.963332363636368, -21.972223454545457 ], [ -57.984023363636368, -22.025701454545455 ], [ -57.987227363636364, -22.060837454545457 ], [ -57.985112363636361, -22.09182445454546 ], [ -57.964727363636371, -22.266946454545458 ], [ -57.821951363636359, -22.378339454545458 ], [ -57.856106363636371, -22.415284454545457 ], [ -57.776672363636365, -22.639447454545458 ], [ -57.923336363636366, -22.678894454545457 ], [ -57.942785363636361, -22.720285454545458 ], [ -57.809432363636361, -22.820563454545457 ], [ -57.789173363636365, -22.876390454545458 ], [ -57.823625363636367, -22.912777454545456 ], [ -57.769175363636364, -22.963618454545458 ], [ -57.779480363636367, -23.008240454545458 ], [ -57.485837363636364, -23.271121454545458 ], [ -57.50557436363637, -23.338891454545458 ], [ -57.44410436363637, -23.472928454545457 ], [ -57.458342363636362, -23.536117454545458 ], [ -57.416951363636372, -23.634442454545457 ], [ -57.283337363636363, -23.723056454545457 ], [ -57.288341363636363, -23.858614454545457 ], [ -57.344168363636371, -23.916664454545458 ], [ -57.226952363636372, -24.040837454545457 ], [ -57.236951363636365, -24.096673454545456 ], [ -57.170288363636359, -24.103621454545458 ], [ -57.198053363636362, -24.181948454545456 ], [ -57.111950363636367, -24.273334454545456 ], [ -57.067508363636364, -24.510565454545457 ], [ -57.127034363636369, -24.641785454545456 ], [ -57.087785363636371, -24.679729454545459 ], [ -57.125567363636364, -24.763618454545458 ], [ -57.17251136363636, -24.759172454545457 ], [ -57.216665363636366, -24.927778454545457 ], [ -57.195551363636369, -24.983335454545458 ], [ -57.272240363636371, -24.981949454545457 ], [ -57.420848363636367, -25.114168454545457 ], [ -57.517229363636361, -25.110559454545459 ], [ -57.566117363636366, -25.223338454545456 ], [ -57.672668363636362, -25.294303454545457 ], [ -57.668618363636369, -25.306120454545457 ], [ -57.632078363636367, -25.386391454545457 ], [ -57.588203363636367, -25.415416454545458 ], [ -57.556325363636361, -25.440004454545459 ], [ -57.553895363636371, -25.468336454545458 ], [ -57.576665363636366, -25.549444454545458 ], [ -57.748889363636366, -25.735132454545457 ], [ -57.792917363636363, -25.766668454545457 ], [ -57.810980363636361, -25.773139454545458 ], [ -57.805553363636363, -25.833052454545459 ], [ -57.853892363636362, -25.904449454545457 ], [ -57.900773363636361, -25.955074454545457 ], [ -57.890909363636368, -25.973893454545458 ], [ -57.860075363636369, -25.997914454545459 ], [ -58.002914363636364, -26.104159454545456 ], [ -58.048337363636364, -26.119162454545457 ], [ -58.144727363636363, -26.206948454545458 ], [ -58.131389363636359, -26.257231454545458 ], [ -58.161944363636366, -26.300557454545455 ], [ -58.209932363636369, -26.420347454545457 ], [ -58.217231363636373, -26.541388454545455 ], [ -58.182914363636371, -26.571106454545458 ], [ -58.168613363636368, -26.599996454545458 ], [ -58.181672363636366, -26.656111454545456 ], [ -58.316672363636371, -26.872777454545457 ], [ -58.352762363636359, -26.885386454545458 ], [ -58.394441363636361, -26.908057454545457 ], [ -58.471166363636371, -26.987266454545455 ], [ -58.578608363636363, -27.12250045454546 ], [ -58.605833363636364, -27.125002454545459 ], [ -58.628063363636372, -27.131113454545456 ], [ -58.652093363636368, -27.158887454545457 ], [ -58.653515363636359, -27.193042454545456 ], [ -58.614860363636367, -27.227224454545457 ], [ -58.598966363636364, -27.249238454545456 ], [ -58.604618363636362, -27.316918454545458 ] ] } },
{ "type": "Feature", "properties": { "NAME": "Rio Grande, South America", "SYSTEM": "Parana", "MILES": 711.5168, "KILOMETERS": 1145.07759 }, "geometry": { "type": "LineString", "coordinates": [ [ -51.006395363636372, -20.079406454545456 ], [ -50.928347363636362, -20.010835454545457 ], [ -50.665277363636363, -19.919728454545456 ], [ -50.577788363636358, -19.819729454545456 ], [ -50.476952363636372, -19.781119454545458 ], [ -50.34167336363636, -19.875835454545456 ], [ -50.02527836363636, -19.925281454545456 ], [ -49.533338363636361, -19.905283454545458 ], [ -49.41890336363636, -19.988056454545458 ], [ -49.255292363636372, -19.976113454545459 ], [ -49.305566363636359, -20.092501454545456 ], [ -49.213064363636363, -20.301949454545458 ], [ -49.130840363636366, -20.285560454545458 ], [ -49.046951363636367, -20.150281454545457 ], [ -48.99862136363636, -20.159731454545458 ], [ -48.968894363636366, -20.406943454545456 ], [ -48.902780363636367, -20.438614454545458 ], [ -48.868337363636371, -20.411668454545456 ], [ -48.888614363636364, -20.259172454545457 ], [ -48.826118363636368, -20.153332454545456 ], [ -48.405566363636368, -20.112499454545457 ], [ -48.253898363636367, -20.144728454545458 ], [ -48.214181363636371, -20.124172454545459 ], [ -48.23278436363637, -20.026675454545458 ], [ -48.20779136363636, -20.023615454545457 ], [ -48.157508363636367, -20.112499454545457 ], [ -48.071117363636361, -20.151676454545456 ], [ -47.980838363636366, -20.031391454545457 ], [ -47.918351363636361, -20.116945454545458 ], [ -47.880290363636362, -20.100844454545456 ], [ -47.860292363636361, -19.986661454545459 ], [ -47.692505363636371, -19.981945454545457 ], [ -47.652230363636363, -20.034172454545459 ], [ -47.606960363636361, -20.037511454545456 ], [ -47.468333363636361, -19.964449454545456 ], [ -47.428346363636365, -19.997227454545456 ], [ -47.430569363636366, -20.049175454545455 ], [ -47.247239363636368, -20.185840454545456 ], [ -47.073161363636359, -20.281915454545459 ], [ -47.062856363636371, -20.280799454545456 ], [ -47.004761363636362, -20.315656454545458 ], [ -46.987337363636371, -20.333080454545456 ], [ -46.981514363636364, -20.344699454545456 ], [ -46.964099363636365, -20.379556454545458 ], [ -46.801442363636369, -20.478313454545457 ], [ -46.766594363636372, -20.489923454545458 ], [ -46.749161363636361, -20.489923454545458 ], [ -46.696880363636367, -20.501542454545458 ], [ -46.603946363636368, -20.565442454545458 ], [ -46.592327363636372, -20.577061454545458 ], [ -46.589771363636359, -20.598733454545457 ], [ -46.592183363636366, -20.623879454545456 ], [ -46.429454363636367, -20.687779454545456 ], [ -46.320869363636362, -20.668447454545458 ], [ -46.252964363636366, -20.659690454545458 ], [ -46.141247363636367, -20.691892454545457 ], [ -46.124453363636363, -20.711692454545457 ], [ -46.032545363636359, -20.688265454545459 ], [ -45.976682363636371, -20.716498454545459 ], [ -45.851744363636371, -20.671444454545458 ], [ -45.838523363636369, -20.663038454545458 ], [ -45.82771436363636, -20.666044454545457 ], [ -45.76765736363636, -20.703277454545457 ], [ -45.75383336363636, -20.714104454545456 ], [ -45.706979363636364, -20.786779454545457 ], [ -45.68536136363636, -20.842633454545457 ], [ -45.601859363636365, -20.921329454545457 ], [ -45.479333363636371, -21.014425454545457 ], [ -45.384419363636368, -21.066094454545457 ], [ -45.249275363636372, -21.126754454545456 ], [ -45.238466363636363, -21.129760454545455 ], [ -45.215039363636365, -21.130966454545458 ], [ -45.20963936363637, -21.129157454545457 ], [ -45.20423036363637, -21.11954545454546 ], [ -45.20423036363637, -21.109933454545455 ], [ -45.218036363636372, -21.068488454545459 ], [ -45.055559363636362, -21.181393454545457 ], [ -45.016130363636364, -21.126115454545456 ], [ -44.947784363636359, -21.103336454545456 ], [ -44.811119363636365, -21.20833945454546 ], [ -44.744735363636366, -21.199168454545458 ], [ -44.61824036363636, -21.317590454545456 ], [ -44.579342363636371, -21.308482454545455 ], [ -44.56895636363636, -21.308482454545455 ], [ -44.56004636363636, -21.314422454545458 ], [ -44.528861363636366, -21.335212454545456 ], [ -44.524406363636359, -21.342637454545457 ], [ -44.522921363636371, -21.351547454545457 ], [ -44.528861363636366, -21.363418454545457 ], [ -44.533316363636359, -21.382723454545456 ], [ -44.530346363636369, -21.388663454545458 ], [ -44.525891363636362, -21.393118454545458 ], [ -44.450156363636367, -21.44212345454546 ], [ -44.385140363636367, -21.471022454545455 ], [ -44.190551363636359, -21.482497454545459 ], [ -44.107229363636364, -21.655837454545456 ], [ -44.059448363636363, -21.655837454545456 ], [ -44.072507363636362, -21.742498454545455 ], [ -44.349446363636361, -22.073887454545456 ], [ -44.583068363636372, -22.237498454545459 ] ] } },
{ "type": "Feature", "properties": { "NAME": "Rio Paranaiba", "SYSTEM": "Parana", "MILES": 507.2946, "KILOMETERS": 816.41315 }, "geometry": { "type": "LineString", "coordinates": [ [ -51.006395363636372, -20.079406454545456 ], [ -51.023621363636366, -19.722502454545456 ], [ -50.960567363636372, -19.469728454545457 ], [ -50.913560363636364, -19.463905454545458 ], [ -50.866121363636367, -19.485550454545457 ], [ -50.841668363636359, -19.460278454545456 ], [ -50.878064363636369, -19.389727454545458 ], [ -50.720834363636371, -19.160002454545456 ], [ -50.544452363636367, -19.109728454545458 ], [ -50.49001136363637, -19.033066454545459 ], [ -50.506958363636372, -18.937504454545458 ], [ -50.331953363636359, -18.693334454545457 ], [ -50.089727363636371, -18.666118454545458 ], [ -50.036285363636367, -18.610903454545458 ], [ -49.726109363636368, -18.609175454545458 ], [ -49.491389363636372, -18.490555454545458 ], [ -49.484738363636367, -18.555004454545458 ], [ -49.37834936363636, -18.643339454545458 ], [ -49.213064363636363, -18.478054454545457 ], [ -48.91663136363637, -18.303913454545459 ], [ -48.819737363636364, -18.371944454545456 ], [ -48.657251363636362, -18.357418454545456 ], [ -48.397790363636361, -18.371386454545458 ], [ -48.26806436363637, -18.326386454545457 ], [ -48.09388736363637, -18.421669454545459 ], [ -48.056681363636372, -18.402778454545459 ], [ -47.944451363636361, -18.488332454545457 ], [ -47.618615363636366, -18.302509454545458 ], [ -47.631674363636364, -18.268894454545457 ], [ -47.278739363636362, -18.063739454545455 ], [ -47.178353363636361, -18.216118454545459 ], [ -47.03528036363636, -18.297226454545456 ], [ -46.978346363636362, -18.256672454545456 ], [ -46.830845363636371, -18.296956454545459 ], [ -46.561682363636365, -18.433063454545458 ], [ -46.508618363636359, -18.679996454545456 ], [ -46.54834436363636, -18.743617454545458 ], [ -46.501121363636372, -18.776386454545456 ], [ -46.56057536363636, -18.853894454545458 ], [ -46.34195636363637, -19.178614454545457 ], [ -46.28251136363636, -19.166392454545456 ], [ -46.234172363636361, -19.093618454545457 ] ] } },
{ "type": "Feature", "properties": { "NAME": "Niger", "SYSTEM": null, "MILES": 2449.27328, "KILOMETERS": 3941.73114 }, "geometry": { "type": "MultiLineString", "coordinates": [ [ [ -10.729640363636378, 9.08377954545454 ], [ -10.607780363636351, 9.260827545454546 ], [ -10.555562363636369, 9.406384545454543 ], [ -10.60028336363635, 9.506383545454547 ], [ -10.651673363636377, 9.552220545454546 ], [ -10.642223363636361, 9.836377545454546 ], [ -10.71138836363636, 9.92693554545454 ], [ -10.832780363636374, 10.230271545454542 ], [ -10.789445363636361, 10.315276545454545 ], [ -10.712513363636361, 10.292218545454546 ], [ -10.62833636363635, 10.333330545454544 ], [ -10.655012363636359, 10.410550545454541 ], [ -10.50695336363637, 10.424995545454543 ], [ -10.409168363636354, 10.524166545454541 ], [ -10.233893363636355, 10.512772545454546 ], [ -10.205840363636355, 10.437496545454543 ], [ -10.124174363636371, 10.529998545454546 ], [ -10.057223363636353, 10.560274545454547 ], [ -10.012790363636356, 10.612771545454542 ], [ -9.868061363636372, 10.594987545454543 ], [ -9.871949363636361, 10.65361354545454 ], [ -9.611957363636378, 10.672216545454546 ], [ -9.496955363636374, 10.800268545454543 ], [ -9.47528336363635, 10.948057545454546 ], [ -9.381107363636374, 11.000554545454541 ], [ -9.380837363636374, 11.063329545454543 ], [ -9.286670363636375, 11.065705545454541 ], [ -9.248969363636377, 11.070097545454544 ], [ -9.230897363636359, 11.078395545454541 ], [ -9.194663363636352, 11.105098545454545 ], [ -9.136010363636359, 11.151835545454546 ], [ -9.11493236363637, 11.173228545454542 ], [ -9.103727363636352, 11.189977545454546 ], [ -9.102647363636351, 11.209687545454543 ], [ -9.105482363636355, 11.234698545454542 ], [ -9.111926363636371, 11.248234545454544 ], [ -9.122177363636354, 11.259223545454546 ], [ -9.130385363636378, 11.277457545454546 ], [ -9.158456363636361, 11.366521545454546 ], [ -9.158150363636366, 11.386528545454546 ], [ -9.155405363636362, 11.396131545454544 ], [ -9.150320363636354, 11.404672545454545 ], [ -9.133643363636367, 11.423464545454543 ], [ -9.129242363636365, 11.42543554545454 ], [ -9.099308363636368, 11.429251545454541 ], [ -8.979869363636368, 11.424022545454541 ], [ -8.893343363636376, 11.448610545454542 ], [ -8.769359363636369, 11.600935545454547 ], [ -8.744996363636375, 11.633605545454543 ], [ -8.740838363636357, 11.635000545454545 ], [ -8.71094936363636, 11.657851545454541 ], [ -8.649650363636368, 11.717638545454541 ], [ -8.553296363636377, 11.791681545454544 ], [ -8.484905363636358, 11.825467545454543 ], [ -8.456942363636358, 11.849722545454547 ], [ -8.427998363636362, 11.887711545454543 ], [ -8.419754363636372, 11.905657545454545 ], [ -8.404076363636364, 11.932171545454544 ], [ -8.369966363636365, 11.97016054545454 ], [ -8.351372363636358, 11.98698154545454 ], [ -8.331689363636372, 12.00007654545454 ], [ -8.342336363636377, 12.058342545454543 ], [ -8.342336363636377, 12.063994545454541 ], [ -8.339258363636361, 12.078376545454546 ], [ -8.332067363636355, 12.092749545454545 ], [ -8.321798363636361, 12.108157545454546 ], [ -8.311529363636367, 12.116878545454547 ], [ -8.268401363636372, 12.147172545454545 ], [ -8.240159363636366, 12.159493545454545 ], [ -8.21808236363637, 12.166684545454544 ], [ -8.178545363636374, 12.199543545454546 ], [ -8.14876436363636, 12.230350545454542 ], [ -8.144147363636364, 12.241645545454546 ], [ -8.111279363636356, 12.330979545454547 ], [ -8.083550363636363, 12.455233545454547 ], [ -8.038892363636364, 12.590269545454547 ], [ -8.034779363636375, 12.599008545454545 ], [ -8.027588363636369, 12.608764545454541 ], [ -8.018354363636377, 12.616972545454544 ], [ -8.001407363636361, 12.625702545454544 ], [ -7.841207363636357, 12.650866545454541 ], [ -7.812974363636357, 12.643162545454544 ], [ -7.803731363636359, 12.642649545454546 ], [ -7.789358363636353, 12.644701545454545 ], [ -7.775489363636353, 12.648805545454543 ], [ -7.764194363636364, 12.654457545454541 ], [ -7.756490363636374, 12.665239545454547 ], [ -7.746230363636357, 12.68474254545454 ], [ -7.742117363636368, 12.697072545454546 ], [ -7.746230363636357, 12.714019545454541 ], [ -7.287887363636372, 13.091452545454544 ], [ -7.166279363636363, 13.153885545454543 ], [ -7.106384363636352, 13.189975545454544 ], [ -7.003532363636367, 13.262866545454543 ], [ -6.995234363636371, 13.270084545454544 ], [ -6.989816363636351, 13.284871545454543 ], [ -6.965642363636363, 13.322761545454547 ], [ -6.901769363636362, 13.357042545454547 ], [ -6.891671363636362, 13.361011545454545 ], [ -6.621392363636375, 13.385914545454547 ], [ -6.589271363636357, 13.387354545454542 ], [ -6.530087363636369, 13.375447545454541 ], [ -6.454676363636366, 13.358842545454543 ], [ -6.442760363636353, 13.357762545454541 ], [ -6.435911363636365, 13.359571545454543 ], [ -6.285791363636378, 13.443649545454541 ], [ -6.178619363636358, 13.507162545454541 ], [ -6.162383363636366, 13.523767545454547 ], [ -6.144338363636365, 13.550101545454545 ], [ -6.13892936363635, 13.562368545454547 ], [ -6.111497363636374, 13.628770545454543 ], [ -6.077216363636353, 13.707070545454542 ], [ -6.063869363636371, 13.727644545454545 ], [ -6.057371363636378, 13.731253545454543 ], [ -6.037526363636374, 13.730893545454542 ], [ -6.026339363636367, 13.725475545454543 ], [ -5.994947363636356, 13.704541545454546 ], [ -5.970773363636368, 13.68325654545454 ], [ -5.960666363636363, 13.681087545454545 ], [ -5.952728363636368, 13.680727545454545 ], [ -5.864321363636378, 13.687945545454546 ], [ -5.846276363636377, 13.690105545454543 ], [ -5.778074363636364, 13.718977545454543 ], [ -5.767247363636358, 13.725475545454543 ], [ -5.75389136363637, 13.739911545454547 ], [ -5.734775363636373, 13.777081545454543 ], [ -5.690027363636375, 13.825789545454541 ], [ -5.520062363636356, 13.942708545454543 ], [ -5.510315363636352, 13.948477545454544 ], [ -5.490110363636376, 13.956424545454546 ], [ -5.465936363636359, 13.961833545454546 ], [ -5.455109363636353, 13.962922545454546 ], [ -5.432375363636368, 13.960753545454544 ], [ -5.422556363636374, 13.952707545454544 ], [ -5.40278336363636, 13.950286545454546 ], [ -5.361644363636373, 13.949206545454544 ], [ -5.353346363636376, 13.949926545454545 ], [ -5.241116363636365, 13.972300545454544 ], [ -5.232467363636374, 13.979878545454547 ], [ -5.225960363636375, 13.991794545454546 ], [ -5.211524363636357, 14.028235545454542 ], [ -5.170394363636376, 14.089579545454541 ], [ -5.160656363636377, 14.10076654545454 ], [ -5.153438363636354, 14.106184545454546 ], [ -5.12853536363636, 14.115202545454544 ], [ -5.11409936363637, 14.119531545454542 ], [ -5.069351363636372, 14.129269545454541 ], [ -4.927538363636359, 14.164639545454541 ], [ -4.826135363636354, 14.198200545454547 ], [ -4.576430363636376, 14.271451545454546 ], [ -4.569572363636354, 14.272891545454542 ], [ -4.548998363636372, 14.27217154545454 ], [ -4.53493136363636, 14.260984545454541 ], [ -4.529153363636368, 14.250157545454542 ], [ -4.520855363636372, 14.240419545454543 ], [ -4.507148363636361, 14.232472545454542 ], [ -4.495232363636376, 14.233921545454542 ], [ -4.487654363636352, 14.237170545454546 ], [ -4.479788363636374, 14.244181545454545 ], [ -4.458611363636351, 14.300827545454545 ], [ -4.379447363636359, 14.347771545454542 ], [ -4.372778363636371, 14.406109545454541 ], [ -4.221605363636371, 14.491960545454546 ], [ -4.172546363636371, 14.650054545454545 ], [ -4.094012363636352, 14.742007545454541 ], [ -4.088783363636367, 14.75028754545454 ], [ -4.087037363636369, 14.757262545454545 ], [ -4.093139363636368, 14.787772545454544 ], [ -4.092266363636355, 14.820019545454542 ], [ -4.082672363636362, 14.838316545454546 ], [ -4.077011363636359, 14.843554545454545 ], [ -4.014254363636354, 14.886700545454545 ], [ -3.964574363636359, 14.917633545454542 ], [ -3.939734363636376, 14.932456545454542 ], [ -3.924479363636351, 14.946838545454547 ], [ -3.89832536363636, 14.997823545454544 ], [ -3.894842363636371, 15.009154545454543 ], [ -3.896588363636369, 15.014392545454541 ], [ -3.976391363636367, 15.137215545454545 ], [ -3.983276363636378, 15.309574545454545 ], [ -4.026719363636374, 15.30319354545454 ], [ -4.079648363636352, 15.311374545454541 ], [ -4.154861363636371, 15.341551545454543 ], [ -4.212947363636374, 15.375823545454544 ], [ -4.254797363636357, 15.407521545454543 ], [ -4.332899363636358, 15.552646545454543 ], [ -4.339118363636373, 15.569782545454544 ], [ -4.349423363636362, 15.633025545454544 ], [ -4.347605363636376, 15.644248545454545 ], [ -4.339568363636374, 15.663202545454546 ], [ -4.205207363636362, 15.838513545454546 ], [ -4.10906036363636, 15.868834545454547 ], [ -4.105883363636366, 15.864433545454546 ], [ -4.09541636363636, 15.859132545454543 ], [ -4.062053363636352, 15.859735545454541 ], [ -4.045061363636364, 15.861859545454543 ], [ -4.026260363636368, 15.866566545454546 ], [ -4.01383136363637, 15.871561545454547 ], [ -3.99623636363637, 15.889615545454546 ], [ -3.981224363636358, 15.921610545454541 ], [ -3.966968363636369, 15.936775545454545 ], [ -3.93724136363636, 15.954064545454543 ], [ -3.919655363636366, 15.960733545454545 ], [ -3.884987363636355, 15.972775545454546 ], [ -3.862055363636358, 15.982846545454542 ], [ -3.845828363636372, 16.022509545454547 ], [ -3.807974363636362, 16.036927545454546 ], [ -3.780056363636362, 16.077562545454541 ], [ -3.751472363636367, 16.108270545454545 ], [ -3.736352363636371, 16.117486545454547 ], [ -3.725723363636376, 16.120798545454541 ], [ -3.716516363636373, 16.121977545454541 ], [ -3.694781363636366, 16.115596545454544 ], [ -3.673523363636377, 16.105210545454547 ], [ -3.662417363636365, 16.104031545454546 ], [ -3.648485363636354, 16.105210545454547 ], [ -3.485261363636369, 16.130716545454547 ], [ -3.477224363636367, 16.133317545454545 ], [ -3.468494363636353, 16.139455545454545 ], [ -3.390770363636364, 16.202527545454544 ], [ -3.326753363636357, 16.260397545454545 ], [ -3.220697363636361, 16.394569545454544 ], [ -3.18478736363636, 16.428112545454546 ], [ -3.170846363636372, 16.459423545454541 ], [ -3.111941363636362, 16.456102545454542 ], [ -3.113336363636364, 16.57322854545454 ], [ -3.11020436363637, 16.589626545454543 ], [ -3.060758363636353, 16.641727545454543 ], [ -3.017333363636368, 16.657405545454544 ], [ -2.951723363636376, 16.664641545454543 ], [ -2.803628363636363, 16.698175545454546 ], [ -2.675306363636366, 16.733869545454546 ], [ -2.657702363636361, 16.73845054545454 ], [ -2.494163363636375, 16.770535545454543 ], [ -2.486684363636357, 16.771984545454544 ], [ -2.45001836363636, 16.769329545454546 ], [ -2.399366363636375, 16.771498545454541 ], [ -2.392130363636369, 16.772947545454542 ], [ -2.315909363636365, 16.803097545454541 ], [ -2.271530363636373, 16.827451545454544 ], [ -2.086283363636369, 16.836631545454544 ], [ -2.034902363636377, 16.853506545454543 ], [ -1.931906363636358, 16.888723545454546 ], [ -1.833734363636353, 16.927558545454545 ], [ -1.742798363636354, 16.965430545454545 ], [ -1.639082363636362, 17.005705545454546 ], [ -1.623647363636366, 17.009809545454544 ], [ -1.558757363636374, 17.022355545454545 ], [ -1.486640363636354, 17.019457545454543 ], [ -1.433576363636377, 17.014390545454546 ], [ -1.358804363636352, 17.012464545454542 ], [ -1.338779363636377, 17.01342754545454 ], [ -1.242056363636351, 17.021869545454543 ], [ -1.231445363636368, 17.024281545454542 ], [ -1.215281363636365, 17.036593545454544 ], [ -1.210700363636363, 17.044063545454541 ], [ -1.20973736363635, 17.048878545454542 ], [ -1.114742363636367, 17.060425545454542 ], [ -1.082342363636371, 17.043865545454544 ], [ -1.05698036363637, 17.019475545454547 ], [ -1.032599363636365, 16.993132545454543 ], [ -1.02235736363636, 16.987282545454541 ], [ -0.992603363636363, 16.984357545454543 ], [ -0.977483363636367, 16.986787545454547 ], [ -0.917480363636372, 17.001430545454546 ], [ -0.817004363636357, 17.006794545454547 ], [ -0.79651136363637, 17.006794545454547 ], [ -0.778952363636364, 17.004355545454544 ], [ -0.725780363636375, 16.967284545454547 ], [ -0.675542363636367, 16.929232545454546 ], [ -0.657497363636367, 16.927774545454547 ], [ -0.602867363636364, 16.928746545454544 ], [ -0.592625363636358, 16.932652545454545 ], [ -0.573113363636367, 16.944352545454542 ], [ -0.563843363636352, 16.951192545454546 ], [ -0.552134363636355, 16.963864545454541 ], [ -0.38629136363636, 16.962892545454544 ], [ -0.361910363636355, 16.946800545454543 ], [ -0.353126363636363, 16.933624545454542 ], [ -0.282890363636369, 16.776070545454544 ], [ -0.255080363636353, 16.687780545454544 ], [ -0.221429363636361, 16.597546545454541 ], [ -0.212645363636369, 16.581940545454543 ], [ -0.148745363636351, 16.527796545454542 ], [ -0.123869363636373, 16.509265545454546 ], [ -0.110702363636364, 16.490239545454543 ], [ -0.108758363636355, 16.460485545454546 ], [ -0.110216363636368, 16.422433545454545 ], [ -0.061391363636375, 16.367218545454541 ], [ -0.056567363636361, 16.265374545454542 ], [ -0.000002363636355, 16.192681545454541 ], [ 0.03562863636364, 16.137574545454541 ], [ 0.045870636363645, 16.129771545454545 ], [ 0.056121636363628, 16.124902545454546 ], [ 0.082941636363643, 16.104895545454546 ], [ 0.11757363636363, 16.033678545454542 ], [ 0.12732963636364, 15.991243545454545 ], [ 0.28195863636364, 15.820531545454543 ], [ 0.290733636363626, 15.813700545454545 ], [ 0.302442636363622, 15.808822545454547 ], [ 0.461940636363636, 15.728056545454542 ], [ 0.504447636363636, 15.64582354545454 ], [ 0.489165636363623, 15.537220545454545 ], [ 0.710556636363634, 15.444997545454541 ], [ 0.754116636363648, 15.347383545454541 ], [ 0.729735636363642, 15.332758545454546 ], [ 0.719493636363637, 15.319582545454544 ], [ 0.663387636363638, 15.153253545454547 ], [ 0.651201636363623, 15.073252545454544 ], [ 0.654621636363629, 15.056674545454541 ], [ 0.71171763636363, 14.951122545454545 ], [ 0.836097636363633, 14.914438545454544 ], [ 0.890529636363624, 14.703901545454542 ], [ 0.897738636363641, 14.684074545454543 ], [ 0.910995636363623, 14.666101545454545 ], [ 0.948570636363627, 14.636041545454546 ], [ 0.977370636363645, 14.619760545454547 ], [ 1.001175636363627, 14.598475545454541 ], [ 1.065381636363639, 14.534458545454541 ], [ 1.088178636363637, 14.493157545454544 ], [ 1.301937636363647, 14.276113545454542 ], [ 1.416381636363639, 14.249716545454547 ], [ 1.517487636363626, 14.047216545454546 ], [ 1.538043636363625, 13.890274545454545 ], [ 1.853610636363641, 13.630273545454543 ], [ 2.094990636363633, 13.513885545454542 ], [ 2.208606636363641, 13.35722254545454 ], [ 2.341383636363645, 13.278058545454542 ], [ 2.365557636363633, 13.23332854545454 ], [ 2.378607636363625, 12.875830545454541 ], [ 2.485824636363645, 12.734719545454546 ], [ 2.497488636363641, 12.657220545454543 ], [ 2.496381636363623, 12.573331545454543 ], [ 2.551650636363632, 12.496381545454547 ], [ 2.625162636363626, 12.56093854545454 ], [ 2.673609636363636, 12.508612545454547 ], [ 2.707494636363634, 12.550273545454544 ], [ 2.739435636363623, 12.445828545454546 ], [ 2.838615636363642, 12.396652545454543 ], [ 2.864589636363633, 12.381802545454541 ], [ 3.010038636363646, 12.268582545454542 ], [ 3.162282636363642, 12.113287545454547 ], [ 3.255450636363634, 12.011353545454547 ], [ 3.261660636363644, 11.977774545454544 ], [ 3.27000363636364, 11.951944545454545 ], [ 3.29805663636364, 11.910274545454541 ], [ 3.320898636363637, 11.886181545454541 ], [ 3.356529636363632, 11.885686545454547 ], [ 3.375132636363645, 11.894722545454542 ], [ 3.471243636363624, 11.854717545454541 ], [ 3.507918636363627, 11.824162545454541 ], [ 3.546105636363649, 11.774446545454545 ], [ 3.557841636363634, 11.73660154545454 ], [ 3.604452636363646, 11.693275545454547 ], [ 3.624369636363639, 11.654539545454547 ], [ 3.626997636363626, 11.650606545454544 ], [ 3.660747636363624, 11.620816545454545 ], [ 3.669657636363638, 11.616334545454542 ], [ 3.739290636363648, 11.589451545454544 ], [ 3.759000636363623, 11.585869545454543 ], [ 3.784029636363641, 11.585500545454543 ], [ 3.793911636363646, 11.583736545454542 ], [ 3.835662636363622, 11.568148545454541 ], [ 3.853608636363646, 11.560552545454541 ], [ 4.116480636363633, 11.410279545454543 ], [ 4.119252636363626, 11.38133554545454 ], [ 4.133985636363633, 11.364244545454547 ], [ 4.154910636363638, 11.351284545454547 ], [ 4.177005636363646, 11.333599545454547 ], [ 4.239762636363622, 11.269663545454542 ], [ 4.256565636363632, 11.247559545454543 ], [ 4.270695636363627, 11.220451545454544 ], [ 4.278660636363639, 11.209849545454546 ], [ 4.297812636363631, 11.191876545454541 ], [ 4.312833636363649, 11.187745545454547 ], [ 4.354089636363625, 11.191876545454541 ], [ 4.425693636363633, 11.184802545454545 ], [ 4.442190636363648, 11.17919554545454 ], [ 4.516737636363644, 11.13618454545454 ], [ 4.562997636363633, 11.104063545454544 ], [ 4.575084636363641, 11.092570545454542 ], [ 4.710840636363628, 10.910554545454545 ], [ 4.719165636363641, 10.891663545454541 ], [ 4.722495636363647, 10.868335545454542 ], [ 4.720551636363638, 10.855834545454542 ], [ 4.695270636363631, 10.697776545454545 ], [ 4.684164636363647, 10.647214545454545 ], [ 4.680834636363642, 10.639159545454547 ], [ 4.663050636363636, 10.615003545454542 ], [ 4.641387636363646, 10.595275545454541 ], [ 4.61389263636363, 10.573612545454544 ], [ 4.569441636363649, 10.533337545454543 ], [ 4.563609636363623, 10.525273545454546 ], [ 4.525836636363636, 10.454443545454545 ], [ 4.511391636363641, 10.426660545454546 ], [ 4.502499636363638, 10.400002545454541 ], [ 4.498053636363636, 10.376107545454545 ], [ 4.497495636363624, 10.356946545454541 ], [ 4.502220636363631, 10.33471654545454 ], [ 4.533333636363636, 10.276945545454545 ], [ 4.554447636363648, 10.243339545454546 ], [ 4.557498636363647, 10.232773545454542 ], [ 4.557777636363625, 10.219714545454543 ], [ 4.556112636363622, 10.214161545454544 ], [ 4.533333636363636, 10.166947545454541 ], [ 4.530003636363631, 10.156111545454543 ], [ 4.527780636363644, 10.130002545454545 ], [ 4.530003636363631, 10.118887545454541 ], [ 4.535835636363629, 10.104163545454547 ], [ 4.546104636363623, 10.087216545454545 ], [ 4.562214636363649, 10.068892545454545 ], [ 4.583337636363638, 10.034998545454542 ], [ 4.588611636363623, 10.013335545454545 ], [ 4.589718636363642, 10.000825545454546 ], [ 4.588611636363623, 9.939715545454547 ], [ 4.592220636363635, 9.909997545454544 ], [ 4.598340636363645, 9.889162545454546 ], [ 4.603605636363625, 9.880558545454541 ], [ 4.617771636363642, 9.863611545454546 ], [ 4.623441636363623, 9.859939545454544 ], [ 4.650270636363643, 9.717217545454545 ], [ 4.57054863636364, 9.558610545454542 ], [ 4.620516636363647, 9.372247545454542 ], [ 4.619445636363622, 9.367495545454545 ], [ 4.620552636363641, 9.355003545454544 ], [ 4.631109636363647, 9.324997545454544 ], [ 4.638336636363647, 9.311659545454546 ], [ 4.641666636363624, 9.308338545454546 ], [ 4.659441636363624, 9.299167545454544 ], [ 4.706943636363633, 9.286387545454545 ], [ 4.735833636363623, 9.279718545454543 ], [ 4.748892636363649, 9.271663545454544 ], [ 4.758054636363624, 9.260269545454541 ], [ 4.761942636363642, 9.250558545454545 ], [ 4.763886636363623, 9.23249554545454 ], [ 4.761393636363636, 9.221110545454543 ], [ 4.753608636363623, 9.200554545454544 ], [ 4.758891636363643, 9.172222545454545 ], [ 4.765839636363637, 9.158893545454546 ], [ 4.788051636363633, 9.140839545454547 ], [ 4.800003636363641, 9.13833754545454 ], [ 4.832502636363643, 9.132217545454544 ], [ 4.847217636363638, 9.134998545454543 ], [ 4.861392636363632, 9.140551545454542 ], [ 4.885557636363643, 9.157498545454544 ], [ 4.903332636363643, 9.167218545454546 ], [ 4.982496636363635, 9.195550545454545 ], [ 5.000001636363635, 9.19998754545454 ], [ 5.011377636363648, 9.200554545454544 ], [ 5.025003636363635, 9.193336545454542 ], [ 5.154720636363635, 9.114442545454544 ], [ 5.160840636363645, 9.108052545454541 ], [ 5.183889636363631, 9.078892545454543 ], [ 5.186391636363624, 9.074716545454542 ], [ 5.19416763636363, 9.041947545454541 ], [ 5.201664636363631, 9.022498545454546 ], [ 5.210277636363628, 9.010276545454545 ], [ 5.224164636363639, 8.996659545454541 ], [ 5.235270636363623, 8.995003545454544 ], [ 5.295840636363636, 8.995840545454541 ], [ 5.35722063636365, 8.994715545454547 ], [ 5.393058636363634, 8.989162545454541 ], [ 5.416665636363632, 8.983888545454541 ], [ 5.523054636363639, 8.938051545454542 ], [ 5.599716636363638, 8.877220545454541 ], [ 5.714997636363648, 8.823328545454544 ], [ 5.739720636363643, 8.812771545454545 ], [ 5.747775636363627, 8.806948545454546 ], [ 5.758890636363645, 8.790550545454543 ], [ 5.76527163636365, 8.762785545454541 ], [ 5.771949636363644, 8.755558545454541 ], [ 5.790309636363645, 8.74292254545454 ], [ 5.878338636363623, 8.741392545454545 ], [ 5.938890636363624, 8.740834545454547 ], [ 5.97444963636363, 8.745280545454541 ], [ 6.017784636363643, 8.751661545454546 ], [ 6.042219636363626, 8.754163545454546 ], [ 6.070839636363644, 8.75610754545454 ], [ 6.091107636363631, 8.75610754545454 ], [ 6.100089636363634, 8.754388545454546 ], [ 6.357759636363625, 8.692216545454542 ], [ 6.377235636363622, 8.664928545454543 ], [ 6.413892636363641, 8.59888654545454 ], [ 6.436392636363649, 8.514160545454544 ], [ 6.447219636363627, 8.465002545454546 ], [ 6.45611163636363, 8.433610545454542 ], [ 6.459441636363636, 8.430001545454544 ], [ 6.486666636363623, 8.414998545454544 ], [ 6.524160636363632, 8.384443545454545 ], [ 6.561393636363647, 8.352502545454541 ], [ 6.583335636363643, 8.330830545454546 ], [ 6.617769636363647, 8.296108545454544 ], [ 6.692217636363637, 8.212219545454545 ], [ 6.768006636363623, 8.071720545454546 ], [ 6.779481636363641, 8.041399545454546 ], [ 6.789318636363646, 7.921744545454544 ], [ 6.789318636363646, 7.903717545454541 ], [ 6.780300636363648, 7.849627545454545 ], [ 6.776205636363642, 7.836505545454543 ], [ 6.75735063636364, 7.788985545454544 ] ], [ [ 6.75735063636364, 7.788985545454544 ], [ 6.760446636363639, 7.739188545454546 ], [ 6.752112636363648, 7.675864545454544 ], [ 6.750717636363646, 7.670302545454547 ], [ 6.728496636363644, 7.637812545454544 ], [ 6.717390636363632, 7.613638545454542 ], [ 6.70571763636363, 7.568917545454546 ], [ 6.703782636363627, 7.549189545454546 ], [ 6.70230663636363, 7.326502545454545 ], [ 6.70221663636363, 7.226944545454543 ], [ 6.706662636363632, 7.089721545454545 ], [ 6.681390636363631, 6.955000545454546 ], [ 6.648612636363623, 6.846946545454543 ], [ 6.641394636363628, 6.826111545454545 ], [ 6.639999636363626, 6.813052545454546 ], [ 6.632214636363642, 6.690832545454541 ], [ 6.637785636363645, 6.650269545454542 ], [ 6.691659636363624, 6.425836545454544 ], [ 6.715554636363635, 6.336394545454546 ], [ 6.75500163636363, 6.193888545454541 ], [ 6.76028463636365, 6.179443545454546 ], [ 6.761391636363641, 6.154162545454547 ], [ 6.759717636363632, 6.134164545454546 ], [ 6.715284636363634, 6.033058545454544 ], [ 6.706644636363649, 6.000001545454545 ], [ 6.704160636363639, 5.97361354545454 ], [ 6.702774636363642, 5.968051545454543 ], [ 6.690840636363646, 5.945272545454543 ], [ 6.669717636363629, 5.910838545454546 ], [ 6.663336636363624, 5.903332545454546 ], [ 6.628605636363631, 5.876386545454544 ], [ 6.62110863636363, 5.868340545454544 ], [ 6.607221636363647, 5.845003545454546 ], [ 6.595836636363629, 5.821108545454543 ], [ 6.588888636363635, 5.797771545454545 ], [ 6.586386636363642, 5.782498545454544 ], [ 6.592497636363646, 5.761942545454545 ], [ 6.573057636363643, 5.608339545454541 ], [ 6.567783636363629, 5.589997545454544 ], [ 6.561663636363647, 5.570269545454543 ], [ 6.52249563636363, 5.473609545454543 ], [ 6.477495636363642, 5.430832545454543 ], [ 6.495891636363638, 5.37155854545454 ], [ 6.337491636363637, 5.341660545454545 ], [ 6.161946636363638, 5.148889545454544 ], [ 6.052218636363648, 5.101387545454543 ], [ 5.904438636363636, 5.195275545454543 ], [ 5.491230636363639, 5.139808545454542 ] ], [ [ 6.495891636363638, 5.37155854545454 ], [ 6.327222636363643, 5.207497545454544 ], [ 6.359991636363645, 5.19110854545454 ], [ 6.316656636363632, 5.102215545454541 ], [ 6.251379636363623, 5.096392545454542 ], [ 6.256464636363631, 4.950124545454543 ], [ 6.073602636363631, 4.770268545454542 ], [ 6.095823636363633, 4.675831545454542 ], [ 6.034659636363642, 4.297426545454542 ] ] ] } },
{ "type": "Feature", "properties": { "NAME": "Yukon", "SYSTEM": null, "MILES": 3481.48534, "KILOMETERS": 5602.91875 }, "geometry": { "type": "LineString", "coordinates": [ [ -164.887436363636368, 62.781820545454543 ], [ -164.865629363636373, 62.785213545454546 ], [ -164.83918736363637, 62.787967545454542 ], [ -164.807219363636364, 62.789074545454547 ], [ -164.781875363636374, 62.790172545454546 ], [ -164.763695363636373, 62.790730545454544 ], [ -164.719145363636358, 62.788327545454543 ], [ -164.71362836363636, 62.783332545454549 ], [ -164.705843363636376, 62.770831545454548 ], [ -164.700290363636356, 62.765827545454549 ], [ -164.692505363636371, 62.762497545454544 ], [ -164.681399363636359, 62.761381545454547 ], [ -164.655002363636356, 62.764162545454546 ], [ -164.612765363636356, 62.774710545454546 ], [ -164.583614363636372, 62.777770545454551 ], [ -164.533079363636375, 62.778049545454543 ], [ -164.524169363636361, 62.775268545454544 ], [ -164.517518363636356, 62.771101545454549 ], [ -164.497439363636374, 62.751535545454551 ], [ -164.472320363636356, 62.75674654545454 ], [ -164.436887363636373, 62.75674654545454 ], [ -164.423369363636368, 62.755054545454549 ], [ -164.41491836363636, 62.753362545454543 ], [ -164.392976363636365, 62.744929545454546 ], [ -164.377775363636374, 62.734786545454547 ], [ -164.359217363636361, 62.72635354545455 ], [ -164.335574363636368, 62.719612545454545 ], [ -164.325440363636375, 62.717911545454548 ], [ -164.222444363636356, 62.717911545454548 ], [ -164.207270363636354, 62.716228545454548 ], [ -164.141417363636378, 62.69089354545455 ], [ -164.109341363636361, 62.670643545454546 ], [ -164.082332363636368, 62.652076545454541 ], [ -163.955693363636357, 62.562598545454541 ], [ -163.835822363636368, 62.441035545454547 ], [ -163.830746363636365, 62.420776545454551 ], [ -163.830746363636365, 62.39377654545455 ], [ -163.832456363636368, 62.38531654545455 ], [ -163.839233363636367, 62.368432545454546 ], [ -163.845983363636378, 62.356624545454544 ], [ -163.888184363636356, 62.297530545454542 ], [ -163.906733363636363, 62.275588545454546 ], [ -163.945595363636357, 62.238445545454546 ], [ -163.957403363636359, 62.221561545454541 ], [ -163.964144363636365, 62.206360545454551 ], [ -163.964144363636365, 62.184418545454541 ], [ -163.959068363636362, 62.165842545454545 ], [ -163.945595363636357, 62.148967545454546 ], [ -163.938809363636381, 62.142208545454544 ], [ -163.930394363636367, 62.137150545454539 ], [ -163.883117363636359, 62.116891545454543 ], [ -163.839233363636367, 62.103382545454544 ], [ -163.770014363636363, 62.089873545454545 ], [ -163.741304363636374, 62.084806545454548 ], [ -163.697393363636365, 62.081431545454542 ], [ -163.565696363636363, 62.083123545454548 ], [ -163.483004363636354, 62.074681545454546 ], [ -163.358066363636368, 62.047672545454539 ], [ -163.266869363636374, 62.027413545454543 ], [ -163.255097363636366, 62.024029545454546 ], [ -163.241570363636356, 62.015587545454544 ], [ -163.238195363636379, 62.010520545454547 ], [ -163.233128363636382, 61.997020545454539 ], [ -163.229735363636365, 61.978444545454543 ], [ -163.229735363636365, 61.970002545454541 ], [ -163.226378363636371, 61.961569545454545 ], [ -163.221311363636374, 61.956502545454548 ], [ -163.180784363636377, 61.934542545454541 ], [ -163.145324363636377, 61.919350545454542 ], [ -163.101440363636357, 61.909234545454545 ], [ -163.07444036363637, 61.905850545454548 ], [ -163.035578363636375, 61.905850545454548 ], [ -162.990020363636376, 61.909234545454545 ], [ -162.914060363636366, 61.922734545454539 ], [ -162.892091363636382, 61.932868545454546 ], [ -162.863399363636375, 61.951426545454545 ], [ -162.84649736363636, 61.954810545454542 ], [ -162.829622363636361, 61.954810545454542 ], [ -162.762122363636365, 61.919350545454542 ], [ -162.738461363636361, 61.912609545454551 ], [ -162.704684363636375, 61.910917545454545 ], [ -162.691193363636359, 61.914301545454542 ], [ -162.684443363636376, 61.917685545454539 ], [ -162.679385363636356, 61.922734545454539 ], [ -162.672608363636357, 61.934542545454541 ], [ -162.664184363636366, 61.959868545454547 ], [ -162.660800363636355, 61.966636545454541 ], [ -162.655724363636381, 61.971703545454538 ], [ -162.64224236363637, 61.980136545454549 ], [ -162.603389363636381, 61.998712545454545 ], [ -162.574670363636358, 62.00545354545455 ], [ -162.505487363636377, 62.013895545454538 ], [ -162.476768363636381, 62.013895545454538 ], [ -162.459875363636371, 62.010520545454547 ], [ -162.43792436363637, 62.00208754545455 ], [ -162.431210363636382, 61.990270545454543 ], [ -162.429500363636379, 61.963252545454544 ], [ -162.436277363636378, 61.936243545454552 ], [ -162.432866363636379, 61.929493545454541 ], [ -162.424433363636382, 61.924426545454544 ], [ -162.397424363636361, 61.917685545454539 ], [ -162.372098363636383, 61.915984545454542 ], [ -162.304562363636364, 61.92611854545455 ], [ -162.260678363636373, 61.936243545454552 ], [ -162.230285363636369, 61.937926545454552 ], [ -162.201602363636368, 61.929493545454541 ], [ -162.179624363636378, 61.917685545454539 ], [ -162.149267363636369, 61.875457545454545 ], [ -161.995610363636359, 61.725211545454549 ], [ -161.96016836363637, 61.65261754545454 ], [ -161.965235363636367, 61.635733545454549 ], [ -161.968601363636367, 61.617166545454545 ], [ -161.968601363636367, 61.595215545454543 ], [ -161.965235363636367, 61.583389545454544 ], [ -161.96016836363637, 61.576648545454539 ], [ -161.948360363636368, 61.573264545454542 ], [ -161.933159363636378, 61.573264545454542 ], [ -161.907806363636382, 61.576648545454539 ], [ -161.882507363636364, 61.585090545454541 ], [ -161.830172363636365, 61.608715545454551 ], [ -161.793029363636379, 61.61885854545455 ], [ -161.625881363636381, 61.628974545454547 ], [ -161.468876363636355, 61.647541545454551 ], [ -161.426666363636372, 61.661041545454545 ], [ -161.397947363636376, 61.674550545454544 ], [ -161.369264363636375, 61.691434545454548 ], [ -161.34732236363638, 61.706644545454544 ], [ -161.328737363636378, 61.725211545454549 ], [ -161.321987363636367, 61.737019545454551 ], [ -161.320313363636359, 61.75052854545455 ], [ -161.321987363636367, 61.760662545454544 ], [ -161.325380363636356, 61.769113545454552 ], [ -161.333804363636375, 61.782622545454551 ], [ -161.34732236363638, 61.799488545454544 ], [ -161.34899636363636, 61.806256545454538 ], [ -161.342255363636355, 61.828189545454542 ], [ -161.333804363636375, 61.841707545454547 ], [ -161.313563363636376, 61.860274545454551 ], [ -161.276429363636367, 61.87378354545455 ], [ -161.217317363636369, 61.885600545454544 ], [ -160.980950363636367, 61.92611854545455 ], [ -160.800329363636365, 61.951426545454545 ], [ -160.621373363636366, 61.954810545454542 ], [ -160.44577436363636, 61.959868545454547 ], [ -160.292171363636356, 61.96494454545455 ], [ -160.184108363636369, 61.959868545454547 ], [ -160.143581363636372, 61.956502545454548 ], [ -160.123322363636362, 61.956502545454548 ], [ -160.109804363636357, 61.958194545454539 ], [ -160.091246363636373, 61.961569545454545 ], [ -160.06423736363638, 61.973377545454547 ], [ -160.040594363636359, 61.986886545454546 ], [ -160.033844363636376, 62.00377054545455 ], [ -160.033844363636376, 62.010520545454547 ], [ -159.913973363636359, 62.083123545454548 ], [ -159.832919363636364, 62.083123545454548 ], [ -159.81436136363638, 62.086489545454548 ], [ -159.790745363636375, 62.094940545454541 ], [ -159.777218363636365, 62.106757545454549 ], [ -159.724883363636366, 62.179351545454544 ], [ -159.719816363636369, 62.189476545454546 ], [ -159.719816363636369, 62.194552545454549 ], [ -159.723209363636357, 62.201302545454546 ], [ -159.736691363636368, 62.213128545454545 ], [ -159.767093363636377, 62.228320545454544 ], [ -159.790745363636375, 62.233369545454543 ], [ -159.817745363636362, 62.235070545454541 ], [ -159.876830363636373, 62.235070545454541 ], [ -159.920714363636364, 62.238445545454546 ], [ -159.942692363636354, 62.246887545454548 ], [ -159.957857363636379, 62.25701254545455 ], [ -159.964625363636372, 62.262079545454547 ], [ -159.967991363636372, 62.268829545454544 ], [ -159.964625363636372, 62.287396545454548 ], [ -159.954500363636356, 62.312731545454547 ], [ -159.951143363636362, 62.329606545454546 ], [ -159.952790363636382, 62.338057545454539 ], [ -159.959567363636381, 62.353249545454538 ], [ -159.976433363636374, 62.378584545454551 ], [ -159.991634363636365, 62.39714254545455 ], [ -160.023710363636383, 62.434294545454541 ], [ -160.040594363636359, 62.447794545454549 ], [ -160.057487363636369, 62.459611545454543 ], [ -160.07943836363637, 62.471419545454545 ], [ -160.130063363636367, 62.493370545454546 ], [ -160.15539836363638, 62.511937545454551 ], [ -160.172300363636367, 62.52544654545455 ], [ -160.179014363636355, 62.533888545454552 ], [ -160.182398363636366, 62.542339545454546 ], [ -160.184108363636369, 62.564281545454541 ], [ -160.179014363636355, 62.660509545454552 ], [ -160.118255363636365, 62.722969545454539 ], [ -160.092929363636358, 62.748313545454543 ], [ -160.077728363636368, 62.765188545454542 ], [ -160.060853363636369, 62.787139545454544 ], [ -160.057487363636369, 62.793880545454549 ], [ -160.055777363636366, 62.802331545454543 ], [ -160.065920363636366, 62.815840545454542 ], [ -160.070978363636357, 62.827657545454549 ], [ -160.072661363636371, 62.836099545454552 ], [ -160.050719363636375, 62.912068545454538 ], [ -160.047362363636381, 62.92219354545454 ], [ -160.042304363636362, 62.930644545454548 ], [ -160.033844363636376, 62.939077545454545 ], [ -159.998384363636376, 62.966086545454552 ], [ -159.947723363636356, 63.003238545454543 ], [ -159.925781363636361, 63.009979545454549 ], [ -159.82956236363637, 63.035305545454541 ], [ -159.80426336363638, 63.040372545454538 ], [ -159.78395936363637, 63.048805545454549 ], [ -159.77047736363636, 63.057256545454543 ], [ -159.756950363636378, 63.070765545454542 ], [ -159.726593363636368, 63.13660954545454 ], [ -159.718133363636355, 63.163618545454547 ], [ -159.716459363636375, 63.177127545454546 ], [ -159.726593363636368, 63.209212545454541 ], [ -159.724883363636366, 63.22777054545454 ], [ -159.719816363636369, 63.241279545454539 ], [ -159.699557363636359, 63.266605545454546 ], [ -159.596588363636357, 63.35270854545454 ], [ -159.566195363636382, 63.369592545454545 ], [ -159.481784363636365, 63.388159545454549 ], [ -159.446315363636359, 63.393226545454546 ], [ -159.436217363636359, 63.396610545454543 ], [ -159.422699363636355, 63.408418545454545 ], [ -159.419306363636366, 63.416851545454541 ], [ -159.42098936363638, 63.437119545454543 ], [ -159.454775363636372, 63.465820545454541 ], [ -159.48852536363637, 63.491146545454548 ], [ -159.500360363636361, 63.504655545454547 ], [ -159.50372636363636, 63.514780545454549 ], [ -159.500360363636361, 63.535048545454551 ], [ -159.490235363636373, 63.546856545454538 ], [ -159.424382363636369, 63.59243254545455 ], [ -159.402440363636373, 63.605941545454549 ], [ -159.392297363636374, 63.614392545454542 ], [ -159.361913363636376, 63.686986545454552 ], [ -159.355163363636365, 63.729187545454543 ], [ -159.351770363636376, 63.737638545454551 ], [ -159.346712363636357, 63.742696545454542 ], [ -159.270752363636376, 63.762964545454544 ], [ -159.245417363636363, 63.768031545454541 ], [ -159.221774363636371, 63.776464545454552 ], [ -159.211640363636377, 63.793348545454542 ], [ -159.206600363636369, 63.80684854545455 ], [ -159.199823363636369, 63.832174545454542 ], [ -159.198122363636372, 63.847366545454541 ], [ -159.166046363636354, 63.871009545454548 ], [ -159.14748836363637, 63.88113454545455 ], [ -158.943233363636381, 63.950344545454548 ], [ -158.79129536363638, 64.002679545454555 ], [ -158.776067363636372, 64.009447545454549 ], [ -158.764277363636381, 64.017880545454545 ], [ -158.743991363636383, 64.041514545454532 ], [ -158.674772363636379, 64.131001545454552 ], [ -158.65957136363636, 64.154635545454539 ], [ -158.63763836363637, 64.193461545454539 ], [ -158.635955363636356, 64.223845545454537 ], [ -158.642696363636361, 64.230613545454531 ], [ -158.67309836363637, 64.247497545454536 ], [ -158.700098363636357, 64.277881545454534 ], [ -158.711915363636365, 64.296448545454552 ], [ -158.713625363636368, 64.323475545454556 ], [ -158.710232363636379, 64.340332545454544 ], [ -158.696714363636374, 64.35554254545454 ], [ -158.674772363636379, 64.367350545454542 ], [ -158.61233936363638, 64.39773454545454 ], [ -158.548151363636379, 64.424752545454538 ], [ -158.517767363636381, 64.433203545454546 ], [ -158.484008363636377, 64.456837545454533 ], [ -158.355713363636369, 64.561507545454532 ], [ -158.335445363636381, 64.578382545454531 ], [ -158.303369363636364, 64.60878454545454 ], [ -158.294918363636356, 64.622284545454534 ], [ -158.293244363636376, 64.632418545454556 ], [ -158.289851363636359, 64.639159545454532 ], [ -158.267918363636369, 64.654351545454546 ], [ -158.252717363636378, 64.66111954545454 ], [ -158.142971363636377, 64.698253545454548 ], [ -158.077118363636373, 64.718521545454536 ], [ -158.048426363636366, 64.733695545454538 ], [ -157.997774363636381, 64.767490545454535 ], [ -157.911320363636378, 64.855654545454541 ], [ -157.757474363636362, 64.855609545454541 ], [ -157.518371363636362, 64.859686545454537 ], [ -157.416653363636357, 64.805236545454534 ], [ -157.059731363636359, 64.809691545454541 ], [ -156.979460363636377, 64.733578545454549 ], [ -156.755864363636363, 64.707199545454557 ], [ -156.783350363636373, 64.660516545454556 ], [ -156.702233363636367, 64.636648545454534 ], [ -156.179720363636363, 64.72440754545454 ], [ -155.494136363636358, 64.748014545454538 ], [ -154.890290363636382, 64.896928545454557 ], [ -154.289000363636376, 64.926592545454554 ], [ -153.554168363636364, 65.131639545454533 ], [ -153.235532363636366, 65.102758545454549 ], [ -153.079193363636364, 65.185522545454546 ], [ -152.778071363636371, 65.201920545454556 ], [ -152.44388336363636, 65.104693545454552 ], [ -152.214176363636369, 65.173291545454532 ], [ -152.043824363636361, 65.162059545454554 ], [ -151.472504363636375, 65.200255545454553 ], [ -151.371947363636366, 65.273587545454546 ], [ -151.183109363636362, 65.282200545454543 ], [ -150.638060363636356, 65.493853545454556 ], [ -150.296105363636372, 65.489407545454554 ], [ -150.14837036363636, 65.523859545454542 ], [ -150.173642363636361, 65.636647545454537 ], [ -150.109436363636377, 65.678299545454536 ], [ -150.03168536363637, 65.68330354545455 ], [ -149.889467363636356, 65.632462545454558 ], [ -149.807801363636372, 65.735791545454532 ], [ -149.840822363636363, 65.763313545454537 ], [ -150.119993363636354, 65.794687545454536 ], [ -149.883635363636358, 65.861908545454554 ], [ -149.26974536363636, 65.883589545454555 ], [ -149.196656363636379, 65.989960545454551 ], [ -148.989989363636369, 66.010795545454556 ], [ -148.999421363636372, 66.071635545454541 ], [ -148.820555363636373, 66.089149545454546 ], [ -148.81223036363636, 66.053302545454557 ], [ -148.743317363636379, 66.056353545454556 ], [ -148.72723436363637, 66.112180545454549 ], [ -148.223351363636368, 66.254974545454559 ], [ -147.747224363636377, 66.244966545454531 ], [ -147.682487363636369, 66.288031545454544 ], [ -147.604979363636375, 66.264145545454539 ], [ -147.607751363636368, 66.328036545454552 ], [ -147.213623363636373, 66.349969545454542 ], [ -146.948051363636353, 66.475528545454551 ], [ -146.279207363636374, 66.535243545454534 ], [ -145.826750363636364, 66.61231954545454 ], [ -145.321931363636367, 66.576373545454544 ], [ -145.273655363636379, 66.530257545454532 ], [ -144.88527836363636, 66.401647545454551 ], [ -144.760007363636362, 66.293296545454552 ], [ -144.04889036363636, 65.923018545454539 ], [ -143.999417363636383, 65.858308545454548 ], [ -144.101927363636378, 65.693572545454543 ], [ -143.974154363636359, 65.586364545454558 ], [ -143.798618363636365, 65.586364545454558 ], [ -143.713073363636369, 65.540527545454552 ], [ -143.672789363636355, 65.450257545454548 ], [ -143.45111036363636, 65.369689545454548 ], [ -142.871087363636377, 65.322196545454545 ], [ -142.74640136363638, 65.333032545454557 ], [ -142.612787363636357, 65.40302554545454 ], [ -142.005584363636359, 65.294422545454552 ], [ -141.976136363636357, 65.254975545454556 ], [ -141.709448363636369, 65.185522545454546 ], [ -141.654485363636354, 65.117734545454539 ], [ -141.401675363636372, 65.09385754545454 ], [ -141.346955363636368, 64.928572545454557 ], [ -141.184172363636378, 64.954699545454531 ], [ -141.197780363636355, 64.891357545454554 ], [ -141.10082336363638, 64.874131545454532 ], [ -141.20084036363636, 64.793581545454543 ], [ -141.001175363636378, 64.694752545454548 ], [ -140.841092363636363, 64.615525545454545 ], [ -140.694455363636365, 64.611637545454556 ], [ -140.718629363636353, 64.553029545454535 ], [ -140.603339363636366, 64.566070545454551 ], [ -140.587247363636379, 64.513312545454539 ], [ -140.451689363636376, 64.530538545454533 ], [ -140.513060363636356, 64.394971545454553 ], [ -139.605833363636378, 64.251376545454548 ], [ -139.459745363636358, 64.094974545454534 ], [ -139.483649363636374, 64.030255545454537 ], [ -139.70333936363636, 63.97220554545455 ], [ -139.759463363636371, 63.827485545454543 ], [ -139.709990363636365, 63.719134545454544 ], [ -139.773890363636383, 63.658033545454551 ], [ -139.718603363636362, 63.460258545454543 ], [ -139.461059363636366, 63.321991545454544 ], [ -139.430846363636363, 63.286657545454538 ], [ -139.581542363636373, 63.180979545454541 ], [ -139.502810363636371, 63.018322545454545 ], [ -139.191374363636356, 62.917486545454544 ], [ -138.658628363636353, 62.87109154545454 ], [ -138.386720363636357, 62.785816545454544 ], [ -137.848052363636356, 62.788318545454551 ], [ -137.645597363636369, 62.824156545454549 ], [ -136.853606363636374, 62.584423545454548 ], [ -136.338041363636364, 62.303308545454549 ], [ -136.390871363636364, 62.269711545454548 ], [ -136.337492363636358, 62.23414354545455 ], [ -136.375850363636374, 62.147212545454543 ], [ -135.780608363636361, 62.021086545454544 ], [ -135.715817363636376, 62.054143545454544 ], [ -135.569180363636377, 62.053036545454539 ], [ -135.481421363636372, 61.993600545454548 ], [ -134.957243363636366, 61.914427545454551 ], [ -134.909480363636362, 61.866385545454541 ], [ -134.990021363636373, 61.803322545454542 ], [ -134.846678363636357, 61.660537545454538 ], [ -134.903900363636353, 61.557244545454544 ], [ -134.794460363636375, 61.487764545454546 ], [ -134.661683363636371, 61.488322545454544 ], [ -134.620841363636373, 61.270540545454544 ], [ -134.498081363636373, 61.231930545454539 ], [ -133.24536236363636, 60.455275545454548 ], [ -133.163120363636381, 60.388747545454542 ], [ -133.069178363636354, 60.332596545454543 ], [ -132.943934363636373, 60.235414545454539 ], [ -132.873743363636379, 60.200863545454546 ], [ -132.811103363636363, 60.174943545454546 ], [ -132.746339363636366, 60.15552154545454 ], [ -132.58761536363636, 60.093970545454546 ], [ -132.418091363636364, 60.009748545454549 ], [ -132.390020363636381, 59.980588545454545 ], [ -132.273371363636358, 59.829415545454545 ], [ -132.18267836363637, 59.695549545454547 ], [ -132.144896363636377, 59.625358545454539 ], [ -132.10211036363637, 59.602723545454545 ], [ -132.076415363636357, 59.489152545454552 ], [ -131.966129363636355, 59.376931545454546 ], [ -131.993048363636376, 59.34026554545455 ], [ -131.795867363636376, 59.124697545454545 ], [ -131.464442363636351, 59.064703545454542 ], [ -131.277251363636367, 59.062480545454541 ], [ -131.079440363636365, 59.12886454545454 ], [ -131.104739363636384, 59.179705545454546 ] ] } },
{ "type": "Feature", "properties": { "NAME": "Columbia", "SYSTEM": null, "MILES": 1553.28134, "KILOMETERS": 2499.769 }, "geometry": { "type": "MultiLineString", "coordinates": [ [ [ -123.163616363636365, 46.195261545454549 ], [ -122.900339363636363, 46.096108545454548 ], [ -122.801681363636362, 45.970819545454539 ], [ -122.731490363636368, 45.662830545454547 ], [ -122.656673363636372, 45.619711545454543 ], [ -122.21917436363637, 45.568879545454543 ], [ -121.810835363636357, 45.717757545454539 ], [ -121.497788363636374, 45.73137454545455 ], [ -121.236680363636367, 45.695536545454551 ], [ -121.145285363636361, 45.616102545454545 ], [ -121.040570363636363, 45.665818545454549 ], [ -120.894725363636368, 45.655252545454537 ], [ -120.55667636363637, 45.752488545454547 ], [ -120.462797363636369, 45.706939545454539 ], [ -120.334736363636367, 45.71470654545454 ], [ -119.662796363636375, 45.863044545454549 ], [ -119.568071363636363, 45.928033545454547 ], [ -119.08891136363637, 45.946645545454551 ], [ -118.917479363636375, 46.069126545454544 ], [ -118.917479363636375, 46.091761545454538 ], [ -118.93255436363637, 46.118176545454538 ], [ -118.970273363636366, 46.16720854545455 ], [ -118.996670363636369, 46.189843545454544 ], [ -119.026856363636369, 46.212478545454537 ], [ -119.226683363636369, 46.267495545454544 ], [ -119.258876363636375, 46.302487545454547 ], [ -119.242082363636371, 46.336075545454541 ], [ -119.253269363636377, 46.407445545454543 ], [ -119.256410363636377, 46.523032545454548 ], [ -119.44611236363636, 46.716928545454543 ], [ -119.508365363636358, 46.733875545454545 ], [ -119.627228363636362, 46.658032545454539 ], [ -119.882495363636366, 46.644991545454538 ], [ -119.941679363636368, 46.726369545454538 ], [ -119.918900363636368, 46.828330545454541 ], [ -119.997236363636375, 47.044708545454547 ], [ -119.994455363636376, 47.22275554545454 ], [ -120.070019363636362, 47.258602545454544 ], [ -120.088631363636367, 47.358034545454551 ], [ -120.246401363636366, 47.398039545454544 ], [ -120.284444363636368, 47.509153545454545 ], [ -120.210014363636361, 47.605822545454551 ], [ -120.191681363636377, 47.74276654545455 ], [ -120.122498363636367, 47.779153545454541 ], [ -119.993366363636369, 47.780215545454546 ], [ -119.853056363636369, 47.949991545454544 ], [ -119.89751636363637, 48.043870545454546 ], [ -119.832239363636376, 48.074434545454544 ], [ -119.691677363636359, 48.068881545454538 ], [ -119.704727363636366, 48.012766545454546 ], [ -119.643077363636365, 48.000544545454538 ], [ -119.516960363636372, 48.06304954545454 ], [ -119.348912363636373, 48.041098545454538 ], [ -119.316116363636368, 48.099994545454543 ], [ -119.071694363636368, 48.123322545454549 ], [ -118.967789363636371, 48.014440545454541 ], [ -118.963910363636359, 47.932486545454545 ], [ -118.731116363636374, 47.898601545454547 ], [ -118.67195036363637, 47.934709545454545 ], [ -118.55361836363636, 47.918590545454542 ], [ -118.378622363636367, 47.83415254545455 ], [ -118.336898363636365, 47.895046545454541 ], [ -118.385039363636366, 48.013603545454551 ], [ -118.23722336363636, 48.046102545454538 ], [ -118.160948363636365, 48.227281545454538 ], [ -118.189325363636357, 48.321376545454548 ], [ -118.208207363636376, 48.396832545454551 ], [ -118.211969363636371, 48.419467545454545 ], [ -118.208207363636376, 48.460966545454546 ], [ -118.196885363636369, 48.48360154545454 ], [ -118.140293363636374, 48.589225545454546 ], [ -118.125200363636367, 48.61186054545454 ], [ -118.098803363636364, 48.642055545454546 ], [ -118.087481363636357, 48.653359545454542 ], [ -118.068617363636378, 48.65714854545454 ], [ -118.038350363636368, 48.763321545454538 ], [ -117.662231363636366, 48.954157545454542 ], [ -117.637310363636374, 48.999463545454539 ], [ -117.628751363636368, 49.015015545454538 ], [ -117.635843363636369, 49.067494545454544 ], [ -117.735833363636374, 49.130809545454547 ], [ -117.663743363636371, 49.303168545454547 ], [ -117.894332363636366, 49.322959545454545 ], [ -117.993161363636375, 49.366393545454549 ], [ -118.057304363636376, 49.407883545454546 ], [ -118.091261363636363, 49.434298545454546 ], [ -118.125200363636367, 49.517296545454549 ], [ -118.136522363636374, 49.551244545454544 ], [ -118.147844363636366, 49.604065545454539 ], [ -118.140293363636374, 49.64556454545454 ], [ -118.125200363636367, 49.713469545454551 ], [ -118.117667363636372, 49.743655545454551 ], [ -118.093844363636364, 49.797070545454538 ], [ -118.091396363636363, 49.879708545454541 ], [ -117.898913363636368, 50.005546545454543 ], [ -117.928622363636364, 50.094979545454542 ], [ -117.875198363636372, 50.100523545454543 ], [ -117.812090363636372, 50.128450545454548 ], [ -117.804539363636366, 50.192602545454541 ], [ -117.815852363636367, 50.218990545454538 ], [ -117.849791363636371, 50.268049545454538 ], [ -117.87243536363637, 50.290684545454546 ], [ -117.906401363636377, 50.343496545454549 ], [ -117.92149436363637, 50.403850545454539 ], [ -117.929027363636365, 50.46799354545454 ], [ -117.92149436363637, 50.550991545454544 ], [ -117.917705363636372, 50.592490545454545 ], [ -117.910154363636366, 50.61889654545454 ], [ -117.898841363636365, 50.641540545454539 ], [ -117.898841363636365, 50.667946545454548 ], [ -117.906401363636377, 50.683039545454541 ], [ -118.21917836363636, 50.990263545454546 ], [ -118.190567363636376, 51.084151545454539 ], [ -118.267247363636358, 51.269713545454543 ], [ -118.66667636363637, 51.673048545454542 ], [ -118.677512363636367, 51.785260545454541 ], [ -118.584164363636376, 51.894709545454539 ], [ -118.600562363636357, 52.037494545454543 ], [ -118.531523363636367, 52.101844545454547 ], [ -118.449371363636374, 52.119916545454551 ], [ -118.47982736363636, 52.20717154545455 ], [ -118.498691363636368, 52.233568545454538 ], [ -118.649612363636365, 52.36561654545455 ], [ -118.792955363636366, 52.486342545454541 ], [ -118.853318363636362, 52.550476545454551 ], [ -118.90236836363637, 52.588195545454546 ], [ -119.079704363636367, 52.716472545454543 ], [ -119.124938363636375, 52.735336545454551 ] ], [ [ -118.449371363636374, 52.119916545454551 ], [ -118.365581363636366, 52.079650545454548 ], [ -117.867098363636359, 51.864946545454551 ], [ -117.755831363636361, 51.823609545454538 ], [ -117.734051363636368, 51.811378545454538 ], [ -117.649577363636368, 51.754435545454548 ], [ -117.53759936363636, 51.675712545454552 ], [ -117.518735363636367, 51.653887545454545 ], [ -117.39613736363637, 51.518041545454544 ], [ -117.096410363636366, 51.439147545454539 ], [ -116.880293363636369, 51.181099545454551 ], [ -116.311682363636365, 50.835256545454548 ], [ -115.860917363636361, 50.285662545454549 ], [ -115.839920363636367, 50.159752545454545 ] ] ] } },
{ "type": "Feature", "properties": { "NAME": "Peace", "SYSTEM": "Mackenzie", "MILES": 1785.00137, "KILOMETERS": 2872.68699 }, "geometry": { "type": "MultiLineString", "coordinates": [ [ [ -127.421129363636368, 56.710816545454541 ], [ -127.421669363636369, 56.74276654545455 ], [ -126.902801363636371, 56.903587545454549 ], [ -126.913619363636371, 57.10276654545455 ], [ -126.545294363636373, 57.324994545454551 ], [ -126.56667836363637, 57.541372545454543 ], [ -126.461936363636369, 57.616657545454551 ], [ -126.268355363636374, 57.624424545454538 ], [ -126.144182363636361, 57.602482545454542 ], [ -125.907230363636359, 57.430807545454549 ], [ -125.538617363636376, 57.364990545454539 ], [ -125.459165363636373, 57.261931545454551 ], [ -124.975559363636364, 56.935807545454544 ], [ -124.833908363636368, 56.751379545454547 ], [ -124.800401363636368, 56.709160545454544 ], [ -124.766831363636371, 56.69321254545455 ], [ -124.740812363636365, 56.685652545454538 ], [ -124.605164363636362, 56.568688545454542 ], [ -124.538240363636362, 56.505274545454547 ], [ -124.488911363636362, 56.44537954545455 ], [ -124.421960363636373, 56.350276545454541 ], [ -124.305734363636361, 56.248108545454549 ], [ -124.171841363636361, 56.15650654545454 ], [ -124.090832363636366, 56.08958254545454 ], [ -124.017392363636361, 56.022514545454548 ], [ -123.967541363636371, 55.990942545454551 ], [ -123.868901363636368, 55.913434545454543 ], [ -123.816053363636371, 55.867651545454542 ], [ -123.784346363636359, 55.811293545454539 ], [ -123.731507363636368, 55.740832545454545 ], [ -123.689234363636359, 55.716163545454542 ], [ -123.661055363636365, 55.705597545454545 ], [ -123.63287636363637, 55.705597545454545 ], [ -123.56945336363637, 55.673899545454539 ], [ -123.453218363636367, 55.603438545454544 ], [ -123.417983363636367, 55.578778545454547 ], [ -123.410936363636367, 55.554127545454541 ], [ -123.294692363636358, 55.434346545454538 ], [ -123.270014363636363, 55.406167545454544 ], [ -123.231278363636363, 55.353328545454538 ], [ -123.192533363636358, 55.272301545454546 ], [ -123.178439363636357, 55.24060354545454 ], [ -123.174911363636369, 55.208887545454552 ], [ -123.167864363636369, 55.19127454545454 ], [ -123.118544363636374, 55.17013354545454 ] ], [ [ -124.017392363636361, 56.022514545454548 ], [ -123.960494363636371, 56.019130545454551 ], [ -123.886514363636365, 56.012092545454543 ], [ -123.784346363636359, 56.026177545454551 ], [ -123.770279363636377, 56.036743545454549 ], [ -123.678677363636368, 56.043781545454543 ], [ -123.53776436363637, 56.026177545454551 ], [ -123.417983363636367, 56.015602545454549 ], [ -123.382757363636358, 56.00856454545454 ], [ -123.333455363636375, 55.997998545454543 ], [ -123.298202363636364, 55.987414545454548 ], [ -123.203090363636363, 55.976857545454543 ], [ -123.167864363636369, 55.980385545454546 ], [ -123.132629363636369, 55.990942545454551 ], [ -123.111497363636374, 56.005036545454551 ], [ -123.083309363636374, 56.029687545454543 ], [ -123.062195363636363, 56.050837545454549 ], [ -123.048083363636366, 56.061403545454546 ], [ -122.977649363636374, 56.079016545454543 ], [ -122.907179363636374, 56.079016545454543 ], [ -122.752181363636367, 56.082544545454546 ], [ -122.678210363636367, 56.107195545454552 ], [ -122.635928363636367, 56.128327545454546 ], [ -122.600657363636373, 56.138794545454552 ], [ -122.564423363636365, 56.138794545454552 ], [ -122.491991363636373, 56.124430545454551 ], [ -122.448278363636376, 56.106943545454548 ], [ -122.416427363636359, 56.106943545454548 ], [ -122.373965363636358, 56.106943545454548 ], [ -122.269052363636376, 56.075101545454551 ], [ -122.232827363636375, 56.051989545454539 ], [ -122.214098363636367, 56.036374545454542 ], [ -122.217842363636365, 56.019517545454541 ], [ -122.238065363636366, 55.998871545454541 ], [ -122.161664363636362, 55.953862545454548 ], [ -121.979441363636369, 55.98719854545454 ], [ -121.527785363636369, 56.179708545454538 ], [ -121.225853363636361, 56.258872545454544 ], [ -120.422234363636363, 56.09942854545455 ], [ -120.127493363636376, 56.09915854545455 ], [ -119.565272363636367, 56.198860545454544 ], [ -119.190269363636361, 56.313601545454539 ], [ -118.951139363636372, 56.26637854545455 ], [ -118.965026363636369, 56.18026654545455 ], [ -118.882784363636375, 56.104711545454542 ], [ -118.92611936363636, 56.032477545454547 ], [ -118.62971336363637, 55.915261545454548 ], [ -117.943895363636358, 55.924153545454551 ], [ -117.336143363636367, 56.19413554545455 ], [ -117.318980363636371, 56.248216545454547 ], [ -117.130835363636365, 56.463595545454545 ], [ -117.105851363636361, 56.583592545454543 ], [ -117.25612436363636, 56.708026545454551 ], [ -117.18224336363636, 56.73749254545455 ], [ -117.282521363636363, 56.752207545454546 ], [ -117.277796363636369, 56.833594545454538 ], [ -117.332795363636365, 56.86747954545455 ], [ -117.179174363636378, 57.084982545454544 ], [ -117.279164363636369, 57.107752545454538 ], [ -117.132239363636359, 57.154147545454542 ], [ -117.081704363636362, 57.25331854545454 ], [ -117.16221836363637, 57.300523545454546 ], [ -117.052508363636377, 57.479425545454539 ], [ -117.136127363636376, 57.515263545454552 ], [ -116.960573363636371, 57.548869545454544 ], [ -116.970014363636366, 57.594148545454551 ], [ -117.108065363636371, 57.621922545454545 ], [ -117.075845363636375, 57.702760545454545 ], [ -117.134750363636357, 57.736375545454543 ], [ -117.008633363636363, 57.76720054545455 ], [ -117.136694363636366, 57.800266545454541 ], [ -117.041942363636366, 57.837481545454544 ], [ -117.152804363636363, 57.926653545454549 ], [ -117.089732363636358, 58.05137554545454 ], [ -116.777234363636367, 58.11360154545455 ], [ -116.641388363636366, 58.093315545454551 ], [ -116.571116363636364, 58.11775954545454 ], [ -116.582231363636367, 58.234705545454538 ], [ -116.710022363636369, 58.264432545454547 ], [ -116.501681363636365, 58.316092545454545 ], [ -116.492762363636359, 58.263307545454545 ], [ -116.439707363636359, 58.257196545454541 ], [ -116.207237363636366, 58.399153545454546 ], [ -115.814711363636377, 58.459975545454547 ], [ -115.71527936363637, 58.39941454545454 ], [ -115.647239363636373, 58.393861545454548 ], [ -115.558067363636368, 58.439419545454548 ], [ -115.262804363636377, 58.348870545454538 ], [ -115.016951363636366, 58.38664354545454 ], [ -114.881384363636357, 58.366915545454539 ], [ -114.14473436363636, 58.653313545454544 ], [ -113.822687363636362, 58.704271545454539 ], [ -113.732318363636367, 58.661485545454546 ], [ -113.394737363636366, 58.711930545454543 ], [ -113.404997363636369, 58.764157545454545 ], [ -113.136941363636367, 58.808032545454545 ], [ -113.093624363636366, 58.841089545454544 ], [ -113.13860636363637, 58.872481545454541 ], [ -112.931966363636377, 58.941655545454545 ], [ -112.810547363636374, 59.100253545454542 ], [ -112.655855363636363, 59.164981545454545 ], [ -112.548359363636365, 59.166925545454539 ], [ -112.455290363636365, 59.109712545454549 ], [ -111.966662363636374, 59.108884545454551 ], [ -111.920276363636361, 59.059141545454544 ], [ -112.07503136363637, 58.957765545454542 ], [ -112.014740363636363, 58.931098545454539 ], [ -111.699443363636362, 58.954156545454545 ], [ -111.598634363636364, 58.897213545454541 ], [ -111.411326363636363, 59.000236545454548 ] ] ] } },
{ "type": "Feature", "properties": { "NAME": "Arkansas", "SYSTEM": "Mississippi", "MILES": 1445.86412, "KILOMETERS": 2326.8974 }, "geometry": { "type": "LineString", "coordinates": [ [ -106.37889536363636, 39.361651545454542 ], [ -106.329467363636368, 39.352759545454539 ], [ -106.345865363636364, 39.226372545454545 ], [ -106.022243363636363, 38.733595545454541 ], [ -106.056398363636362, 38.589712545454539 ], [ -105.734747363636359, 38.36719654545454 ], [ -105.365018363636366, 38.493322545454539 ], [ -104.769470363636373, 38.276089545454546 ], [ -103.692503363636376, 38.088592545454539 ], [ -103.543355363636365, 37.997485545454545 ], [ -103.461689363636367, 37.993876545454548 ], [ -103.279736363636374, 38.081932545454542 ], [ -103.10255336363636, 38.077477545454549 ], [ -103.088792363636372, 38.08665754545455 ], [ -103.047545363636374, 38.095819545454539 ], [ -103.02463136363636, 38.091238545454537 ], [ -103.010888363636369, 38.08665754545455 ], [ -102.912725363636369, 38.070358545454546 ], [ -102.565559363636368, 38.107492545454541 ], [ -102.236951363636365, 38.081374545454544 ], [ -101.356661363636363, 37.881925545454543 ], [ -101.048069363636358, 37.995820545454542 ], [ -100.406396363636361, 37.81582054545455 ], [ -99.983459363636371, 37.742695545454545 ], [ -99.606674363636373, 37.669156545454548 ], [ -99.254468363636363, 38.038039545454545 ], [ -98.803343363636372, 38.336929545454545 ], [ -98.519177363636373, 38.318884545454544 ], [ -97.403897363636361, 37.788883545454546 ], [ -97.172516363636362, 37.36970854545455 ], [ -97.120280363636368, 37.118041545454538 ], [ -97.023908363636366, 37.044151545454547 ], [ -96.944456363636363, 37.036096545454548 ], [ -96.910022363636372, 36.814705545454551 ], [ -96.798629363636365, 36.771658545454549 ], [ -97.053347363636362, 36.675547545454542 ], [ -97.035014363636364, 36.596923545454551 ], [ -96.896405363636362, 36.591370545454545 ], [ -96.914459363636368, 36.547477545454548 ], [ -96.996962363636371, 36.52497754545454 ], [ -96.956678363636371, 36.461374545454539 ], [ -96.748067363636366, 36.562201545454549 ], [ -96.695012363636366, 36.436930545454551 ], [ -96.533084363636362, 36.402208545454549 ], [ -96.549743363636367, 36.310822545454549 ], [ -96.466124363636368, 36.329425545454548 ], [ -96.25447136363637, 36.224980545454549 ], [ -96.260573363636368, 36.153871545454543 ], [ -96.01918436363637, 36.145267545454551 ], [ -95.94862436363637, 35.997208545454548 ], [ -95.847788363636369, 35.93442454545454 ], [ -95.670290363636369, 35.92192354545454 ], [ -95.608631363636363, 35.778040545454537 ], [ -95.301011363636363, 35.782603545454542 ], [ -95.231693363636367, 35.723869545454541 ], [ -95.25836036363637, 35.611927545454542 ], [ -95.046869363636361, 35.470240545454551 ], [ -94.863908363636369, 35.357488545454551 ], [ -94.722788363636369, 35.352763545454543 ], [ -94.661138363636368, 35.279710545454542 ], [ -94.593899363636368, 35.335258545454543 ], [ -94.51113536363637, 35.29804354545454 ], [ -94.41056936363637, 35.440540545454546 ], [ -94.313630363636364, 35.365534545454544 ], [ -94.146410363636363, 35.370538545454544 ], [ -94.15223336363637, 35.434978545454548 ], [ -93.843353363636368, 35.484712545454549 ], [ -93.779192363636369, 35.395261545454538 ], [ -93.470015363636364, 35.418868545454551 ], [ -93.402803363636366, 35.342755545454544 ], [ -93.232793363636361, 35.291374545454538 ], [ -93.060290363636369, 35.164699545454546 ], [ -92.866412363636371, 35.168047545454549 ], [ -92.670293363636361, 35.081656545454543 ], [ -92.567522363636371, 35.110546545454547 ], [ -92.546966363636372, 35.07999154545454 ], [ -92.606123363636371, 34.997767545454543 ], [ -92.48223836363637, 34.946647545454546 ], [ -92.376119363636363, 34.798327545454548 ], [ -92.166410363636373, 34.72858654545454 ], [ -92.125838363636362, 34.439983545454545 ], [ -91.976960363636366, 34.244431545454539 ], [ -91.940843363636361, 34.294705545454541 ], [ -91.769177363636373, 34.180549545454546 ], [ -91.456130363636362, 34.085257545454546 ], [ -91.413344363636369, 34.008325545454547 ], [ -91.168904363636372, 33.94803454545454 ], [ -91.067744363636365, 33.790246545454544 ] ] } },
{ "type": "Feature", "properties": { "NAME": "Colorado", "SYSTEM": null, "MILES": 1336.39254, "KILOMETERS": 2150.71962 }, "geometry": { "type": "LineString", "coordinates": [ [ -115.031144363636372, 31.959997545454549 ], [ -115.034825363636372, 31.968412545454548 ], [ -115.109453363636362, 31.960825545454547 ], [ -115.113062363636374, 32.028316545454551 ], [ -115.163354363636358, 32.054425545454542 ], [ -115.202504363636365, 32.030260545454546 ], [ -115.210019363636377, 32.102206545454543 ], [ -115.170293363636375, 32.192206545454546 ], [ -115.041944363636361, 32.254918545454551 ], [ -114.913910363636376, 32.487487545454549 ], [ -114.809825363636364, 32.506990545454549 ], [ -114.791672363636366, 32.557777545454549 ], [ -114.731390363636365, 32.685271545454547 ], [ -114.721391363636371, 32.711110545454538 ], [ -114.719087363636362, 32.718454545454541 ], [ -114.718034363636377, 32.71959754545454 ], [ -114.532517363636373, 32.733322545454548 ], [ -114.458051363636372, 32.860267545454541 ], [ -114.464459363636365, 32.97164254545455 ], [ -114.517244363636365, 33.028594545454546 ], [ -114.680846363636363, 33.066376545454538 ], [ -114.722237363636367, 33.411931545454543 ], [ -114.636692363636371, 33.41997754545455 ], [ -114.526406363636369, 33.561655545454549 ], [ -114.483899363636368, 33.721927545454541 ], [ -114.520016363636358, 33.955549545454538 ], [ -114.390299363636359, 34.10971054545454 ], [ -114.114728363636374, 34.282483545454546 ], [ -114.124592363636367, 34.310284545454543 ], [ -114.124592363636367, 34.319455545454538 ], [ -114.129182363636374, 34.32860854545455 ], [ -114.152078363636377, 34.351531545454542 ], [ -114.165839363636366, 34.360693545454545 ], [ -114.230000363636364, 34.388188545454547 ], [ -114.262076363636368, 34.406530545454551 ], [ -114.335390363636364, 34.466101545454542 ], [ -114.362903363636377, 34.51651954545455 ], [ -114.375350363636358, 34.54107154545455 ], [ -114.494312363636368, 34.750456545454547 ], [ -114.558059363636374, 34.81054054545455 ], [ -114.634757363636368, 35.131372545454546 ], [ -114.574736363636362, 35.154700545454538 ], [ -114.582881363636375, 35.341441545454551 ], [ -114.633281363636371, 35.423944545454539 ], [ -114.660803363636376, 35.488105545454538 ], [ -114.665375363636372, 35.511028545454543 ], [ -114.651623363636361, 35.588923545454541 ], [ -114.642452363636366, 35.621008545454551 ], [ -114.691394363636363, 35.730538545454543 ], [ -114.660290363636364, 35.881927545454538 ], [ -114.734117363636358, 36.010555545454544 ], [ -114.724946363636377, 36.028888545454542 ], [ -114.75245036363637, 36.051802545454542 ], [ -114.757040363636364, 36.074716545454542 ], [ -114.75245036363637, 36.083887545454537 ], [ -114.702041363636368, 36.115972545454547 ], [ -114.63788036363637, 36.14347654545454 ], [ -114.555395363636364, 36.161800545454547 ], [ -114.532472363636373, 36.157219545454545 ], [ -114.500396363636369, 36.14804854545455 ], [ -114.440807363636367, 36.138877545454541 ], [ -114.427064363636362, 36.14347654545454 ], [ -114.42248336363636, 36.14804854545455 ], [ -114.417893363636367, 36.157219545454545 ], [ -114.399560363636368, 36.157219545454545 ], [ -114.376646363636368, 36.152638545454543 ], [ -114.349151363636366, 36.14347654545454 ], [ -114.321656363636365, 36.115972545454547 ], [ -114.307913363636374, 36.093058545454547 ], [ -114.298733363636359, 36.070144545454546 ], [ -114.280400363636375, 36.047230545454546 ], [ -114.257495363636366, 36.028888545454542 ], [ -114.234572363636374, 36.019726545454539 ], [ -114.216248363636367, 36.019726545454539 ], [ -114.170411363636362, 36.024316545454546 ], [ -114.133745363636365, 36.038059545454537 ], [ -114.115421363636358, 36.083887545454537 ], [ -114.092498363636366, 36.138877545454541 ], [ -114.051269363636365, 36.193885545454542 ], [ -114.037508363636363, 36.203047545454545 ], [ -114.00083336363636, 36.225961545454545 ], [ -113.991680363636362, 36.212209545454549 ], [ -113.973347363636364, 36.175543545454538 ], [ -113.867957363636364, 36.07930654545455 ], [ -113.812958363636369, 36.05639254545455 ], [ -113.780855363636363, 36.042640545454539 ], [ -113.767121363636363, 36.024316545454546 ], [ -113.647943363636358, 35.854747545454551 ], [ -113.629628363636357, 35.827243545454543 ], [ -113.369744363636357, 35.761372545454542 ], [ -113.300291363636376, 35.884150545454538 ], [ -113.339189363636365, 35.999152545454542 ], [ -113.301677363636372, 36.103048545454548 ], [ -113.220020363636365, 36.096928545454539 ], [ -113.146409363636366, 36.171376545454542 ], [ -112.792511363636365, 36.29110354545454 ], [ -112.622510363636366, 36.399706545454542 ], [ -112.529738363636369, 36.402478545454549 ], [ -112.451429363636365, 36.35248354545454 ], [ -112.517795363636367, 36.270817545454541 ], [ -112.435292363636364, 36.205819545454538 ], [ -112.390841363636369, 36.254707545454544 ], [ -112.338344363636367, 36.244429545454544 ], [ -112.287800363636364, 36.159982545454547 ], [ -111.924182363636362, 36.054430545454544 ], [ -111.815561363636363, 36.11387554545454 ], [ -111.793898363636373, 36.212479545454549 ], [ -111.881954363636368, 36.375541545454546 ], [ -111.840005363636365, 36.521089545454551 ], [ -111.471032363636368, 36.931732545454544 ], [ -111.443546363636358, 36.995902545454548 ], [ -111.43896536363637, 37.00048354545455 ], [ -111.416042363636365, 37.014235545454547 ], [ -111.402299363636359, 37.014235545454547 ], [ -111.30148136363637, 37.018816545454548 ], [ -111.287720363636367, 37.027969545454546 ], [ -111.283157363636377, 37.04173954545454 ], [ -111.283157363636377, 37.06465354545454 ], [ -111.273968363636357, 37.073815545454543 ], [ -111.173150363636367, 37.082977545454547 ], [ -110.96691536363636, 37.128805545454547 ], [ -110.921078363636369, 37.15630954545454 ], [ -110.884430363636369, 37.192975545454537 ], [ -110.861507363636377, 37.238803545454537 ], [ -110.834021363636367, 37.289212545454539 ], [ -110.824841363636367, 37.30296454545455 ], [ -110.779022363636358, 37.325869545454545 ], [ -110.705690363636364, 37.445038545454544 ], [ -110.61404336363637, 37.564189545454546 ], [ -110.595701363636365, 37.582522545454545 ], [ -110.531540363636367, 37.63752154545454 ], [ -110.481131363636365, 37.651264545454545 ], [ -110.435294363636359, 37.738348545454549 ], [ -110.435294363636359, 37.770424545454539 ], [ -110.439884363636367, 37.78417654545455 ], [ -110.398619363636357, 37.880422545454543 ], [ -110.366057363636372, 37.893175545454547 ], [ -110.25390836363637, 37.88526454545454 ], [ -109.869455363636376, 38.184820545454549 ], [ -109.739441363636359, 38.326381545454545 ], [ -109.718624363636366, 38.442211545454548 ], [ -109.653347363636357, 38.45526154545454 ], [ -109.619741363636365, 38.581369545454542 ], [ -109.574732363636372, 38.544712545454551 ], [ -109.257797363636371, 38.830273545454538 ], [ -109.217513363636357, 38.976649545454542 ], [ -108.899192363636359, 39.197482545454541 ], [ -108.53308136363637, 39.05108854545454 ], [ -108.423902363636358, 39.055822545454539 ], [ -108.311951363636368, 39.110542545454543 ], [ -108.224453363636371, 39.28026454545455 ], [ -107.961959363636367, 39.474151545454539 ], [ -107.289731363636363, 39.552766545454539 ], [ -107.057504363636369, 39.63609754545454 ], [ -106.981121363636362, 39.768316545454546 ], [ -106.81584536363637, 39.892489545454545 ], [ -106.693616363636366, 39.909148545454549 ], [ -106.609745363636364, 39.854428545454546 ], [ -106.388930363636376, 40.046650545454547 ], [ -106.128065363636367, 40.053319545454549 ], [ -105.843179363636366, 40.133419545454551 ], [ -105.797333363636369, 40.153561545454544 ], [ -105.818906363636358, 40.43358754545455 ] ] } },
{ "type": "Feature", "properties": { "NAME": "Mississippi", "SYSTEM": "Mississippi", "MILES": 2385.08972, "KILOMETERS": 3838.4375 }, "geometry": { "type": "LineString", "coordinates": [ [ -95.02364036363636, 47.156092545454548 ], [ -94.98972836363636, 47.318596545454547 ], [ -94.931309363636373, 47.37176854545455 ], [ -94.920698363636362, 47.40668854545455 ], [ -94.863638363636369, 47.482747545454551 ], [ -94.849382363636366, 47.492251545454543 ], [ -94.639601363636373, 47.430691545454543 ], [ -94.507148363636361, 47.449483545454548 ], [ -94.336031363636366, 47.40668854545455 ], [ -94.29799736363637, 47.411458545454543 ], [ -94.264733363636367, 47.42096254545455 ], [ -94.18866536363636, 47.458978545454549 ], [ -94.145906363636371, 47.463739545454551 ], [ -94.103120363636364, 47.454226545454539 ], [ -94.074581363636369, 47.430466545454543 ], [ -94.035287363636371, 47.354713545454551 ], [ -93.920006363636361, 47.293873545454538 ], [ -93.801116363636368, 47.308588545454548 ], [ -93.789461363636363, 47.213044545454544 ], [ -93.682784363636372, 47.254435545454548 ], [ -93.452807363636367, 47.18331754545455 ], [ -93.290573363636369, 47.016655545454547 ], [ -93.380006363636369, 46.88526454545454 ], [ -93.364184363636369, 46.795822545454548 ], [ -93.611396363636374, 46.677211545454547 ], [ -93.708074363636371, 46.549987545454549 ], [ -94.037798363636369, 46.567213545454543 ], [ -94.09000736363636, 46.45997854545454 ], [ -94.361951363636365, 46.277485545454546 ], [ -94.408913363636373, 46.225258545454544 ], [ -94.404188363636365, 45.935251545454541 ], [ -94.047518363636371, 45.418318545454547 ], [ -93.796670363636366, 45.308320545454542 ], [ -93.597248363636368, 45.294433545454545 ], [ -93.310292363636364, 45.143872545454549 ], [ -93.19636136363637, 44.89981054545455 ], [ -93.095291363636363, 44.944423545454548 ], [ -93.02418236363637, 44.806372545454543 ], [ -92.81472536363637, 44.75222854545455 ], [ -92.592911363636361, 44.612458545454551 ], [ -92.548307363636368, 44.587564545454548 ], [ -92.50528736363637, 44.574415545454549 ], [ -92.41500836363636, 44.564434545454539 ], [ -92.37777536363636, 44.562211545454538 ], [ -92.362781363636373, 44.558323545454549 ], [ -92.340560363636371, 44.54610154545454 ], [ -92.331956363636365, 44.538613545454545 ], [ -92.322506363636364, 44.525554545454547 ], [ -92.313047363636372, 44.506096545454547 ], [ -92.304443363636366, 44.49304654545454 ], [ -92.270846363636366, 44.468323545454545 ], [ -92.255006363636369, 44.45888254545455 ], [ -92.218889363636364, 44.441935545454548 ], [ -92.202788363636373, 44.438596545454551 ], [ -92.149994363636367, 44.432206545454541 ], [ -92.12998736363636, 44.42443954545454 ], [ -92.12537936363637, 44.42010154545455 ], [ -91.946675363636373, 44.333593545454541 ], [ -91.823636363636368, 44.169154545454539 ], [ -91.348922363636362, 43.918441545454549 ], [ -91.333892363636366, 43.891936545454548 ], [ -91.315550363636362, 43.865548545454551 ], [ -91.287506363636368, 43.83832354545455 ], [ -91.281395363636364, 43.829719545454545 ], [ -91.268345363636371, 43.806382545454547 ], [ -91.264457363636367, 43.790272545454549 ], [ -91.26585236363637, 43.784233545454548 ], [ -91.26585236363637, 43.72513054545454 ], [ -91.246079363636369, 43.588186545454541 ], [ -91.222589363636359, 43.49471254545454 ], [ -91.232102363636372, 43.451926545454548 ], [ -91.187561363636362, 43.35767854545454 ], [ -91.163054363636363, 43.355275545454539 ], [ -91.120547363636362, 43.336105545454551 ], [ -91.094996363636369, 43.314712545454547 ], [ -91.081685363636367, 43.296946545454539 ], [ -91.078895363636363, 43.286380545454541 ], [ -91.085285363636373, 43.260829545454548 ], [ -91.095554363636367, 43.240273545454549 ], [ -91.107497363636369, 43.226377545454547 ], [ -91.116101363636361, 43.218880545454546 ], [ -91.126100363636368, 43.213057545454539 ], [ -91.144451363636364, 43.198045545454541 ], [ -91.155566363636368, 43.184716545454542 ], [ -91.167500363636364, 43.164439545454549 ], [ -91.173323363636371, 43.14694354545454 ], [ -91.175825363636363, 43.121932545454548 ], [ -91.172225363636372, 43.098874545454542 ], [ -91.16302736363636, 43.078516545454541 ], [ -91.151651363636361, 42.997390545454543 ], [ -91.039466363636365, 42.727480545454547 ], [ -90.700571363636371, 42.648874545454539 ], [ -90.630569363636369, 42.549424545454549 ], [ -90.648074363636368, 42.478864545454549 ], [ -90.416405363636372, 42.318601545454548 ], [ -90.407243363636368, 42.253045545454547 ], [ -90.17333336363636, 42.12304054545455 ], [ -90.140015363636365, 41.993044545454545 ], [ -90.194735363636369, 41.81776054545454 ], [ -90.305012363636365, 41.750260545454545 ], [ -90.349184363636368, 41.590537545454545 ], [ -90.686396363636362, 41.454151545454543 ], [ -91.041122363636362, 41.404984545454546 ], [ -91.096679363636369, 41.211376545454549 ], [ -90.961139363636363, 41.105266545454548 ], [ -90.946118363636373, 40.989985545454537 ], [ -91.091693363636367, 40.83497854545454 ], [ -91.156403363636372, 40.662484545454539 ], [ -91.410572363636362, 40.566652545454538 ], [ -91.374176363636366, 40.401646545454547 ], [ -91.440290363636365, 40.376644545454546 ], [ -91.513073363636366, 40.224427545454539 ], [ -91.495010363636368, 40.013881545454545 ], [ -91.378892363636368, 39.725818545454551 ], [ -90.799742363636369, 39.30942454545454 ], [ -90.693614363636371, 38.972482545454547 ], [ -90.625295363636369, 38.888035545454549 ], [ -90.56836136363637, 38.878036545454542 ], [ -90.478685363636373, 38.959405545454551 ], [ -90.27890336363636, 38.926087545454543 ], [ -90.132239363636373, 38.847481545454549 ], [ -90.129971363636372, 38.810140545454551 ], [ -90.38195336363637, 38.283595545454538 ], [ -90.343901363636363, 38.204701545454547 ], [ -90.041402363636365, 37.975534545454543 ], [ -89.956118363636364, 37.960477545454545 ], [ -89.731397363636361, 37.837483545454539 ], [ -89.663348363636359, 37.739428545454551 ], [ -89.52862736363636, 37.682764545454539 ], [ -89.520851363636368, 37.533598545454545 ], [ -89.443622363636365, 37.422484545454545 ], [ -89.521139363636365, 37.267486545454538 ], [ -89.38613936363636, 37.049155545454546 ], [ -89.28779636363636, 36.994705545454543 ], [ -89.283908363636371, 37.088035545454538 ], [ -89.121656363636362, 36.977560545454544 ], [ -89.177789363636364, 36.66144454545455 ], [ -89.222789363636366, 36.57665554545455 ], [ -89.380847363636363, 36.621655545454537 ], [ -89.460299363636366, 36.459709545454551 ], [ -89.498900363636366, 36.448594545454547 ], [ -89.495282363636363, 36.546379545454549 ], [ -89.575571363636371, 36.54443554545454 ], [ -89.527232363636372, 36.381931545454542 ], [ -89.615846363636365, 36.344698545454541 ], [ -89.577236363636359, 36.251656545454544 ], [ -89.687792363636362, 36.243322545454539 ], [ -89.60667536363637, 36.14192854545454 ], [ -89.728616363636363, 36.007486545454547 ], [ -89.670287363636362, 35.892205545454537 ], [ -89.731397363636361, 35.914696545454539 ], [ -89.779187363636368, 35.872756545454543 ], [ -89.720858363636367, 35.84303854545454 ], [ -89.746670363636369, 35.810539545454539 ], [ -89.944454363636368, 35.73108754545455 ], [ -89.900012363636364, 35.63665054545455 ], [ -89.954741363636373, 35.597761545454539 ], [ -89.921126363636361, 35.538595545454548 ], [ -90.102512363636365, 35.38220254545454 ], [ -90.08057936363636, 35.173042545454543 ], [ -90.311402363636361, 35.016379545454548 ], [ -90.272801363636361, 34.910539545454547 ], [ -90.458633363636366, 34.823599545454549 ], [ -90.464735363636365, 34.73998054545455 ], [ -90.553349363636372, 34.73971054545455 ], [ -90.599744363636361, 34.637209545454546 ], [ -90.585848363636373, 34.422478545454545 ], [ -90.770294363636367, 34.371655545454537 ], [ -90.770573363636373, 34.278586545454537 ], [ -90.827516363636363, 34.282483545454546 ], [ -90.860015363636364, 34.208881545454538 ], [ -90.95863736363637, 34.153036545454547 ], [ -90.875018363636372, 34.101385545454541 ], [ -90.881678363636368, 34.054423545454547 ], [ -91.089740363636366, 33.990532545454549 ], [ -91.052093363636359, 33.95770054545455 ], [ -91.067744363636365, 33.790246545454544 ], [ -91.227512363636365, 33.673048545454542 ], [ -91.154459363636363, 33.633871545454546 ], [ -91.149464363636369, 33.595261545454541 ], [ -91.233335363636371, 33.561097545454551 ], [ -91.128890363636373, 33.473590545454549 ], [ -91.16502536363636, 33.299710545454538 ], [ -91.109747363636373, 33.271927545454538 ], [ -91.093358363636369, 33.168589545454545 ], [ -91.16502536363636, 32.969149545454549 ], [ -91.074467363636373, 32.916931545454538 ], [ -91.146134363636364, 32.816932545454542 ], [ -91.138070363636373, 32.742205545454546 ], [ -91.071965363636366, 32.699158545454544 ], [ -91.166114363636368, 32.666929545454543 ], [ -91.098074363636371, 32.561926545454547 ], [ -91.110017363636359, 32.472484545454542 ], [ -90.918020363636373, 32.297992545454541 ], [ -91.095563363636373, 32.112763545454548 ], [ -91.083638363636368, 32.012206545454539 ], [ -91.343630363636365, 31.846381545454541 ], [ -91.43861636363637, 31.565275545454547 ], [ -91.531127363636372, 31.478884545454541 ], [ -91.491392363636365, 31.398883545454545 ], [ -91.528076363636373, 31.288327545454543 ], [ -91.646138363636368, 31.268878545454548 ], [ -91.573913363636365, 31.072210545454546 ], [ -91.65696536363636, 30.992767545454548 ], [ -91.655291363636366, 30.946372545454544 ], [ -91.517249363636367, 30.875542545454543 ], [ -91.580312363636367, 30.746653545454542 ], [ -91.378064363636369, 30.755824545454537 ], [ -91.251128363636369, 30.574438545454548 ], [ -91.27919036363636, 30.503041545454543 ], [ -91.20779336363637, 30.517207545454546 ], [ -91.201124363636367, 30.409153545454551 ], [ -91.245008363636373, 30.358879545454549 ], [ -91.153073363636366, 30.336379545454541 ], [ -91.221410363636366, 30.294988545454551 ], [ -91.113635363636362, 30.261661545454551 ], [ -91.134461363636362, 30.192217545454547 ], [ -91.018910363636365, 30.190543545454538 ], [ -91.023068363636369, 30.129991545454537 ], [ -90.853616363636363, 30.064993545454548 ], [ -90.82585136363636, 30.00415354545455 ], [ -90.51113936363636, 30.056380545454537 ], [ -90.323345363636363, 29.94388054545454 ], [ -90.243074363636367, 29.97193354545454 ], [ -90.121673363636361, 29.921650545454547 ], [ -90.041402363636365, 29.955823545454543 ], [ -89.940566363636364, 29.926096545454548 ], [ -89.914466363636365, 29.884165545454543 ], [ -89.972516363636373, 29.883328545454539 ], [ -90.019469363636361, 29.779990545454545 ], [ -89.957243363636366, 29.659435545454549 ], [ -89.614451363636363, 29.463325545454545 ], [ -89.600006363636368, 29.402494545454537 ], [ -89.492780363636371, 29.348323545454541 ], [ -89.430572363636372, 29.359708545454545 ], [ -89.285294363636368, 29.21859754545455 ], [ -89.254748363636367, 29.156650545454546 ], [ -89.300459363636364, 29.081779545454545 ], [ -89.410754363636372, 28.929832545454538 ] ] } },
{ "type": "Feature", "properties": { "NAME": "Missouri", "SYSTEM": "Mississippi", "MILES": 2738.72928, "KILOMETERS": 4407.56635 }, "geometry": { "type": "LineString", "coordinates": [ [ -110.554454363636367, 44.760814545454544 ], [ -110.612225363636369, 44.718586545454549 ], [ -110.708633363636366, 44.722753545454545 ], [ -110.722781363636358, 44.66554054545454 ], [ -110.873900363636366, 44.64165454545455 ], [ -111.028637363636363, 44.664982545454542 ], [ -111.108989363636368, 44.745712545454545 ], [ -111.154826363636374, 44.75945554545455 ], [ -111.186911363636369, 44.764027545454546 ], [ -111.20522636363637, 44.768626545454545 ], [ -111.237320363636371, 44.814445545454539 ], [ -111.255644363636364, 44.832778545454538 ], [ -111.306044363636374, 44.869444545454549 ], [ -111.473912363636373, 44.840815545454539 ], [ -111.541961363636375, 44.871370545454546 ], [ -111.72194336363637, 45.231658545454543 ], [ -111.443330363636363, 45.791926545454551 ], [ -111.445940363636367, 45.948067545454542 ], [ -111.371942363636364, 46.109158545454541 ], [ -111.508832363636373, 46.354444545454548 ], [ -111.508832363636373, 46.37648554545455 ], [ -111.530873363636374, 46.475656545454548 ], [ -111.547388363636372, 46.50319654545455 ], [ -111.59146136363637, 46.563811545454548 ], [ -111.646541363636373, 46.602385545454545 ], [ -111.695798363636356, 46.65902254545454 ], [ -111.923075363636372, 46.823596545454542 ], [ -111.886400363636369, 46.876372545454551 ], [ -112.000025363636368, 47.022208545454539 ], [ -111.914462363636375, 47.117482545454543 ], [ -111.745289363636374, 47.204989545454545 ], [ -111.501416363636366, 47.416372545454543 ], [ -111.33919136363636, 47.43025954545454 ], [ -111.309734363636366, 47.396653545454548 ], [ -111.287225363636367, 47.522752545454544 ], [ -111.028061363636368, 47.594149545454549 ], [ -110.864459363636371, 47.76943354545454 ], [ -110.647244363636361, 47.809978545454548 ], [ -110.126108363636376, 48.040549545454546 ], [ -110.030294363636358, 47.919157545454546 ], [ -110.036135363636362, 47.84553754545454 ], [ -109.844183363636375, 47.731651545454547 ], [ -109.704467363636368, 47.71276054545455 ], [ -109.495559363636374, 47.757760545454538 ], [ -109.401410363636359, 47.733037545454543 ], [ -109.235027363636362, 47.802481545454548 ], [ -108.949997363636356, 47.812759545454547 ], [ -108.925841363636366, 47.741371545454548 ], [ -108.653897363636361, 47.62748554545454 ], [ -108.196931363636367, 47.599666545454546 ], [ -108.109415363636373, 47.599603545454549 ], [ -108.087392363636368, 47.605120545454547 ], [ -107.999237363636368, 47.605120545454547 ], [ -107.949647363636359, 47.588578545454546 ], [ -107.911073363636376, 47.561047545454549 ], [ -107.833934363636359, 47.527981545454544 ], [ -107.674148363636363, 47.632660545454549 ], [ -107.652116363636367, 47.643676545454547 ], [ -107.575004363636367, 47.660209545454542 ], [ -107.558453363636374, 47.660209545454542 ], [ -107.409701363636373, 47.665717545454548 ], [ -107.293988363636373, 47.68775854545455 ], [ -107.216876363636374, 47.67122554545454 ], [ -107.194835363636372, 47.67122554545454 ], [ -106.979942363636368, 47.676733545454546 ], [ -106.89179636363636, 47.693266545454541 ], [ -106.704479363636366, 47.764888545454546 ], [ -106.616297363636363, 47.808970545454549 ], [ -106.550201363636376, 47.847535545454541 ], [ -106.506119363636373, 47.891608545454538 ], [ -106.417973363636364, 47.990779545454551 ], [ -106.410809363636361, 48.015268545454539 ], [ -106.376402363636373, 48.062761545454542 ], [ -106.115834363636367, 48.041368545454539 ], [ -106.09139936363637, 48.01248754545454 ], [ -105.460301363636376, 48.101929545454546 ], [ -104.914460363636366, 48.113044545454549 ], [ -104.875832363636363, 48.153310545454538 ], [ -104.636405363636356, 48.116095545454549 ], [ -104.435561363636367, 48.130540545454544 ], [ -104.221946363636363, 48.043321545454539 ], [ -104.207870363636374, 48.042853545454541 ], [ -104.160188363636365, 48.076459545454547 ], [ -104.098637363636357, 48.054985545454549 ], [ -104.048426363636366, 48.01315354545455 ], [ -103.964015363636364, 47.99205754545455 ], [ -103.866320363636362, 47.974084545454538 ], [ -103.785815363636374, 47.999869545454551 ], [ -103.740311363636366, 48.040369545454546 ], [ -103.740311363636366, 48.067918545454539 ], [ -103.723796363636367, 48.084442545454543 ], [ -103.635632363636375, 48.12301654545454 ], [ -103.586042363636366, 48.13954954545455 ], [ -103.564010363636356, 48.145057545454542 ], [ -103.536452363636357, 48.089950545454549 ], [ -103.536452363636357, 48.05689354545455 ], [ -103.503422363636361, 48.029353545454548 ], [ -103.481372363636368, 48.01833754545455 ], [ -103.448297363636357, 48.01833754545455 ], [ -103.244447363636368, 48.067918545454539 ], [ -103.227914363636359, 48.089950545454549 ], [ -103.211408363636366, 48.12301654545454 ], [ -103.183850363636367, 48.145057545454542 ], [ -103.112228363636376, 48.161581545454546 ], [ -102.963476363636374, 48.161581545454546 ], [ -102.842255363636369, 48.145057545454542 ], [ -102.73758536363637, 48.117508545454548 ], [ -102.660428363636356, 48.073426545454545 ], [ -102.555758363636357, 48.007321545454538 ], [ -102.577790363636367, 47.979763545454539 ], [ -102.599840363636361, 47.957731545454543 ], [ -102.632897363636374, 47.919157545454546 ], [ -102.63839636363636, 47.891608545454538 ], [ -102.63839636363636, 47.858551545454539 ], [ -102.632897363636374, 47.831011545454551 ], [ -102.61087436363637, 47.81446954545455 ], [ -102.588815363636371, 47.803462545454543 ], [ -102.445571363636361, 47.770396545454538 ], [ -102.412514363636376, 47.770396545454538 ], [ -102.373940363636365, 47.781421545454542 ], [ -102.346391363636371, 47.803462545454543 ], [ -102.346391363636371, 47.825494545454539 ], [ -102.335375363636359, 47.853052545454538 ], [ -102.313334363636358, 47.842027545454549 ], [ -102.296819363636359, 47.819986545454547 ], [ -102.263744363636363, 47.726323545454541 ], [ -102.252746363636362, 47.68775854545455 ], [ -102.252746363636362, 47.643676545454547 ], [ -102.230696363636369, 47.610619545454547 ], [ -102.186623363636357, 47.594086545454552 ], [ -102.048887363636368, 47.555530545454538 ], [ -101.977247363636366, 47.538997545454542 ], [ -101.883593363636365, 47.527981545454544 ], [ -101.762390363636371, 47.516965545454546 ], [ -101.591579363636356, 47.533480545454545 ], [ -101.492417363636363, 47.561047545454549 ], [ -101.371196363636358, 47.58307054545454 ], [ -101.349164363636362, 47.561047545454549 ], [ -101.398754363636357, 47.500423545454545 ], [ -101.431118363636358, 47.470822545454546 ], [ -101.349182363636373, 47.301658545454551 ], [ -101.228618363636372, 47.244994545454539 ], [ -101.124452363636365, 47.303035545454541 ], [ -100.972514363636364, 47.24137654545455 ], [ -100.996967363636372, 47.18110354545454 ], [ -100.890848363636366, 47.055544545454545 ], [ -100.911683363636371, 46.913317545454539 ], [ -100.780067363636363, 46.709503545454545 ], [ -100.743104363636363, 46.673998545454545 ], [ -100.676990363636364, 46.646458545454543 ], [ -100.588835363636363, 46.59135154545455 ], [ -100.577837363636363, 46.547278545454539 ], [ -100.577837363636363, 46.50319654545455 ], [ -100.561277363636364, 46.393009545454539 ], [ -100.550279363636363, 46.348927545454551 ], [ -100.550279363636363, 46.321387545454549 ], [ -100.561277363636364, 46.244257545454538 ], [ -100.566803363636367, 46.227715545454551 ], [ -100.583327363636371, 46.20018454545454 ], [ -100.616393363636362, 46.178134545454547 ], [ -100.627400363636369, 46.156102545454551 ], [ -100.627400363636369, 46.128544545454538 ], [ -100.594361363636366, 46.051414545454541 ], [ -100.489682363636362, 45.935710545454548 ], [ -100.445600363636373, 45.90816154545454 ], [ -100.38498536363636, 45.847555545454547 ], [ -100.324388363636373, 45.715336545454541 ], [ -100.31886236363637, 45.693286545454548 ], [ -100.32988736363636, 45.68227054545455 ], [ -100.390502363636372, 45.66023854545454 ], [ -100.41804236363636, 45.643696545454539 ], [ -100.43457536363637, 45.621664545454543 ], [ -100.484165363636365, 45.572083545454539 ], [ -100.467632363636369, 45.53902654545454 ], [ -100.440092363636367, 45.516994545454544 ], [ -100.396010363636364, 45.500452545454543 ], [ -100.346420363636369, 45.478420545454547 ], [ -100.285823363636368, 45.395782545454544 ], [ -100.274798363636364, 45.247021545454551 ], [ -100.285823363636368, 45.197431545454542 ], [ -100.324388363636373, 45.070720545454542 ], [ -100.38498536363636, 45.026638545454539 ], [ -100.407026363636362, 45.015622545454541 ], [ -100.429067363636364, 44.982565545454541 ], [ -100.41804236363636, 44.921950545454543 ], [ -100.407026363636362, 44.888893545454543 ], [ -100.412534363636368, 44.872360545454548 ], [ -100.423568363636363, 44.850319545454546 ], [ -100.45659836363636, 44.822770545454539 ], [ -100.517213363636372, 44.778697545454541 ], [ -100.550279363636363, 44.767681545454543 ], [ -100.610876363636365, 44.778697545454541 ], [ -100.632917363636366, 44.800747545454549 ], [ -100.688015363636367, 44.817271545454538 ], [ -100.715546363636363, 44.806246545454549 ], [ -100.73209736363637, 44.795230545454551 ], [ -100.721072363636367, 44.773189545454549 ], [ -100.693505363636362, 44.751157545454539 ], [ -100.66046636363636, 44.729107545454546 ], [ -100.64944136363637, 44.70157654545455 ], [ -100.643951363636361, 44.65197754545455 ], [ -100.643951363636361, 44.635462545454551 ], [ -100.632917363636366, 44.602396545454546 ], [ -100.616393363636362, 44.574847545454539 ], [ -100.583327363636371, 44.558305545454537 ], [ -100.561277363636364, 44.552806545454551 ], [ -100.550279363636363, 44.530774545454541 ], [ -100.544771363636372, 44.51423254545454 ], [ -100.561277363636364, 44.49770854545455 ], [ -100.566803363636367, 44.481184545454546 ], [ -100.550279363636363, 44.464660545454542 ], [ -100.45659836363636, 44.464660545454542 ], [ -100.412534363636368, 44.470159545454543 ], [ -100.38498536363636, 44.453635545454539 ], [ -100.345862363636371, 44.355814545454542 ], [ -99.920288363636374, 44.263321545454538 ], [ -99.940565363636367, 44.19859354545455 ], [ -99.85390436363636, 44.124154545454537 ], [ -99.626114363636361, 44.102761545454548 ], [ -99.710570363636364, 44.200816545454551 ], [ -99.601679363636364, 44.206936545454546 ], [ -99.563627363636371, 44.088874545454551 ], [ -99.360290363636366, 43.989064545454546 ], [ -99.350777363636368, 43.970047545454541 ], [ -99.317513363636365, 43.870228545454545 ], [ -99.317513363636365, 43.860715545454546 ], [ -99.360290363636366, 43.803673545454551 ], [ -99.374555363636361, 43.79892154545454 ], [ -99.412580363636366, 43.779913545454541 ], [ -99.422093363636364, 43.770400545454542 ], [ -99.464870363636365, 43.680094545454544 ], [ -99.460109363636363, 43.670581545454546 ], [ -99.445862363636365, 43.66582954545455 ], [ -99.431588363636365, 43.66582954545455 ], [ -99.384059363636368, 43.656316545454551 ], [ -99.36981236363637, 43.651573545454546 ], [ -99.360290363636366, 43.637308545454538 ], [ -99.293744363636364, 43.537480545454549 ], [ -99.289001363636373, 43.523224545454546 ], [ -99.293744363636364, 43.508959545454537 ], [ -99.308018363636364, 43.489951545454538 ], [ -99.303257363636362, 43.470934545454547 ], [ -99.250967363636363, 43.442422545454541 ], [ -99.227198363636361, 43.437661545454539 ], [ -99.208190363636362, 43.437661545454539 ], [ -99.179669363636364, 43.432918545454548 ], [ -99.160661363636365, 43.42340554545455 ], [ -99.113105363636365, 43.375876545454538 ], [ -98.970518363636373, 43.261792545454547 ], [ -98.880203363636369, 43.19525554545455 ], [ -98.870708363636368, 43.171477545454543 ], [ -98.69007836363636, 43.076419545454549 ], [ -98.661566363636368, 43.081171545454545 ], [ -98.604506363636361, 43.081171545454545 ], [ -98.548229363636366, 43.057222545454543 ], [ -98.489252363636368, 43.003951545454548 ], [ -98.40835136363637, 42.93553354545454 ], [ -98.02919036363636, 42.784990545454541 ], [ -97.94666936363636, 42.781102545454551 ], [ -97.880006363636369, 42.85776454545455 ], [ -97.278455363636368, 42.876367545454549 ], [ -97.129730363636369, 42.785260545454541 ], [ -96.702239363636366, 42.672211545454537 ], [ -96.628061363636363, 42.53387254545455 ], [ -96.379184363636369, 42.47053954545455 ], [ -96.408911363636363, 42.366382545454549 ], [ -96.334742363636366, 42.289423545454547 ], [ -96.353345363636365, 42.206641545454538 ], [ -96.252518363636369, 42.042760545454549 ], [ -96.143627363636369, 41.97970654545454 ], [ -96.152510363636367, 41.898040545454542 ], [ -96.059441363636367, 41.798599545454543 ], [ -96.085568363636369, 41.541100545454547 ], [ -95.993345363636365, 41.542207545454538 ], [ -95.999456363636369, 41.481925545454551 ], [ -95.920292363636364, 41.456932545454542 ], [ -95.954744363636365, 41.337196545454539 ], [ -95.878064363636369, 41.313868545454547 ], [ -95.924729363636374, 41.198866545454543 ], [ -95.855573363636367, 41.183044545454543 ], [ -95.863637363636371, 41.045821545454551 ], [ -95.826125363636365, 40.788880545454539 ], [ -95.871944363636374, 40.735267545454541 ], [ -95.776688363636367, 40.661368545454543 ], [ -95.765303363636363, 40.541101545454545 ], [ -95.670011363636362, 40.457491545454538 ], [ -95.656124363636366, 40.313320545454538 ], [ -95.474729363636371, 40.24026754545455 ], [ -95.420855363636363, 40.03803754545455 ], [ -95.10084236363636, 39.862762545454551 ], [ -94.957787363636371, 39.90193054545454 ], [ -94.869740363636367, 39.751927545454542 ], [ -94.886138363636363, 39.725251545454547 ], [ -94.960568363636369, 39.738040545454545 ], [ -95.108357363636372, 39.568885545454542 ], [ -95.03946236363636, 39.461371545454547 ], [ -94.898360363636371, 39.379156545454542 ], [ -94.895570363636367, 39.298048545454542 ], [ -94.821680363636361, 39.206644545454544 ], [ -94.620422363636365, 39.112945545454544 ], [ -94.378061363636363, 39.158593545454544 ], [ -94.313630363636364, 39.223870545454538 ], [ -94.093625363636363, 39.134707545454539 ], [ -93.95918336363637, 39.147208545454539 ], [ -93.871946363636368, 39.200821545454538 ], [ -93.514736363636359, 39.214141545454545 ], [ -93.494459363636366, 39.282478545454545 ], [ -93.412514363636362, 39.22442854545455 ], [ -93.35000936363636, 39.23470654545455 ], [ -93.275300363636362, 39.330268545454551 ], [ -93.226961363636363, 39.331654545454548 ], [ -93.20863736363637, 39.40497754545455 ], [ -92.926118363636363, 39.226930545454543 ], [ -92.857511363636362, 39.224977545454543 ], [ -92.934443363636362, 39.044158545454543 ], [ -92.866115363636368, 38.977477545454541 ], [ -92.578079363636363, 38.96582254545455 ], [ -92.506682363636372, 38.918599545454548 ], [ -92.360288363636371, 38.674987545454549 ], [ -92.081702363636367, 38.555260545454551 ], [ -92.038277363636368, 38.569777545454549 ], [ -91.766963363636364, 38.692753545454543 ], [ -91.57781036363636, 38.673322545454546 ], [ -91.346411363636363, 38.708314545454549 ], [ -91.232507363636373, 38.616928545454549 ], [ -90.962804363636366, 38.537494545454543 ], [ -90.805574363636367, 38.588038545454545 ], [ -90.711137363636368, 38.675266545454541 ], [ -90.569747363636367, 38.673871545454539 ], [ -90.46779536363637, 38.815819545454538 ], [ -90.37667936363637, 38.831371545454537 ], [ -90.34308236363637, 38.886100545454546 ], [ -90.129971363636372, 38.810140545454551 ] ] } },
{ "type": "Feature", "properties": { "NAME": "Rio Grande, North America", "SYSTEM": null, "MILES": 1595.80045, "KILOMETERS": 2568.19701 }, "geometry": { "type": "LineString", "coordinates": [ [ -107.456681363636363, 37.818322545454542 ], [ -107.253911363636377, 37.715533545454541 ], [ -106.999184363636374, 37.72886254545454 ], [ -106.954193363636364, 37.803868545454542 ], [ -106.846679363636369, 37.809709545454545 ], [ -106.616117363636363, 37.665538545454545 ], [ -106.295294363636373, 37.671370545454543 ], [ -105.894740363636373, 37.539709545454549 ], [ -105.746960363636362, 37.402207545454537 ], [ -105.702797363636364, 37.286935545454547 ], [ -105.751127363636357, 37.051657545454539 ], [ -105.661955363636366, 36.765826545454537 ], [ -105.71889836363637, 36.365263545454546 ], [ -106.03444736363636, 36.131929545454547 ], [ -106.153607363636368, 35.833048545454538 ], [ -106.308614363636366, 35.691361545454548 ], [ -106.344182363636364, 35.569438545454538 ], [ -106.673897363636371, 35.151091545454541 ], [ -106.691960363636369, 34.81054054545455 ], [ -106.854194363636367, 34.151092545454539 ], [ -106.840001363636361, 33.837766545454549 ], [ -106.985027363636362, 33.675262545454551 ], [ -107.151716363636368, 33.343765545454538 ], [ -107.165864363636359, 33.158203545454548 ], [ -107.264351363636365, 33.10592254545454 ], [ -107.263991363636364, 33.069643545454547 ], [ -107.265431363636367, 33.032689545454538 ], [ -107.271209363636359, 32.989228545454544 ], [ -107.279246363636361, 32.976457545454544 ], [ -107.283530363636373, 32.947009545454542 ], [ -107.282792363636361, 32.932411545454549 ], [ -107.27516036363636, 32.89859854545454 ], [ -107.295851363636359, 32.805817545454538 ], [ -107.230007363636361, 32.691931545454544 ], [ -107.049746363636359, 32.64026254545454 ], [ -106.865840363636366, 32.424154545454549 ], [ -106.662467363636367, 32.000083545454551 ], [ -106.566005363636364, 31.822009545454542 ], [ -106.522877363636368, 31.780753545454537 ], [ -106.496399363636357, 31.757083545454542 ], [ -106.460012363636366, 31.750270545454548 ], [ -106.439177363636361, 31.75166554545455 ], [ -106.416533363636375, 31.754023545454551 ], [ -106.395842363636376, 31.74749854545454 ], [ -106.334309363636365, 31.68735154545454 ], [ -106.303349363636357, 31.63750054545455 ], [ -106.289174363636363, 31.597495545454542 ], [ -106.272236363636367, 31.559299545454543 ], [ -106.209875363636371, 31.472215545454539 ], [ -106.143617363636366, 31.43194954545455 ], [ -106.062923363636372, 31.402501545454548 ], [ -106.011668363636375, 31.395274545454548 ], [ -105.972779363636363, 31.369714545454549 ], [ -105.858065363636371, 31.282495545454545 ], [ -105.841946363636367, 31.269166545454546 ], [ -105.82751936363637, 31.254442545454545 ], [ -105.786956363636364, 31.208191545454547 ], [ -105.771665363636373, 31.178266545454541 ], [ -105.710006363636367, 31.144165545454548 ], [ -105.600008363636363, 31.081525545454546 ], [ -105.58070336363636, 31.057918545454548 ], [ -105.54140036363637, 30.996394545454542 ], [ -105.490712363636362, 30.94638154545455 ], [ -105.393062363636375, 30.865840545454539 ], [ -105.253067363636376, 30.797215545454542 ], [ -105.222575363636366, 30.804721545454548 ], [ -105.169448363636377, 30.778612545454543 ], [ -105.124997363636368, 30.749722545454539 ], [ -105.061952363636365, 30.694165545454545 ], [ -104.990843363636372, 30.632218545454542 ], [ -104.934728363636367, 30.607639545454539 ], [ -104.896523363636362, 30.566248545454549 ], [ -104.879729363636358, 30.52500154545455 ], [ -104.865005363636357, 30.466393545454544 ], [ -104.822237363636361, 30.386113545454542 ], [ -104.776949363636362, 30.318055545454548 ], [ -104.705561363636377, 30.233329545454545 ], [ -104.682233363636357, 30.187501545454545 ], [ -104.674997363636365, 30.167773545454544 ], [ -104.679308363636366, 30.10542154545454 ], [ -104.70133136363637, 30.058882545454544 ], [ -104.695013363636377, 30.004999545454545 ], [ -104.678066363636361, 29.940973545454547 ], [ -104.541815363636374, 29.672917545454546 ], [ -104.453336363636367, 29.595832545454549 ], [ -104.419172363636363, 29.569444545454537 ], [ -104.338055363636357, 29.525002545454548 ], [ -104.316743363636363, 29.530897545454543 ], [ -104.285144363636363, 29.525974545454538 ], [ -104.252789363636367, 29.508325545454547 ], [ -104.228345363636365, 29.494447545454541 ], [ -104.202434363636371, 29.46097654545455 ], [ -104.169728363636366, 29.422771545454545 ], [ -104.080844363636373, 29.355271545454549 ], [ -104.063618363636365, 29.342500545454548 ], [ -104.045294363636373, 29.330827545454547 ], [ -104.023622363636363, 29.321107545454545 ], [ -103.975013363636364, 29.305834545454537 ], [ -103.889171363636365, 29.285827545454545 ], [ -103.735838363636361, 29.199166545454538 ], [ -103.531403363636372, 29.126113545454551 ], [ -103.484999363636376, 29.08888054545455 ], [ -103.461941363636356, 29.07305854545455 ], [ -103.40112836363636, 29.03639254545454 ], [ -103.375001363636358, 29.023612545454547 ], [ -103.296251363636372, 28.99735954545455 ], [ -103.290869363636375, 28.996522545454546 ], [ -103.163690363636363, 28.984030545454537 ], [ -103.051955363636367, 29.094163545454542 ], [ -102.954998363636363, 29.183056545454541 ], [ -102.895841363636364, 29.254165545454548 ], [ -102.851120363636369, 29.35222054545455 ], [ -102.804761363636374, 29.474080545454548 ], [ -102.670292363636364, 29.742775545454542 ], [ -102.56083436363636, 29.767768545454551 ], [ -102.496250363636364, 29.781664545454539 ], [ -102.355562363636366, 29.850550545454546 ], [ -102.301805363636362, 29.887981545454544 ], [ -102.261251363636376, 29.867920545454545 ], [ -102.22778036363637, 29.84722054545454 ], [ -102.121949363636361, 29.810554545454544 ], [ -102.097496363636367, 29.802769545454545 ], [ -102.072782363636364, 29.798188545454543 ], [ -102.048203363636361, 29.798476545454541 ], [ -101.990846363636365, 29.805838545454542 ], [ -101.892224363636359, 29.806108545454542 ], [ -101.82584036363636, 29.804722545454545 ], [ -101.774738363636374, 29.796667545454547 ], [ -101.745011363636365, 29.78889154545454 ], [ -101.706680363636366, 29.778055545454542 ], [ -101.628767363636371, 29.766391545454546 ], [ -101.539172363636368, 29.771107545454548 ], [ -101.456678363636371, 29.772214545454538 ], [ -101.405018363636373, 29.772781545454542 ], [ -101.369351363636369, 29.692474545454537 ], [ -101.355833363636364, 29.660551545454545 ], [ -101.310833363636362, 29.615272545454538 ], [ -101.218610363636373, 29.540275545454541 ], [ -101.139032363636375, 29.490694545454538 ], [ -101.106668363636373, 29.482081545454541 ], [ -101.043002363636361, 29.461498545454539 ], [ -101.025281363636367, 29.437774545454538 ], [ -100.936955363636372, 29.349997545454549 ], [ -100.795709363636362, 29.258746545454549 ], [ -100.665839363636366, 29.109031545454549 ], [ -100.628201363636364, 28.995829545454548 ], [ -100.63445636363636, 28.958605545454539 ], [ -100.621946363636368, 28.933324545454546 ], [ -100.590563363636363, 28.894714545454541 ], [ -100.564454363636372, 28.863610545454542 ], [ -100.527365363636363, 28.822768545454544 ], [ -100.491815363636363, 28.725712545454549 ], [ -100.492373363636361, 28.704166545454548 ], [ -100.479863363636369, 28.675834545454542 ], [ -100.44389036363637, 28.626388545454539 ], [ -100.399448363636367, 28.571110545454538 ], [ -100.359173363636373, 28.518325545454537 ], [ -100.350848363636374, 28.494718545454539 ], [ -100.32959036363637, 28.425418545454541 ], [ -100.331264363636365, 28.400407545454549 ], [ -100.281467363636366, 28.280554545454542 ], [ -100.240283363636365, 28.24277254545455 ], [ -100.186400363636366, 28.197502545454547 ], [ -100.10846936363636, 28.165687545454539 ], [ -100.078337363636365, 28.155616545454542 ], [ -100.050842363636363, 28.116394545454547 ], [ -99.962237363636362, 27.984715545454542 ], [ -99.935012363636361, 27.961666545454541 ], [ -99.880832363636372, 27.903886545454547 ], [ -99.871949363636361, 27.85555654545454 ], [ -99.86090636363636, 27.805138545454547 ], [ -99.832925363636363, 27.774295545454542 ], [ -99.806699363636369, 27.77174854545455 ], [ -99.798203363636361, 27.766663545454541 ], [ -99.782300363636367, 27.737638545454537 ], [ -99.758900363636371, 27.727153545454549 ], [ -99.741404363636363, 27.714715545454546 ], [ -99.727436363636372, 27.689164545454538 ], [ -99.71390036363637, 27.668932545454545 ], [ -99.696404363636361, 27.656944545454543 ], [ -99.65362736363636, 27.641392545454543 ], [ -99.606179363636372, 27.641248545454538 ], [ -99.530840363636372, 27.600064545454551 ], [ -99.503903363636368, 27.568051545454544 ], [ -99.47320436363637, 27.476665545454544 ], [ -99.443342363636361, 27.258055545454546 ], [ -99.458615363636369, 27.046942545454549 ], [ -99.319241363636365, 26.869858545454541 ], [ -99.271127363636367, 26.859931545454543 ], [ -99.253343363636361, 26.830825545454545 ], [ -99.239726363636365, 26.803609545454542 ], [ -99.200567363636367, 26.714446545454543 ], [ -99.132509363636373, 26.526949545454542 ], [ -99.104735363636365, 26.434996545454545 ], [ -98.975576363636364, 26.405827545454542 ], [ -98.925293363636371, 26.391391545454546 ], [ -98.784182363636361, 26.348893545454544 ], [ -98.730011363636365, 26.314441545454542 ], [ -98.695559363636363, 26.289718545454541 ], [ -98.604740363636367, 26.256661545454541 ], [ -98.578334363636372, 26.256112545454542 ], [ -98.439869363636362, 26.223325545454543 ], [ -98.388065363636372, 26.191663545454546 ], [ -98.361389363636363, 26.153611545454545 ], [ -98.305283363636363, 26.109160545454543 ], [ -98.286122363636366, 26.097775545454546 ], [ -98.200010363636366, 26.062495545454546 ], [ -98.060141363636362, 26.038888545454547 ], [ -98.033339363636372, 26.047771545454545 ], [ -97.979735363636365, 26.058607545454542 ], [ -97.847507363636367, 26.063611545454542 ], [ -97.80334436363637, 26.058058545454543 ], [ -97.678901363636371, 26.038051545454543 ], [ -97.648058363636366, 26.029447545454545 ], [ -97.61445236363636, 26.005003545454542 ], [ -97.559444363636374, 25.951111545454545 ], [ -97.514453363636363, 25.898326545454545 ], [ -97.41722636363636, 25.843327545454542 ], [ -97.364729363636371, 25.839853545454545 ], [ -97.344740363636362, 25.859653545454542 ], [ -97.346684363636371, 25.893052545454545 ], [ -97.31529236363636, 25.919998545454547 ], [ -97.265288363636373, 25.941112545454544 ], [ -97.16084336363636, 25.967221545454542 ], [ -97.140737363636362, 25.966429545454545 ] ] } },
{ "type": "Feature", "properties": { "NAME": "Snake", "SYSTEM": null, "MILES": 1095.60724, "KILOMETERS": 1763.21246 }, "geometry": { "type": "LineString", "coordinates": [ [ -119.026856363636369, 46.212478545454537 ], [ -118.843085363636362, 46.273597545454543 ], [ -118.61641136363636, 46.431097545454541 ], [ -118.591688363636365, 46.521655545454543 ], [ -118.458911363636361, 46.600819545454549 ], [ -117.885845363636378, 46.597759545454544 ], [ -117.70250636363636, 46.70803654545454 ], [ -117.452801363636368, 46.705543545454539 ], [ -117.223076363636366, 46.527208545454549 ], [ -117.187238363636368, 46.434706545454539 ], [ -117.022232363636363, 46.445254545454539 ], [ -116.913350363636368, 46.168594545454546 ], [ -116.971130363636377, 46.09248154545454 ], [ -116.774696363636366, 45.867166545454545 ], [ -116.511671363636367, 45.724156545454541 ], [ -116.455016363636361, 45.600820545454546 ], [ -116.83722836363637, 45.025549545454545 ], [ -116.850017363636368, 44.905255545454544 ], [ -117.213905363636371, 44.476648545454545 ], [ -117.20113436363637, 44.303596545454546 ], [ -117.147800363636364, 44.264707545454549 ], [ -116.96889836363637, 44.258884545454542 ], [ -116.892515363636363, 44.168317545454549 ], [ -116.973344363636357, 44.08553554545454 ], [ -116.931683363636367, 44.015830545454541 ], [ -117.025814363636357, 43.797040545454543 ], [ -117.065018363636369, 43.693603545454543 ], [ -116.790842363636358, 43.580815545454548 ], [ -116.748902363636375, 43.479979545454547 ], [ -116.513642363636365, 43.300537545454539 ], [ -116.398073363636371, 43.293868545454551 ], [ -116.296967363636369, 43.142488545454547 ], [ -115.972778363636365, 42.960814545454546 ], [ -115.917239363636369, 43.01748754545455 ], [ -115.435289363636372, 42.93025954545454 ], [ -115.175846363636367, 43.003321545454547 ], [ -115.126112363636366, 42.914698545454549 ], [ -114.928076363636364, 42.908317545454544 ], [ -114.885299363636364, 42.864712545454545 ], [ -114.912227363636362, 42.791371545454545 ], [ -114.787802363636359, 42.676090545454549 ], [ -114.107510363636365, 42.508879545454541 ], [ -113.876957363636365, 42.559153545454542 ], [ -113.682791363636369, 42.537490545454538 ], [ -113.53415636363637, 42.663868545454541 ], [ -113.478392363636374, 42.66962854545455 ], [ -113.317985363636367, 42.651286545454546 ], [ -113.29084136363636, 42.638038545454542 ], [ -113.055833363636367, 42.644707545454544 ], [ -112.859687363636368, 42.807112545454551 ], [ -112.855097363636361, 42.820855545454542 ], [ -112.84135436363637, 42.83918854545454 ], [ -112.813850363636362, 42.857512545454547 ], [ -112.790954363636359, 42.875845545454546 ], [ -112.749689363636364, 42.921673545454546 ], [ -112.708451363636357, 42.972091545454539 ], [ -112.685528363636365, 42.990424545454538 ], [ -112.639709363636371, 43.022509545454547 ], [ -112.323341363636359, 43.23026554545455 ], [ -112.023074363636368, 43.498321545454537 ], [ -112.080017363636358, 43.702477545454549 ], [ -112.053071363636377, 43.74720754545455 ], [ -111.874736363636373, 43.757764545454542 ], [ -111.434735363636364, 43.587484545454551 ], [ -111.186911363636369, 43.34331454545454 ], [ -111.150236363636367, 43.324981545454541 ], [ -111.141065363636358, 43.315819545454538 ], [ -111.122741363636365, 43.269991545454538 ], [ -111.09065636363637, 43.224163545454537 ], [ -111.072323363636372, 43.205830545454539 ], [ -111.035666363636366, 43.173745545454544 ], [ -110.753354363636362, 43.241929545454546 ], [ -110.775845363636364, 43.294156545454548 ], [ -110.71642736363637, 43.318600545454551 ], [ -110.719460363636358, 43.381096545454547 ], [ -110.813627363636357, 43.410535545454543 ], [ -110.843624363636366, 43.467757545454539 ], [ -110.50528736363637, 43.857493545454538 ], [ -110.577233363636367, 43.87165054545455 ] ] } },
{ "type": "Feature", "properties": { "NAME": "Magdelena", "SYSTEM": null, "MILES": 811.99623, "KILOMETERS": 1306.78387 }, "geometry": { "type": "LineString", "coordinates": [ [ -74.860832363636362, 11.125276545454547 ], [ -74.718623363636368, 10.905271545454546 ], [ -74.731124363636368, 10.559437545454543 ], [ -74.81140436363637, 10.500550545454544 ], [ -74.937224363636361, 10.119715545454547 ], [ -74.843903363636372, 10.080826545454542 ], [ -74.803349363636372, 9.986110545454544 ], [ -74.880290363636362, 9.931381545454542 ], [ -74.874458363636364, 9.83805154545454 ], [ -74.820017363636367, 9.781666545454542 ], [ -74.833634363636364, 9.706390545454546 ], [ -74.773343363636371, 9.614716545454542 ], [ -74.805572363636372, 9.444166545454543 ], [ -74.689724363636373, 9.417220545454541 ], [ -74.52890336363636, 9.235276545454546 ], [ -74.341694363636364, 9.225826545454545 ], [ -74.143910363636365, 9.036385545454543 ], [ -73.875566363636366, 8.97666154545454 ], [ -73.876403363636371, 8.890270545454541 ], [ -73.80389036363637, 8.810827545454543 ], [ -73.755020363636362, 8.383885545454547 ], [ -73.794017363636371, 8.15218954545454 ], [ -73.872506363636361, 8.045557545454542 ], [ -73.823636363636368, 7.651663545454547 ], [ -73.912520363636361, 7.498330545454543 ], [ -73.937747363636362, 7.221913545454541 ], [ -73.904195363636362, 6.988327545454545 ], [ -74.01196136363636, 6.924715545454546 ], [ -74.110016363636362, 6.78722254545454 ], [ -74.37972836363636, 6.622774545454547 ], [ -74.412227363636362, 6.558613545454541 ], [ -74.38753136363637, 6.404443545454541 ], [ -74.573633363636361, 6.229717545454541 ], [ -74.662229363636371, 5.519995545454542 ], [ -74.745011363636365, 5.279443545454541 ], [ -74.763074363636363, 4.786108545454546 ], [ -74.828081363636372, 4.721110545454543 ], [ -74.79446636363636, 4.510276545454545 ], [ -74.89224236363637, 4.311106545454543 ], [ -74.878616363636368, 4.265557545454541 ], [ -74.801405363636363, 4.281109545454541 ], [ -74.797247363636373, 4.255000545454543 ], [ -74.962802363636371, 3.794443545454541 ], [ -75.097244363636364, 3.604714545454542 ], [ -75.085571363636362, 3.540274545454544 ], [ -75.256679363636366, 3.303052545454541 ], [ -75.236681363636364, 3.248053545454546 ], [ -75.285290363636364, 3.165838545454541 ], [ -75.258632363636366, 3.078610545454545 ], [ -75.323072363636371, 2.834161545454542 ], [ -75.626678363636373, 2.479714545454542 ], [ -75.682235363636366, 2.176666545454545 ], [ -76.008638363636365, 2.026105545454541 ], [ -76.046960363636373, 1.961665545454544 ], [ -76.206413363636372, 1.871386545454541 ], [ -76.333907363636371, 1.942495545454541 ], [ -76.57751936363637, 1.935556545454546 ] ] } },
{ "type": "Feature", "properties": { "NAME": "Ohio", "SYSTEM": "Mississippi", "MILES": 1368.40313, "KILOMETERS": 2202.23578 }, "geometry": { "type": "LineString", "coordinates": [ [ -89.121656363636362, 36.977560545454544 ], [ -89.175017363636371, 37.069432545454539 ], [ -88.99945436363636, 37.219984545454544 ], [ -88.486544363636369, 37.07183554545454 ], [ -88.438079363636362, 37.135285545454543 ], [ -88.503356363636371, 37.351096545454546 ], [ -88.456124363636363, 37.41026254545455 ], [ -88.079465363636373, 37.487212545454547 ], [ -88.15446236363637, 37.66137154545455 ], [ -88.039577363636369, 37.812472545454547 ], [ -87.954743363636368, 37.778587545454549 ], [ -87.900302363636371, 37.82331754545455 ], [ -87.92945336363637, 37.915261545454548 ], [ -87.894749363636365, 37.927483545454542 ], [ -87.801950363636365, 37.874428545454542 ], [ -87.725018363636366, 37.89192454545455 ], [ -87.663071363636362, 37.825549545454543 ], [ -87.589739363636369, 37.870819545454545 ], [ -87.577805363636372, 37.923046545454547 ], [ -87.510845363636363, 37.918285545454545 ], [ -87.42780236363636, 37.944700545454545 ], [ -87.131684363636367, 37.789981545454545 ], [ -87.009185363636362, 37.923874545454545 ], [ -86.816972363636367, 37.985542545454543 ], [ -86.74334336363637, 37.897207545454542 ], [ -86.652803363636366, 37.905253545454549 ], [ -86.621942363636364, 37.850263545454546 ], [ -86.513915363636372, 37.938589545454541 ], [ -86.517515363636363, 38.039425545454542 ], [ -86.440565363636367, 38.064427545454542 ], [ -86.458358363636364, 38.132197545454538 ], [ -86.400011363636366, 38.107213545454549 ], [ -86.33715536363637, 38.139136545454541 ], [ -86.271680363636364, 38.061376545454543 ], [ -86.051954363636369, 37.963600545454547 ], [ -85.91279636363636, 38.056093545454537 ], [ -85.90473236363637, 38.16776554545455 ], [ -85.819475363636371, 38.283595545454538 ], [ -85.742237363636363, 38.269141545454538 ], [ -85.65835736363637, 38.313871545454539 ], [ -85.605851363636361, 38.44776454545454 ], [ -85.408625363636361, 38.561371545454541 ], [ -85.456685363636367, 38.702491545454542 ], [ -85.425014363636365, 38.733316545454549 ], [ -85.275029363636364, 38.74608754545455 ], [ -85.185389363636361, 38.688838545454551 ], [ -84.972791363636361, 38.780539545454538 ], [ -84.805571363636361, 38.784715545454539 ], [ -84.785294363636368, 38.889430545454537 ], [ -84.873332363636365, 38.91414454545454 ], [ -84.823634363636373, 38.972752545454547 ], [ -84.87834536363637, 39.060268545454541 ], [ -84.763073363636366, 39.127210545454538 ], [ -84.60196436363637, 39.06943954545455 ], [ -84.451124363636367, 39.10887754545454 ], [ -84.295289363636371, 39.003595545454537 ], [ -84.182510363636368, 38.80387654545455 ], [ -83.865575363636367, 38.761657545454547 ], [ -83.66611736363636, 38.626927545454542 ], [ -83.598059363636366, 38.687767545454541 ], [ -83.498627363636359, 38.700538545454542 ], [ -83.303345363636367, 38.594698545454541 ], [ -83.140022363636362, 38.619142545454544 ], [ -83.015858363636369, 38.719429545454538 ], [ -82.878347363636365, 38.73749254545455 ], [ -82.819469363636372, 38.573044545454543 ], [ -82.708076363636366, 38.544991545454543 ], [ -82.545005363636363, 38.401927545454548 ], [ -82.311401363636364, 38.451382545454543 ], [ -82.265024363636371, 38.591089545454544 ], [ -82.175015363636362, 38.618872545454543 ], [ -82.21612736363636, 38.779153545454541 ], [ -82.162046363636364, 38.849668545454541 ], [ -81.998903363636373, 39.019435545454549 ], [ -81.923897363636371, 38.973868545454543 ], [ -81.924455363636369, 38.878324545454539 ], [ -81.874172363636362, 38.882752545454544 ], [ -81.83001836363637, 38.94693154545454 ], [ -81.759179363636363, 38.93692354545454 ], [ -81.820865363636372, 39.074155545454538 ], [ -81.746966363636361, 39.111658545454539 ], [ -81.757802363636372, 39.167494545454538 ], [ -81.678341363636363, 39.269149545454546 ], [ -81.57168236363637, 39.277483545454551 ], [ -81.467633363636367, 39.395662545454549 ], [ -81.442505363636371, 39.411925545454544 ], [ -81.355853363636371, 39.346090545454551 ], [ -81.221951363636364, 39.394438545454541 ], [ -80.877503363636364, 39.621094545454547 ], [ -80.831702363636367, 39.718870545454543 ], [ -80.870006363636364, 39.768316545454546 ], [ -80.805575363636365, 39.917491545454546 ], [ -80.75780336363637, 39.92387254545455 ], [ -80.735564363636371, 40.08970654545454 ], [ -80.607791363636366, 40.295536545454546 ], [ -80.603345363636365, 40.475536545454538 ], [ -80.675021363636361, 40.577767545454542 ], [ -80.516828363636364, 40.640119545454546 ], [ -80.315561363636363, 40.700266545454546 ], [ -80.206679363636368, 40.541929545454543 ], [ -79.98607136363637, 40.439284545454548 ], [ -79.533335363636368, 40.768873545454547 ], [ -79.46473736363636, 40.927759545454542 ], [ -79.552793363636368, 40.948864545454548 ], [ -79.718078363636366, 41.206372545454549 ], [ -79.84362836363637, 41.264710545454541 ], [ -79.849451363636362, 41.309431545454551 ], [ -79.777505363636365, 41.332210545454551 ], [ -79.815017363636372, 41.401645545454549 ], [ -79.460021363636372, 41.487208545454543 ], [ -79.25586536363636, 41.840260545454548 ], [ -78.972248363636368, 41.861923545454538 ], [ -78.94195436363637, 42.034993545454547 ], [ -78.747239363636368, 42.159706545454547 ], [ -78.672242363636371, 42.147763545454545 ], [ -78.63557636363636, 42.085816545454541 ], [ -78.525848363636371, 42.100261545454551 ], [ -78.337235363636367, 42.041653545454544 ], [ -78.37501736363636, 41.908885545454545 ], [ -78.256136363636372, 41.79609754545455 ], [ -78.047795363636368, 41.763877545454541 ], [ -77.952800363636371, 41.82999154545454 ], [ -77.861684363636371, 41.827759545454548 ] ] } },
{ "type": "Feature", "properties": { "NAME": "Orinoco", "SYSTEM": null, "MILES": 1200.70686, "KILOMETERS": 1932.35425 }, "geometry": { "type": "MultiLineString", "coordinates": [ [ [ -62.328692363636364, 9.722923545454542 ], [ -62.343488363636368, 9.704752545454546 ], [ -62.34545036363636, 9.702331545454541 ], [ -62.356781363636372, 9.687427545454547 ], [ -62.418782363636367, 9.601972545454544 ], [ -62.433263363636371, 9.574036545454547 ], [ -62.442227363636363, 9.540232545454543 ], [ -62.437925363636367, 9.498238545454541 ], [ -62.39953136363637, 9.412252545454542 ], [ -62.37745436363636, 9.397537545454547 ], [ -62.338619363636369, 9.328471545454541 ], [ -62.322527363636368, 9.253618545454543 ], [ -62.326433363636369, 9.148300545454546 ], [ -62.207381363636372, 9.071224545454541 ], [ -62.146181363636359, 9.094138545454541 ], [ -62.065424363636367, 9.059497545454541 ], [ -62.064317363636363, 9.032191545454545 ], [ -62.081678363636371, 8.990143545454544 ], [ -62.085071363636359, 8.966347545454546 ], [ -62.050682363636369, 8.878291545454545 ], [ -62.025590363636368, 8.891557545454546 ], [ -62.00122736363636, 8.891188545454547 ], [ -62.068259363636372, 8.762254545454546 ], [ -62.118362363636365, 8.728324545454541 ], [ -62.180750363636363, 8.668141545454546 ], [ -62.158439363636361, 8.657647545454545 ], [ -62.10643736363636, 8.637505545454545 ], [ -61.982309363636361, 8.610676545454545 ], [ -61.913540363636372, 8.602288545454542 ], [ -61.843079363636363, 8.602288545454542 ], [ -61.799474363636364, 8.614024545454541 ], [ -61.69547036363636, 8.615707545454541 ], [ -61.675346363636365, 8.615707545454541 ], [ -61.59752336363637, 8.57956354545454 ] ], [ [ -62.180750363636363, 8.668141545454546 ], [ -62.227595363636368, 8.622997545454545 ], [ -62.244785363636367, 8.600362545454544 ], [ -62.404454363636361, 8.527633545454542 ], [ -62.432183363636369, 8.532232545454541 ], [ -62.477363363636371, 8.53623754545454 ], [ -62.580719363636362, 8.465974545454543 ], [ -62.601284363636367, 8.449369545454545 ], [ -62.633900363636371, 8.408338545454541 ], [ -62.648894363636359, 8.396107545454541 ], [ -62.67528236363637, 8.381392545454545 ], [ -62.896115363636369, 8.267218545454547 ], [ -62.907500363636359, 8.264995545454546 ], [ -62.914457363636359, 8.265274545454545 ], [ -62.937785363636365, 8.270269545454546 ], [ -62.954174363636369, 8.28222154545454 ], [ -62.964731363636361, 8.292220545454541 ], [ -62.973614363636372, 8.297215545454542 ], [ -63.012782363636362, 8.307781545454546 ], [ -63.025283363636362, 8.309716545454542 ], [ -63.129170363636362, 8.318050545454547 ], [ -63.155558363636359, 8.317780545454546 ], [ -63.188615363636359, 8.310274545454547 ], [ -63.245000363636365, 8.291941545454542 ], [ -63.265007363636371, 8.277496545454547 ], [ -63.27806636363637, 8.263051545454545 ], [ -63.285833363636371, 8.256949545454546 ], [ -63.31139336363637, 8.241667545454547 ], [ -63.448616363636361, 8.173609545454546 ], [ -63.477227363636359, 8.161666545454544 ], [ -63.529166363636364, 8.151946545454543 ], [ -63.594173363636372, 8.142217545454542 ], [ -63.601112363636361, 8.142496545454541 ], [ -63.611948363636373, 8.145556545454546 ], [ -63.625835363636369, 8.15305354545454 ], [ -63.666668363636362, 8.168335545454546 ], [ -63.694730363636367, 8.162503545454541 ], [ -63.818066363636362, 8.121949545454541 ], [ -63.833618363636361, 8.110276545454546 ], [ -63.860834363636371, 8.074717545454547 ], [ -63.86972636363636, 8.062774545454545 ], [ -63.88444136363637, 8.035828545454542 ], [ -63.898607363636373, 8.015002545454543 ], [ -63.929999363636369, 7.977220545454543 ], [ -63.95473136363637, 7.960840545454545 ], [ -63.977501363636364, 7.952218545454542 ], [ -63.990839363636368, 7.951948545454542 ], [ -64.041671363636368, 7.95805054545454 ], [ -64.064450363636368, 7.963891545454544 ], [ -64.132238363636361, 7.987777545454541 ], [ -64.155566363636368, 7.999441545454545 ], [ -64.164170363636359, 8.011663545454546 ], [ -64.177508363636363, 8.02583854545454 ], [ -64.208072363636362, 8.057221545454546 ], [ -64.22029436363637, 8.066113545454542 ], [ -64.240841363636363, 8.073610545454542 ], [ -64.251956363636367, 8.073889545454541 ], [ -64.263062363636365, 8.075833545454543 ], [ -64.274168363636363, 8.073610545454542 ], [ -64.294724363636362, 8.066662545454541 ], [ -64.308062363636367, 8.059714545454547 ], [ -64.340282363636362, 8.029996545454544 ], [ -64.352783363636362, 8.014444545454545 ], [ -64.370837363636369, 7.998055545454541 ], [ -64.383617363636361, 7.990279545454541 ], [ -64.395569363636369, 7.988605545454547 ], [ -64.42806836363637, 7.991944545454544 ], [ -64.45612136363637, 8.006110545454547 ], [ -64.468901363636363, 8.007217545454544 ], [ -64.493057363636368, 8.003338545454547 ], [ -64.533620363636359, 7.989163545454545 ], [ -64.543340363636361, 7.985275545454542 ], [ -64.554176363636373, 7.975276545454541 ], [ -64.569737363636364, 7.949167545454543 ], [ -64.573625363636367, 7.938889545454543 ], [ -64.57471436363636, 7.932778545454546 ], [ -64.573625363636367, 7.920556545454545 ], [ -64.56584936363636, 7.887778545454545 ], [ -64.561403363636359, 7.878607545454543 ], [ -64.543898363636359, 7.86139054545454 ], [ -64.526402363636365, 7.851391545454547 ], [ -64.483067363636366, 7.838053545454542 ], [ -64.471682363636361, 7.828612545454547 ], [ -64.469729363636361, 7.82360854545454 ], [ -64.476668363636364, 7.809442545454544 ], [ -64.483067363636366, 7.802215545454544 ], [ -64.51918436363637, 7.769167545454543 ], [ -64.52334236363636, 7.766665545454543 ], [ -64.538894363636359, 7.760833545454545 ], [ -64.561952363636365, 7.756945545454542 ], [ -64.599167363636369, 7.763056545454546 ], [ -64.645841363636364, 7.76277754545454 ], [ -64.676117363636365, 7.745281545454546 ], [ -64.706393363636366, 7.720270545454547 ], [ -64.731674363636373, 7.704718545454547 ], [ -64.745840363636361, 7.698337545454542 ], [ -64.784729363636359, 7.682785545454543 ], [ -64.819163363636363, 7.669447545454545 ], [ -64.843607363636366, 7.666945545454546 ], [ -64.868348363636372, 7.670554545454543 ], [ -64.91446436363637, 7.688050545454544 ], [ -64.93250936363637, 7.697779545454544 ], [ -64.952795363636369, 7.70944354545454 ], [ -64.977779363636373, 7.733050545454546 ], [ -64.998902363636361, 7.766944545454542 ], [ -65.005283363636366, 7.773892545454544 ], [ -65.029448363636362, 7.79805754545454 ], [ -65.043335363636359, 7.805554545454541 ], [ -65.296397363636359, 7.880551545454544 ], [ -65.319455363636365, 7.886113545454542 ], [ -65.332226363636366, 7.886113545454542 ], [ -65.349164363636362, 7.882495545454546 ], [ -65.369738363636372, 7.875556545454543 ], [ -65.392787363636373, 7.864720545454546 ], [ -65.416115363636365, 7.860832545454542 ], [ -65.436113363636366, 7.862218545454546 ], [ -65.46473336363637, 7.868608545454542 ], [ -65.480834363636362, 7.874161545454541 ], [ -65.499725363636372, 7.883053545454544 ], [ -65.511947363636367, 7.891666545454541 ], [ -65.525285363636371, 7.905832545454544 ], [ -65.538344363636369, 7.913887545454543 ], [ -65.543627363636361, 7.915552545454545 ], [ -65.575559363636373, 7.917775545454546 ], [ -65.640836363636367, 7.900837545454543 ], [ -65.685836363636369, 7.884448545454546 ], [ -65.70139736363636, 7.876942545454547 ], [ -65.71779536363637, 7.865836545454542 ], [ -65.725571363636362, 7.859716545454546 ], [ -65.766683363636361, 7.818055545454541 ], [ -65.801387363636366, 7.776394545454544 ], [ -65.873063363636362, 7.710280545454545 ], [ -65.88084836363636, 7.704160545454542 ], [ -65.89001936363637, 7.69971454545454 ], [ -66.019178363636371, 7.681390545454541 ], [ -66.039176363636372, 7.681390545454541 ], [ -66.098621363636369, 7.686106545454543 ], [ -66.123605363636372, 7.684162545454541 ], [ -66.157004363636361, 7.678861545454545 ], [ -66.172817363636369, 7.671832545454542 ], [ -66.20251736363636, 7.646947545454545 ], [ -66.21527936363637, 7.639162545454546 ], [ -66.234998363636365, 7.631665545454545 ], [ -66.24111836363636, 7.63110754545454 ], [ -66.321668363636363, 7.654444545454545 ], [ -66.327518363636372, 7.653337545454541 ], [ -66.35612936363637, 7.640269545454544 ], [ -66.444455363636365, 7.598050545454541 ], [ -66.456389363636362, 7.589446545454543 ], [ -66.468899363636368, 7.567216545454542 ], [ -66.46861136363637, 7.560835545454545 ], [ -66.465281363636365, 7.550557545454545 ], [ -66.467225363636359, 7.531387545454542 ], [ -66.513332363636366, 7.438057545454541 ], [ -66.519182363636361, 7.429714545454544 ], [ -66.648053363636365, 7.308889545454541 ], [ -66.667232363636373, 7.310833545454543 ], [ -66.679733363636359, 7.309996545454545 ], [ -66.70695836363636, 7.303336545454542 ], [ -66.801683363636371, 7.267777545454543 ], [ -66.811403363636359, 7.263889545454546 ], [ -66.982223363636365, 7.194445545454542 ], [ -67.061108363636365, 7.159714545454541 ], [ -67.101959363636368, 7.132219545454547 ], [ -67.109456363636369, 7.118611545454542 ], [ -67.117232363636361, 7.09138654545454 ], [ -67.119446363636371, 7.065268545454543 ], [ -67.118051363636368, 7.039996545454542 ], [ -67.112795363636366, 7.031392545454544 ], [ -67.10751236363636, 7.029997545454542 ], [ -67.090619363636364, 7.035352545454543 ], [ -67.083590363636361, 7.031833545454546 ], [ -67.074797363636364, 7.021285545454546 ], [ -67.036394363636362, 6.929449545454546 ], [ -67.027511363636364, 6.904447545454545 ], [ -67.027232363636372, 6.898057545454542 ], [ -67.040012363636365, 6.812782545454546 ], [ -67.051388363636363, 6.775270545454546 ], [ -67.059173363636361, 6.761662545454541 ], [ -67.118051363636368, 6.625555545454546 ], [ -67.12750136363637, 6.564445545454547 ], [ -67.144457363636363, 6.467497545454542 ], [ -67.148894363636359, 6.458056545454546 ], [ -67.166669363636359, 6.434449545454541 ], [ -67.310561363636367, 6.309718545454544 ], [ -67.389725363636359, 6.250840545454544 ], [ -67.43999936363636, 6.211942545454541 ], [ -67.454453363636361, 6.193051545454544 ], [ -67.489247363636366, 6.15374854545454 ], [ -67.492523363636366, 6.121411545454542 ], [ -67.485566363636366, 6.097777545454541 ], [ -67.469582363636363, 6.069661545454544 ], [ -67.434995363636361, 6.038647545454545 ], [ -67.413980363636369, 5.995537545454546 ], [ -67.426256363636369, 5.976727545454544 ], [ -67.461725363636361, 5.955532545454545 ], [ -67.478924363636366, 5.941600545454541 ], [ -67.53187136363637, 5.891326545454547 ], [ -67.597076363636361, 5.824690545454544 ], [ -67.619999363636367, 5.792218545454546 ], [ -67.642931363636364, 5.731387545454545 ], [ -67.65167036363637, 5.683192545454546 ], [ -67.648889363636371, 5.652214545454541 ], [ -67.642229363636361, 5.612218545454546 ], [ -67.633751363636364, 5.578261545454545 ], [ -67.615913363636366, 5.54819254545454 ], [ -67.649447363636369, 5.478334545454544 ], [ -67.688336363636367, 5.448607545454543 ], [ -67.747655363636369, 5.412211545454547 ], [ -67.769174363636367, 5.406811545454545 ], [ -67.803887363636363, 5.383267545454544 ], [ -67.848635363636362, 5.306515545454545 ], [ -67.829726363636368, 5.131393545454543 ], [ -67.820285363636373, 5.093332545454544 ], [ -67.802780363636373, 5.039449545454545 ], [ -67.801583363636368, 4.97323654545454 ], [ -67.813598363636359, 4.831153545454541 ], [ -67.816658363636364, 4.801624545454544 ], [ -67.824722363636369, 4.736662545454543 ], [ -67.858751363636372, 4.561243545454545 ], [ -67.784798363636369, 4.334758545454541 ], [ -67.801259363636362, 4.300135545454545 ], [ -67.805552363636366, 4.272784545454542 ], [ -67.80625436363637, 4.231807545454544 ], [ -67.786670363636361, 4.166530545454542 ], [ -67.729169363636359, 4.087501545454543 ], [ -67.728944363636373, 4.087051545454543 ], [ -67.404737363636372, 3.941944545454547 ], [ -67.060793363636364, 3.958333545454543 ], [ -66.980855363636365, 3.899995545454544 ], [ -67.010843363636369, 3.764446545454547 ], [ -66.930005363636369, 3.666661545454545 ], [ -66.776123363636373, 3.597775545454546 ], [ -66.610019363636368, 3.375268545454546 ], [ -66.543068363636365, 3.193612545454542 ], [ -66.353069363636365, 3.038605545454544 ], [ -66.063899363636367, 3.008338545454542 ], [ -66.00836036363637, 3.033889545454542 ], [ -66.00640736363637, 3.170833545454542 ], [ -65.839421363636362, 3.141007545454542 ], [ -65.544734363636366, 3.150835545454541 ], [ -65.455580363636372, 3.101110545454546 ], [ -65.369738363636372, 2.917771545454542 ], [ -65.246402363636363, 2.862214545454542 ], [ -65.176958363636359, 2.703607545454545 ], [ -65.198630363636369, 2.520835545454545 ], [ -64.763075363636361, 2.381110545454547 ], [ -64.495847363636372, 2.241106545454542 ], [ -64.375562363636362, 2.285836545454544 ], [ -63.97055336363637, 2.13527554545454 ], [ -63.768899363636365, 2.162221545454543 ], [ -63.740846363636365, 2.244715545454547 ], [ -63.539732363636361, 2.352499545454542 ], [ -63.371945363636371, 2.380003545454542 ] ] ] } },
{ "type": "Feature", "properties": { "NAME": "Rio Branco", "SYSTEM": "Amazon", "MILES": 409.74214, "KILOMETERS": 659.41738 }, "geometry": { "type": "LineString", "coordinates": [ [ -59.858336363636369, 3.563890545454541 ], [ -59.885003363636372, 3.577498545454546 ], [ -59.889728363636365, 3.579721545454547 ], [ -59.902778363636372, 3.581107545454543 ], [ -59.94445736363636, 3.57221554545454 ], [ -59.994173363636364, 3.556105545454542 ], [ -60.044447363636365, 3.524164545454546 ], [ -60.073895363636368, 3.49833454545454 ], [ -60.08694536363636, 3.483610545454546 ], [ -60.194450363636363, 3.415003545454546 ], [ -60.208616363636366, 3.408613545454543 ], [ -60.320162363636371, 3.368509545454543 ], [ -60.394448363636371, 3.303052545454541 ], [ -60.401675363636372, 3.296662545454545 ], [ -60.406391363636359, 3.287221545454543 ], [ -60.405005363636363, 3.268609545454545 ], [ -60.394727363636363, 3.238612545454544 ], [ -60.387221363636371, 3.225832545454544 ], [ -60.38472836363637, 3.21471754545454 ], [ -60.381956363636363, 3.158611545454541 ], [ -60.39110936363636, 3.139720545454544 ], [ -60.442508363636364, 3.066946545454542 ], [ -60.464729363636366, 3.048055545454545 ], [ -60.473333363636371, 3.042781545454545 ], [ -60.496742363636372, 3.035896545454541 ], [ -60.535001363636368, 2.93333254545454 ], [ -60.571946363636371, 2.888053545454547 ], [ -60.597227363636364, 2.864995545454541 ], [ -60.629168363636367, 2.842783545454544 ], [ -60.645836363636363, 2.824999545454546 ], [ -60.65972336363636, 2.804443545454546 ], [ -60.77916236363636, 2.623057545454543 ], [ -60.805001363636364, 2.572216545454545 ], [ -60.812777363636371, 2.537503545454541 ], [ -60.827780363636364, 2.41916254545454 ], [ -60.825278363636372, 2.388886545454547 ], [ -60.817250363636361, 2.344651545454546 ], [ -60.816674363636366, 2.337217545454543 ], [ -60.818060363636363, 2.331664545454544 ], [ -60.824171363636367, 2.323888545454544 ], [ -60.928895363636371, 2.219164545454547 ], [ -60.994730363636364, 2.161393545454544 ], [ -61.012496363636359, 2.144995545454542 ], [ -61.031954363636359, 2.108887545454543 ], [ -61.041116363636363, 2.062780545454544 ], [ -61.039730363636366, 2.057218545454546 ], [ -61.026122363636361, 2.030551545454543 ], [ -61.00444136363636, 1.998052545454541 ], [ -60.966947363636365, 1.959442545454543 ], [ -60.95972936363637, 1.939444545454542 ], [ -60.960008363636362, 1.933891545454543 ], [ -60.96388736363636, 1.923892545454542 ], [ -60.970556363636362, 1.916665545454542 ], [ -61.011119363636368, 1.874716545454547 ], [ -61.023890363636369, 1.866949545454546 ], [ -61.081391363636371, 1.84361254545454 ], [ -61.110002363636369, 1.816945545454544 ], [ -61.118615363636366, 1.805002545454542 ], [ -61.221944363636368, 1.638889545454546 ], [ -61.228892363636362, 1.624714545454545 ], [ -61.251401363636361, 1.542499545454547 ], [ -61.261949363636361, 1.486105545454542 ], [ -61.270283363636366, 1.420837545454546 ], [ -61.273892363636364, 1.356946545454541 ], [ -61.27417136363637, 1.33721854545454 ], [ -61.281956363636368, 1.311388545454541 ], [ -61.29167636363637, 1.287502545454544 ], [ -61.301675363636363, 1.270285545454541 ], [ -61.321673363636364, 1.242781545454541 ], [ -61.333895363636373, 1.214719545454543 ], [ -61.338332363636368, 1.199167545454543 ], [ -61.341941363636366, 1.175839545454544 ], [ -61.359176363636365, 0.979612545454543 ], [ -61.359725363636372, 0.967777545454545 ], [ -61.363892363636367, 0.945277545454545 ], [ -61.372505363636364, 0.92666554545454 ], [ -61.439447363636361, 0.823606545454545 ], [ -61.48583336363636, 0.760282545454544 ], [ -61.498613363636366, 0.745837545454542 ], [ -61.534172363636372, 0.71333854545454 ], [ -61.576949363636359, 0.667780545454541 ], [ -61.589729363636366, 0.653335545454546 ], [ -61.595003363636366, 0.645001545454541 ], [ -61.605560363636371, 0.621664545454543 ], [ -61.613894363636362, 0.596392545454542 ], [ -61.619996363636361, 0.555550545454544 ], [ -61.623335363636372, 0.545281545454543 ], [ -61.633055363636359, 0.528055545454542 ], [ -61.644998363636361, 0.514159545454547 ], [ -61.65917336363637, 0.501109545454547 ], [ -61.678613363636359, 0.486394545454544 ], [ -61.715405363636364, 0.460420545454546 ], [ -61.710833363636368, 0.410281545454545 ], [ -61.710554363636362, 0.398050545454545 ], [ -61.717781363636362, 0.378340545454542 ], [ -61.740839363636368, 0.333052545454542 ], [ -61.748894363636367, 0.313891545454545 ], [ -61.752782363636371, 0.297214545454544 ], [ -61.765553363636371, 0.175840545454541 ], [ -61.755005363636371, 0.118888545454546 ], [ -61.750001363636372, 0.089719545454543 ], [ -61.753889363636361, 0.079999545454541 ], [ -61.76194436363636, 0.067498545454541 ], [ -61.786946363636361, 0.044161545454543 ], [ -61.80139136363637, 0.024163545454542 ], [ -61.810283363636373, -0.019720454545457 ], [ -61.845554363636367, -0.254161454545454 ], [ -61.85528336363636, -0.366949454545455 ], [ -61.85444636363637, -0.373051454545454 ], [ -61.848065363636366, -0.387217454545457 ], [ -61.832225363636368, -0.405280454545455 ], [ -61.812497363636368, -0.433612454545454 ], [ -61.806944363636362, -0.448606454545455 ], [ -61.805837363636371, -0.461665454545454 ], [ -61.812785363636365, -0.594721454545457 ], [ -61.81472936363636, -0.606394454545459 ], [ -61.818608363636372, -0.616105454545455 ], [ -61.847777363636368, -0.66222145454546 ], [ -61.866389363636372, -0.698050454545459 ], [ -61.86999836363637, -0.708337454545457 ], [ -61.885838363636367, -0.869167454545455 ], [ -61.888619363636366, -0.983332454545454 ], [ -61.881950363636363, -1.122220454545456 ], [ -61.878620363636372, -1.139716454545457 ], [ -61.861115363636372, -1.177219454545458 ], [ -61.858064363636359, -1.188055454545456 ], [ -61.850837363636359, -1.22221945454546 ], [ -61.848893363636364, -1.248058454545458 ], [ -61.851953363636369, -1.265284454545458 ], [ -61.872779363636369, -1.305838454545459 ], [ -61.901282363636369, -1.384732454545457 ] ] } },
{ "type": "Feature", "properties": { "NAME": "Benue", "SYSTEM": null, "MILES": 693.96629, "KILOMETERS": 1116.83271 }, "geometry": { "type": "LineString", "coordinates": [ [ 6.75735063636364, 7.788985545454544 ], [ 6.792387636363628, 7.815310545454544 ], [ 6.800163636363635, 7.821133545454543 ], [ 6.817947636363641, 7.830583545454544 ], [ 6.862389636363645, 7.846693545454542 ], [ 6.914337636363626, 7.858078545454546 ], [ 7.00013463636364, 7.892584545454547 ], [ 7.025973636363631, 7.907866545454546 ], [ 7.055970636363639, 7.933138545454547 ], [ 7.07313363636365, 7.95177754545454 ], [ 7.104579636363638, 7.967302545454544 ], [ 7.13703363636364, 7.978030545454544 ], [ 7.305414636363622, 8.029528545454546 ], [ 7.342359636363625, 8.032579545454546 ], [ 7.400976636363623, 8.027584545454545 ], [ 7.573191636363646, 8.027854545454545 ], [ 7.629306636363623, 8.030914545454543 ], [ 7.717857636363647, 8.016811545454544 ], [ 7.808001636363628, 7.988947545454543 ], [ 8.00467863636365, 7.949608545454545 ], [ 8.22268563636365, 7.867654545454542 ], [ 8.355444636363643, 7.802089545454542 ], [ 8.422647636363649, 7.77095854545454 ], [ 8.493945636363634, 7.74636154545454 ], [ 8.584917636363627, 7.734076545454542 ], [ 8.609496636363644, 7.731610545454544 ], [ 8.645559636363629, 7.734886545454543 ], [ 8.673423636363623, 7.739809545454541 ], [ 8.741445636363636, 7.767673545454542 ], [ 8.834874636363622, 7.802089545454542 ], [ 8.982393636363639, 7.856179545454545 ], [ 9.030741636363643, 7.87093954545454 ], [ 9.315276636363649, 7.948330545454546 ], [ 9.389814636363639, 8.038330545454542 ], [ 9.413466636363637, 8.046430545454541 ], [ 9.528198636363641, 8.10040354545454 ], [ 9.746196636363635, 8.208583545454545 ], [ 9.874041636363643, 8.287252545454542 ], [ 9.989601636363631, 8.333152545454546 ], [ 10.006809636363641, 8.344627545454543 ], [ 10.123179636363631, 8.458540545454547 ], [ 10.128921636363629, 8.473291545454543 ], [ 10.140765636363625, 8.508283545454546 ], [ 10.294710636363646, 8.671111545454544 ], [ 10.487769636363623, 8.696662545454544 ], [ 10.56499863636364, 8.671660545454543 ], [ 10.783878636363625, 8.733877545454547 ], [ 10.888602636363629, 8.81748754545454 ], [ 10.97526363636365, 9.023605545454544 ], [ 11.083047636363631, 9.140830545454541 ], [ 11.680269636363647, 9.473605545454546 ], [ 11.839164636363648, 9.506932545454546 ], [ 12.026049636363638, 9.494485545454545 ], [ 12.234435636363628, 9.523609545454541 ], [ 12.300549636363627, 9.490552545454541 ], [ 12.497487636363644, 9.245824545454546 ], [ 12.547212636363639, 9.234160545454543 ], [ 12.808329636363624, 9.388879545454543 ], [ 12.853941636363629, 9.359719545454546 ], [ 12.876063636363625, 9.345580545454546 ], [ 12.915600636363649, 9.320308545454544 ], [ 13.126380636363649, 9.185551545454544 ], [ 13.28220663636364, 9.206665545454541 ], [ 13.484436636363625, 9.340558545454542 ], [ 13.534710636363627, 9.292462545454541 ], [ 13.704711636363641, 9.060550545454547 ], [ 13.700526636363634, 9.017629545454547 ], [ 13.70200263636363, 9.011014545454543 ], [ 13.720353636363626, 8.983105545454542 ], [ 13.743114636363629, 8.960344545454547 ], [ 13.752672636363627, 8.957410545454543 ], [ 13.768089636363641, 8.957410545454543 ], [ 13.790850636363643, 8.962558545454542 ], [ 13.887051636363623, 8.911879545454546 ], [ 13.898796636363642, 8.902339545454545 ], [ 13.973712636363643, 8.807596545454544 ], [ 13.989129636363629, 8.742247545454546 ], [ 13.994988636363644, 8.702215545454543 ], [ 13.916940636363648, 8.52055054545454 ], [ 13.998327636363626, 8.437768545454546 ], [ 13.996662636363624, 8.266660545454542 ], [ 13.909992636363626, 8.141659545454544 ], [ 13.703316636363638, 8.055826545454543 ], [ 13.720272636363632, 7.863883545454541 ], [ 13.603605636363625, 7.832770545454544 ], [ 13.50721563636364, 7.756387545454544 ], [ 13.51860063636363, 7.640269545454544 ] ] } },
{ "type": "Feature", "properties": { "NAME": "Euphrates", "SYSTEM": "Tigris/Euphrates", "MILES": 1325.35332, "KILOMETERS": 2132.95369 }, "geometry": { "type": "LineString", "coordinates": [ [ 38.808726636363645, 38.876452545454548 ], [ 38.762889636363639, 38.808817545454538 ], [ 38.63104863636363, 38.782015545454549 ], [ 38.634423636363636, 38.748868545454549 ], [ 38.480811636363626, 38.752207545454546 ], [ 38.349150636363646, 38.599153545454548 ], [ 38.381658636363625, 38.516101545454539 ], [ 38.688036636363648, 38.41998154545454 ], [ 38.818599636363643, 38.434426545454549 ], [ 38.956371636363627, 38.323600545454546 ], [ 39.105546636363641, 38.341087545454549 ], [ 39.144435636363625, 38.304151545454538 ], [ 39.111657636363645, 38.189707545454546 ], [ 39.203043636363645, 38.204701545454547 ], [ 39.251652636363644, 38.178034545454544 ], [ 39.193179636363624, 38.038039545454545 ], [ 38.979978636363626, 37.899430545454543 ], [ 38.976648636363649, 37.823875545454548 ], [ 38.919984636363637, 37.822210545454546 ], [ 38.962203636363625, 37.759705545454544 ], [ 38.895000636363648, 37.746655545454551 ], [ 38.862204636363629, 37.69026154545454 ], [ 38.86638063636363, 37.657483545454546 ], [ 38.603328636363642, 37.583314545454549 ], [ 38.49943263636365, 37.498597545454551 ], [ 38.200821636363628, 37.44886354545455 ], [ 38.186646636363633, 37.41026254545455 ], [ 38.034735636363649, 37.44177154545455 ], [ 37.956372636363625, 37.41526654545455 ], [ 37.853871636363635, 37.304431545454541 ], [ 37.865814636363638, 37.069981545454546 ], [ 37.972491636363628, 37.052485545454537 ], [ 38.027976636363633, 36.832759545454543 ], [ 38.02906563636364, 36.828475545454545 ], [ 38.09332563636363, 36.677212545454545 ], [ 38.236101636363628, 36.619144545454539 ], [ 38.292486636363634, 36.530818545454544 ], [ 38.185467636363626, 36.338335545454548 ], [ 38.200479636363639, 36.276838545454545 ], [ 38.19668163636365, 36.268000545454548 ], [ 38.17944663636365, 36.255553545454539 ], [ 38.158332636363639, 36.248596545454539 ], [ 38.13693963636365, 36.238885545454544 ], [ 38.119992636363634, 36.225556545454545 ], [ 38.10888663636365, 36.213334545454551 ], [ 38.064993636363624, 36.147769545454544 ], [ 38.060826636363629, 36.140830545454541 ], [ 38.058054636363636, 36.126934545454539 ], [ 38.057217636363646, 36.110545545454549 ], [ 38.061384636363641, 36.081385545454545 ], [ 38.063886636363634, 36.073330545454546 ], [ 38.079159636363642, 36.054988545454542 ], [ 38.133492636363627, 35.999998545454538 ], [ 38.145966636363625, 35.98029754545454 ], [ 38.173956636363641, 35.962720545454538 ], [ 38.313555636363645, 35.898244545454538 ], [ 38.342850636363636, 35.886526545454551 ], [ 38.43077163636363, 35.863081545454541 ], [ 38.536269636363642, 35.863081545454541 ], [ 38.558265636363643, 35.857348545454549 ], [ 38.738049636363627, 35.845819545454539 ], [ 38.816376636363628, 35.937763545454551 ], [ 39.801930636363636, 35.736100545454541 ], [ 39.906375636363634, 35.530540545454549 ], [ 40.05498363636363, 35.466091545454539 ], [ 40.173603636363623, 35.312767545454541 ], [ 40.270263636363637, 35.301094545454539 ], [ 40.255548636363642, 35.264437545454548 ], [ 40.413597636363647, 35.20582054545455 ], [ 40.423290636363646, 35.131417545454546 ], [ 40.623036636363651, 34.82192554545454 ], [ 40.776648636363632, 34.70749054545454 ], [ 40.832493636363637, 34.653589545454544 ], [ 40.923600636363631, 34.61858854545455 ], [ 40.932492636363634, 34.460260545454538 ], [ 41.006751636363646, 34.42513354545455 ], [ 41.11665063636363, 34.358038545454541 ], [ 41.207217636363623, 34.381654545454545 ], [ 41.178597636363634, 34.418320545454542 ], [ 41.233596636363643, 34.449424545454541 ], [ 41.260542636363624, 34.413595545454548 ], [ 41.431650636363628, 34.464148545454542 ], [ 41.457489636363647, 34.416088545454549 ], [ 41.588592636363643, 34.436644545454548 ], [ 41.581662636363632, 34.468315545454537 ], [ 41.695260636363628, 34.445536545454537 ], [ 41.780535636363624, 34.519705545454549 ], [ 41.912196636363632, 34.459981545454546 ], [ 41.968320636363643, 34.469431545454547 ], [ 42.134991636363651, 34.279153545454541 ], [ 42.26859663636364, 34.261657545454547 ], [ 42.303318636363628, 34.349992545454548 ], [ 42.381096636363651, 34.32248854545454 ], [ 42.380538636363639, 34.278586545454537 ], [ 42.306927636363639, 34.24665454545454 ], [ 42.387495636363639, 34.187767545454541 ], [ 42.409986636363641, 34.032202545454545 ], [ 42.434151636363623, 34.006651545454538 ], [ 42.495540636363643, 34.04110354545454 ], [ 42.560817636363623, 33.953875545454544 ], [ 42.530532636363631, 33.862489545454544 ], [ 42.578043636363645, 33.84637054545454 ], [ 42.626373636363638, 33.895267545454537 ], [ 42.737766636363631, 33.869428545454547 ], [ 42.761940636363647, 33.843868545454548 ], [ 42.719703636363647, 33.798598545454546 ], [ 42.801657636363643, 33.652213545454551 ], [ 42.928314636363638, 33.544438545454547 ], [ 43.06053363636363, 33.486649545454547 ], [ 43.096641636363643, 33.527482545454539 ], [ 43.258326636363648, 33.443035545454542 ], [ 43.599993636363649, 33.394705545454549 ], [ 44.162025636363637, 33.029449545454547 ], [ 44.284992636363626, 32.803873545454543 ], [ 44.212479636363639, 32.590537545454545 ], [ 44.32891263636364, 32.246359545454546 ], [ 44.478033636363648, 31.93443754545455 ], [ 44.506095636363625, 31.75804654545454 ], [ 44.469429636363628, 31.706656545454543 ], [ 44.563335636363632, 31.609411545454542 ], [ 44.818017636363635, 31.471423545454549 ], [ 45.115827636363633, 31.305274545454544 ], [ 45.242241636363644, 31.319908545454545 ], [ 45.528315636363629, 31.287490545454538 ], [ 45.548043636363644, 31.204438545454543 ], [ 46.060818636363649, 31.108048545454544 ], [ 46.141665636363626, 31.053049545454549 ], [ 46.257207636363631, 31.045543545454542 ], [ 46.377582636363627, 30.961060545454551 ], [ 46.532760636363633, 30.878602545454548 ], [ 46.736376636363644, 30.953869545454545 ], [ 47.43045663636363, 31.013071545454544 ] ] } },
{ "type": "Feature", "properties": { "NAME": "Firat", "SYSTEM": "Tigris/Euphrates", "MILES": 327.39465, "KILOMETERS": 526.89167 }, "geometry": { "type": "LineString", "coordinates": [ [ 38.808726636363645, 38.876452545454548 ], [ 38.795829636363635, 38.881096545454547 ], [ 38.781105636363634, 38.89082554545454 ], [ 38.771385636363647, 38.90332654545454 ], [ 38.769162636363632, 38.919166545454537 ], [ 38.770557636363634, 38.937490545454544 ], [ 38.781663636363646, 38.953042545454544 ], [ 38.78777463636365, 38.966110545454548 ], [ 38.790276636363643, 38.98305754545455 ], [ 38.78222163636363, 38.99666554545454 ], [ 38.772501636363643, 39.009166545454541 ], [ 38.737086636363642, 39.075568545454551 ], [ 38.710500636363633, 39.162409545454544 ], [ 38.612490636363646, 39.167764545454538 ], [ 38.350581636363643, 39.37187554545455 ], [ 38.460633636363639, 39.446341545454551 ], [ 38.581098636363635, 39.49915354545454 ], [ 38.713875636363639, 39.49304254545455 ], [ 38.860818636363632, 39.578326545454551 ], [ 39.312483636363623, 39.628321545454547 ], [ 39.404427636363636, 39.695533545454545 ], [ 39.543603636363628, 39.702211545454539 ], [ 40.088868636363628, 39.554701545454542 ], [ 40.176087636363633, 39.583321545454545 ], [ 40.239987636363651, 39.69943054545454 ], [ 40.253325636363627, 39.753322545454544 ], [ 40.138314636363646, 39.876649545454548 ], [ 40.19831763636364, 39.912757545454546 ], [ 40.498035636363625, 39.950260545454547 ], [ 40.665822636363629, 39.925546545454544 ], [ 41.315262636363627, 39.997213545454549 ], [ 41.462763636363633, 40.178599545454539 ], [ 41.543052636363626, 40.187203545454544 ] ] } },
{ "type": "Feature", "properties": { "NAME": "Murat", "SYSTEM": "Tigris/Euphrates", "MILES": 428.72521, "KILOMETERS": 689.96772 }, "geometry": { "type": "LineString", "coordinates": [ [ 38.808726636363645, 38.876452545454548 ], [ 38.812776636363651, 38.874994545454548 ], [ 38.836104636363643, 38.875831545454538 ], [ 38.919714636363636, 38.891662545454544 ], [ 38.983596636363643, 38.899987545454543 ], [ 39.070275636363647, 38.889718545454549 ], [ 39.080823636363647, 38.887216545454542 ], [ 39.205275636363638, 38.856949545454547 ], [ 39.276933636363623, 38.838058545454551 ], [ 39.285825636363626, 38.830273545454538 ], [ 39.29721963636365, 38.824162545454548 ], [ 39.385275636363644, 38.790268545454545 ], [ 39.460272636363641, 38.76611254545454 ], [ 39.478893636363637, 38.763898545454545 ], [ 39.478659636363631, 38.74160554545454 ], [ 39.483699636363639, 38.699206545454551 ], [ 39.490692636363633, 38.680405545454541 ], [ 39.50271663636363, 38.654395545454541 ], [ 39.532002636363643, 38.644342545454542 ], [ 39.561945636363646, 38.653306545454548 ], [ 39.585984636363634, 38.65571854545454 ], [ 39.628599636363646, 38.65876954545454 ], [ 39.654402636363642, 38.660299545454542 ], [ 39.68062863636365, 38.659867545454539 ], [ 39.692418636363641, 38.65876954545454 ], [ 39.724557636363642, 38.643253545454549 ], [ 39.752961636363636, 38.629267545454546 ], [ 39.760395636363626, 38.626864545454545 ], [ 39.784002636363624, 38.627296545454548 ], [ 39.808482636363635, 38.635387545454542 ], [ 39.845634636363627, 38.659210545454549 ], [ 39.870114636363638, 38.68434754545455 ], [ 40.051095636363641, 38.74360354545454 ], [ 40.419708636363623, 38.712202545454538 ], [ 40.944696636363631, 38.894713545454543 ], [ 41.156376636363632, 38.749156545454547 ], [ 41.247483636363626, 38.834431545454542 ], [ 41.435817636363623, 38.821372545454544 ], [ 41.545266636363635, 38.856940545454542 ], [ 41.555265636363629, 39.076378545454538 ], [ 41.669718636363626, 39.034150545454544 ], [ 41.77776363636363, 39.039982545454542 ], [ 42.120825636363634, 39.125266545454544 ], [ 42.528327636363628, 39.163318545454551 ], [ 42.542205636363633, 39.303034545454544 ], [ 42.715266636363623, 39.506650545454541 ], [ 42.861111636363631, 39.537493545454545 ], [ 43.052766636363629, 39.708322545454543 ], [ 43.522755636363627, 39.615532545454549 ], [ 43.666368636363643, 39.551650545454542 ], [ 43.680543636363637, 39.512761545454545 ], [ 43.550259636363648, 39.335533545454545 ], [ 43.570824636363625, 39.305815545454543 ] ] } },
{ "type": "Feature", "properties": { "NAME": "Nile", "SYSTEM": "Nile", "MILES": 2002.08328, "KILOMETERS": 3222.04717 }, "geometry": { "type": "MultiLineString", "coordinates": [ [ [ 30.389433636363634, 31.441894545454538 ], [ 30.395796636363627, 31.440130545454544 ], [ 30.50804463636365, 31.335829545454537 ], [ 30.53388363636364, 31.187221545454541 ], [ 30.634611636363644, 31.122754545454548 ], [ 30.750270636363638, 30.97554154545454 ], [ 30.792552636363638, 30.722632545454537 ], [ 30.788088636363625, 30.705271545454544 ], [ 30.818598636363646, 30.550264545454546 ], [ 30.848883636363638, 30.543595545454544 ], [ 30.851781636363626, 30.361624545454539 ], [ 30.899661636363646, 30.336784545454542 ], [ 30.920154636363634, 30.314365545454542 ], [ 30.975135636363632, 30.235984545454549 ], [ 31.13475963636364, 30.18037354545455 ], [ 31.108047636363636, 30.324436545454539 ], [ 31.056657636363639, 30.364990545454539 ], [ 31.102989636363645, 30.400891545454549 ], [ 31.266663636363631, 30.627763545454549 ], [ 31.215543636363634, 30.831100545454539 ], [ 31.245549636363648, 30.95387854545455 ], [ 31.406649636363625, 31.073875545454548 ], [ 31.486380636363634, 31.173316545454547 ], [ 31.63415163636364, 31.224166545454544 ], [ 31.842996636363637, 31.52381254545454 ] ], [ [ 31.13475963636364, 30.18037354545455 ], [ 31.239708636363645, 30.124438545454545 ], [ 31.280973636363626, 29.895028545454544 ], [ 31.266933636363632, 29.71860154545454 ], [ 31.299162636363633, 29.664718545454541 ], [ 31.266105636363648, 29.62221154545454 ], [ 31.279434636363646, 29.542768545454543 ], [ 31.206228636363647, 29.427946545454539 ], [ 31.229430636363645, 29.387761545454545 ], [ 31.215615636363623, 29.22138754545454 ], [ 31.168671636363626, 29.150980545454537 ], [ 30.958251636363627, 28.893139545454538 ], [ 30.922521636363626, 28.856455545454544 ], [ 30.887016636363626, 28.723777545454546 ], [ 30.746967636363649, 28.242205545454546 ], [ 30.741657636363641, 28.172221545454541 ], [ 30.836382636363624, 28.033324545454541 ], [ 30.836373636363646, 27.917359545454538 ], [ 30.892767636363629, 27.778606545454544 ], [ 30.851106636363625, 27.471373545454547 ], [ 30.966288636363629, 27.347965545454549 ], [ 31.119153636363649, 27.259162545454551 ], [ 31.116102636363649, 27.198601545454544 ], [ 31.182765636363627, 27.19342654545455 ], [ 31.240662636363624, 27.16843354545454 ], [ 31.304805636363625, 27.099538545454543 ], [ 31.546932636363636, 26.761102545454541 ], [ 31.712217636363647, 26.626372545454544 ], [ 31.698600636363636, 26.551384545454546 ], [ 31.801650636363632, 26.552491545454544 ], [ 31.824159636363646, 26.412487545454546 ], [ 32.009991636363623, 26.261665545454541 ], [ 32.018586636363636, 26.178874545454541 ], [ 32.051220636363638, 26.170054545454541 ], [ 32.063316636363624, 26.219977545454547 ], [ 32.136135636363633, 26.194561545454548 ], [ 32.281098636363623, 26.025829545454542 ], [ 32.630262636363625, 26.175544545454542 ], [ 32.759709636363624, 26.107216545454541 ], [ 32.782767636363644, 25.995823545454542 ], [ 32.73026163636365, 25.873324545454544 ], [ 32.764704636363632, 25.794439545454544 ], [ 32.671653636363629, 25.764433545454544 ], [ 32.597763636363624, 25.641934545454546 ], [ 32.496090636363647, 25.592218545454543 ], [ 32.476371636363638, 25.546381545454544 ], [ 32.550819636363627, 25.424161545454545 ], [ 32.58692763636364, 25.245547545454542 ], [ 32.859429636363643, 25.081378545454541 ], [ 32.88581763636364, 24.980830545454545 ], [ 32.862759636363648, 24.907768545454545 ], [ 32.923599636363633, 24.787222545454547 ], [ 32.933589636363649, 24.656650545454546 ], [ 32.873595636363632, 24.498601545454541 ], [ 32.877726636363633, 23.985475545454541 ], [ 32.86361463636365, 23.900776545454541 ], [ 32.86463163636364, 23.878582545454542 ], [ 32.874711636363628, 23.864461545454546 ], [ 32.897895636363643, 23.825149545454543 ], [ 32.905959636363633, 23.795899545454546 ], [ 32.909001636363627, 23.769682545454543 ], [ 32.909001636363627, 23.750521545454546 ], [ 32.905959636363633, 23.697079545454542 ], [ 32.898912636363633, 23.673886545454543 ], [ 32.887815636363626, 23.647669545454541 ], [ 32.877726636363633, 23.625493545454546 ], [ 32.865630636363647, 23.591212545454546 ], [ 32.86463163636364, 23.571034545454545 ], [ 32.869662636363643, 23.545825545454541 ], [ 32.904960636363626, 23.406685545454543 ], [ 32.930160636363638, 23.346169545454543 ], [ 32.946297636363624, 23.316937545454543 ], [ 32.946297636363624, 23.296759545454542 ], [ 32.938233636363634, 23.289712545454542 ], [ 32.88480063636365, 23.251390545454541 ], [ 32.860599636363645, 23.242309545454546 ], [ 32.792019636363648, 23.177779545454541 ], [ 32.756730636363642, 23.138458545454547 ], [ 32.626653636363642, 22.927705545454543 ], [ 32.577243636363647, 22.784524545454545 ], [ 32.568171636363644, 22.765363545454541 ], [ 32.552034636363629, 22.754275545454547 ], [ 32.523801636363629, 22.743178545454541 ], [ 32.486496636363626, 22.732090545454547 ], [ 32.45423163636363, 22.708897545454541 ], [ 32.411868636363636, 22.667551545454543 ], [ 32.390700636363647, 22.629238545454541 ], [ 32.376588636363635, 22.616125545454544 ], [ 32.349354636363643, 22.613110545454546 ], [ 32.328177636363648, 22.616125545454544 ], [ 32.307009636363631, 22.627222545454543 ], [ 32.283807636363633, 22.649407545454544 ], [ 32.24146263636365, 22.706881545454543 ], [ 32.226342636363626, 22.731082545454541 ], [ 32.196093636363628, 22.745203545454544 ], [ 32.181972636363639, 22.749235545454546 ], [ 32.144667636363636, 22.750234545454546 ], [ 32.113401636363648, 22.740154545454544 ], [ 32.040798636363633, 22.700833545454543 ], [ 31.940979636363636, 22.621174545454544 ], [ 31.887537636363646, 22.563691545454546 ], [ 31.871400636363632, 22.511266545454546 ], [ 31.839135636363636, 22.459840545454547 ], [ 31.824006636363634, 22.447735545454542 ], [ 31.782669636363636, 22.434631545454543 ], [ 31.696953636363645, 22.380172545454542 ], [ 31.634448636363629, 22.327738545454544 ], [ 31.594110636363638, 22.287409545454544 ], [ 31.536627636363647, 22.234975545454546 ], [ 31.494282636363636, 22.207102545454546 ], [ 31.456968636363627, 22.182532545454542 ], [ 31.403526636363637, 22.132114545454542 ], [ 31.386390636363643, 22.097833545454542 ], [ 31.36419663636363, 22.025239545454546 ], [ 31.363188636363645, 21.967765545454547 ], [ 31.35613263636364, 21.935491545454546 ], [ 31.311762636363625, 21.867937545454545 ], [ 31.281522636363633, 21.833647545454546 ], [ 31.249248636363632, 21.805414545454546 ], [ 31.211934636363623, 21.779197545454544 ], [ 31.204878636363645, 21.770116545454542 ], [ 31.20084663636365, 21.761044545454546 ], [ 31.135308636363646, 21.649120545454544 ], [ 31.091946636363645, 21.606775545454546 ], [ 30.966657636363635, 21.443047545454547 ], [ 30.969708636363634, 21.371110545454542 ], [ 30.673041636363649, 21.175270545454545 ], [ 30.713883636363647, 21.082768545454542 ], [ 30.597774636363624, 21.015268545454546 ], [ 30.56109963636365, 20.846383545454543 ], [ 30.361101636363628, 20.811940545454547 ], [ 30.335766636363644, 20.776759545454546 ], [ 30.367221636363638, 20.706100545454547 ], [ 30.320016636363647, 20.642497545454546 ], [ 30.307488636363644, 20.559715545454544 ], [ 30.399432636363628, 20.348602545454547 ], [ 30.539994636363645, 20.339440545454543 ], [ 30.58888263636365, 20.276665545454541 ], [ 30.595830636363644, 19.999717545454544 ], [ 30.555267636363624, 19.926385545454544 ], [ 30.445791636363623, 19.924441545454542 ], [ 30.325101636363627, 19.869082545454546 ], [ 30.313851636363637, 19.793626545454543 ], [ 30.376491636363625, 19.452544545454543 ], [ 30.48787563636364, 19.203694545454546 ], [ 30.46332363636364, 18.941101545454543 ], [ 30.533595636363629, 18.747493545454546 ], [ 30.707763636363637, 18.458323545454547 ], [ 30.709707636363646, 18.288043545454542 ], [ 30.801381636363629, 18.139705545454547 ], [ 30.91361163636364, 18.121381545454547 ], [ 30.975819636363639, 18.046384545454544 ], [ 31.218054636363632, 17.985823545454544 ], [ 31.332768636363625, 18.044989545454541 ], [ 31.40970963636363, 18.028330545454544 ], [ 31.772490636363642, 18.34943254545454 ], [ 31.888041636363624, 18.566377545454543 ], [ 31.988328636363633, 18.572776545454545 ], [ 32.054154636363648, 18.625831545454545 ], [ 32.056404636363624, 18.706480545454546 ], [ 32.026641636363649, 18.760273545454545 ], [ 32.066106636363628, 18.804166545454542 ], [ 32.225820636363636, 18.901654545454541 ], [ 32.350911636363634, 18.887596545454542 ], [ 32.510814636363648, 19.148596545454545 ], [ 32.669151636363637, 19.161664545454542 ], [ 32.888877636363645, 19.453327545454542 ], [ 33.063630636363627, 19.520971545454543 ], [ 33.378009636363629, 19.418875545454547 ], [ 33.434979636363636, 19.256380545454547 ], [ 33.552762636363639, 19.193596545454547 ], [ 33.56872863636363, 19.027699545454546 ], [ 33.569070636363648, 18.739285545454543 ], [ 33.636444636363649, 18.720043545454544 ], [ 33.672408636363627, 18.692494545454544 ], [ 33.689751636363638, 18.488095545454541 ], [ 33.782415636363623, 18.357802545454547 ], [ 33.924993636363638, 18.274714545454543 ], [ 33.980532636363648, 17.624986545454547 ], [ 33.916092636363629, 17.562490545454544 ], [ 33.698589636363636, 17.106658545454543 ], [ 33.739152636363627, 17.006101545454541 ], [ 33.720261636363631, 16.930546545454547 ], [ 33.586647636363637, 16.757503545454547 ], [ 33.316089636363643, 16.666666545454547 ], [ 33.112761636363643, 16.526662545454542 ], [ 33.022527636363634, 16.531090545454546 ], [ 32.879346636363636, 16.488484545454547 ], [ 32.725032636363636, 16.346932545454543 ], [ 32.598870636363642, 16.241650545454547 ], [ 32.538039636363635, 16.128610545454542 ], [ 32.552205636363624, 15.895825545454542 ], [ 32.48512863636364, 15.629731545454547 ] ] ] } },
{ "type": "Feature", "properties": { "NAME": "Tigris", "SYSTEM": "Tigris/Euphrates", "MILES": 1167.45208, "KILOMETERS": 1878.83576 }, "geometry": { "type": "MultiLineString", "coordinates": [ [ [ 39.50666763636363, 38.497480545454543 ], [ 39.670539636363628, 38.39192854545454 ], [ 39.671097636363641, 38.352211545454544 ], [ 40.001658636363629, 38.361931545454546 ], [ 40.172766636363633, 38.153869545454548 ], [ 40.13555163636363, 38.117203545454551 ], [ 40.226712636363629, 38.094820545454546 ], [ 40.26054363636365, 38.03998354545454 ], [ 40.244991636363636, 37.837762545454545 ], [ 40.958592636363647, 37.81192354545454 ], [ 41.055792636363634, 37.78249354545455 ], [ 41.363043636363642, 37.71747754545455 ], [ 41.827767636363632, 37.713049545454545 ], [ 41.826651636363636, 37.653037545454545 ], [ 41.897490636363642, 37.570543545454548 ], [ 41.853597636363645, 37.444984545454538 ], [ 41.892765636363634, 37.405258545454551 ], [ 42.017766636363632, 37.426093545454542 ], [ 42.205245636363628, 37.318750545454542 ], [ 42.22374063636363, 37.308175545454539 ], [ 42.276588636363641, 37.277908545454544 ], [ 42.29443563636363, 37.269718545454545 ], [ 42.351522636363626, 37.231171545454551 ], [ 42.357075636363646, 37.129705545454549 ], [ 42.355617636363633, 37.106926545454549 ], [ 42.378324636363629, 37.072060545454541 ], [ 42.374103636363628, 37.063159545454546 ], [ 42.373131636363638, 37.062124545454544 ], [ 42.373275636363644, 37.061269545454543 ], [ 42.60192963636365, 36.784717545454548 ], [ 42.769977636363649, 36.746656545454549 ], [ 42.747486636363647, 36.71470654545454 ], [ 42.882477636363632, 36.710818545454551 ], [ 42.910539636363637, 36.653875545454547 ], [ 42.830817636363633, 36.638314545454541 ], [ 42.752490636363632, 36.497212545454538 ], [ 42.932211636363633, 36.491371545454548 ], [ 42.998595636363632, 36.400822545454538 ], [ 43.119429636363634, 36.395260545454541 ], [ 43.302759636363646, 36.14165854545454 ], [ 43.36249263636364, 35.878588545454541 ], [ 43.288602636363635, 35.785546545454544 ], [ 43.321929636363649, 35.699155545454538 ], [ 43.24721163636363, 35.644435545454549 ], [ 43.264707636363624, 35.408590545454551 ], [ 43.429479636363624, 35.255482545454548 ], [ 43.384704636363637, 35.218870545454543 ], [ 43.578330636363631, 35.037763545454546 ], [ 43.519983636363634, 34.940536545454542 ], [ 43.676934636363626, 34.709155545454543 ], [ 43.88248563636364, 34.141102545454551 ], [ 44.035620636363632, 34.073215545454538 ], [ 44.080512636363636, 34.073215545454538 ], [ 44.180250636363638, 34.063234545454542 ], [ 44.188566636363646, 34.061569545454539 ], [ 44.261718636363639, 34.046620545454537 ], [ 44.383605636363626, 34.003051545454547 ], [ 44.439162636363648, 33.954163545454541 ], [ 44.446767636363631, 33.940492545454539 ], [ 44.451798636363634, 33.922771545454545 ], [ 44.452545636363624, 33.908587545454544 ], [ 44.450295636363649, 33.901315545454544 ], [ 44.447505636363644, 33.897589545454544 ], [ 44.436129636363631, 33.890317545454543 ], [ 44.39326263636363, 33.81064054545454 ], [ 44.385765636363629, 33.795637545454547 ], [ 44.383263636363637, 33.783415545454538 ], [ 44.384559636363633, 33.764821545454545 ], [ 44.388735636363634, 33.755101545454544 ], [ 44.400669636363631, 33.743428545454542 ], [ 44.414007636363635, 33.734815545454545 ], [ 44.42095563636363, 33.726760545454546 ], [ 44.401362636363643, 33.63930754545455 ], [ 44.383083636363637, 33.624349545454542 ], [ 44.339856636363635, 33.624349545454542 ], [ 44.323224636363648, 33.602731545454539 ], [ 44.304936636363635, 33.53955154545455 ], [ 44.303271636363633, 33.493003545454549 ], [ 44.308266636363641, 33.473059545454539 ], [ 44.338191636363632, 33.394921545454544 ], [ 44.386404636363636, 33.315127545454551 ], [ 44.411334636363648, 33.278542545454549 ], [ 44.45124063636365, 33.275230545454541 ], [ 44.489481636363649, 33.227008545454545 ], [ 44.542680636363627, 33.147205545454547 ], [ 44.555973636363632, 33.107308545454551 ], [ 44.562147636363648, 33.084313545454542 ], [ 44.572047636363635, 33.068923545454545 ], [ 44.575926636363647, 33.06409054545454 ], [ 44.654154636363643, 33.011224545454546 ], [ 44.678130636363647, 33.009919545454544 ], [ 44.689389636363643, 33.013096545454538 ], [ 44.706507636363625, 33.020386545454549 ], [ 44.727945636363643, 33.033436545454542 ], [ 44.745495636363643, 32.962669545454538 ], [ 44.805354636363631, 32.954362545454551 ], [ 44.878497636363647, 32.93440954545455 ], [ 44.935026636363631, 32.911135545454549 ], [ 44.940012636363633, 32.90449354545455 ], [ 44.944998636363636, 32.87954554545454 ], [ 44.948328636363641, 32.874550545454547 ], [ 44.958300636363646, 32.866243545454545 ], [ 45.09130263636365, 32.78146354545455 ], [ 45.184398636363625, 32.769817545454551 ], [ 45.255894636363649, 32.76484054545454 ], [ 45.264201636363623, 32.761510545454549 ], [ 45.270852636363628, 32.756524545454546 ], [ 45.277503636363633, 32.738236545454548 ], [ 45.274182636363633, 32.728264545454543 ], [ 45.314070636363624, 32.68170754545455 ], [ 45.395538636363625, 32.618536545454539 ], [ 45.472011636363646, 32.583625545454545 ], [ 45.596688636363638, 32.540398545454543 ], [ 45.614985636363627, 32.535421545454547 ], [ 45.629943636363635, 32.542063545454546 ], [ 45.638259636363642, 32.550370545454548 ], [ 45.656547636363626, 32.562007545454541 ], [ 45.673170636363636, 32.560342545454539 ], [ 45.691467636363626, 32.557021545454539 ], [ 45.787893636363634, 32.52876154545455 ], [ 45.804507636363638, 32.51878054545454 ], [ 45.811158636363643, 32.51213854545454 ], [ 45.81281463636364, 32.505478545454544 ], [ 45.871008636363626, 32.442316545454538 ], [ 45.932766636363624, 32.406370545454543 ], [ 45.921930636363641, 32.280532545454541 ], [ 46.009158636363651, 32.195257545454545 ], [ 45.953322636363623, 31.94054854545454 ], [ 46.060818636363649, 31.873318545454545 ], [ 46.124151636363649, 31.504435545454548 ], [ 46.269708636363646, 31.265827545454549 ], [ 46.421655636363624, 31.155829545454544 ], [ 46.362759636363648, 31.049989545454544 ], [ 46.400532636363636, 31.021657545454538 ], [ 46.377582636363627, 30.961060545454551 ] ], [ [ 45.81281463636364, 32.505478545454544 ], [ 45.83443263636363, 32.513803545454543 ], [ 45.92254263636363, 32.550370545454548 ], [ 45.954132636363624, 32.591932545454547 ], [ 45.965769636363632, 32.60356954545454 ], [ 46.055544636363635, 32.640154545454543 ], [ 46.103766636363645, 32.65179154545455 ], [ 46.113729636363644, 32.65179154545455 ], [ 46.125375636363628, 32.650126545454548 ], [ 46.170258636363627, 32.620201545454542 ], [ 46.185216636363634, 32.60356954545454 ], [ 46.18854663636364, 32.591932545454547 ], [ 46.195197636363645, 32.583625545454545 ], [ 46.236750636363638, 32.555356545454551 ], [ 46.246740636363626, 32.552035545454551 ], [ 46.343157636363628, 32.522110545454545 ], [ 46.363110636363643, 32.520445545454542 ], [ 46.40300763636364, 32.520445545454542 ], [ 46.414644636363647, 32.520445545454542 ], [ 46.442904636363636, 32.52876154545455 ], [ 46.461201636363626, 32.52876154545455 ], [ 46.501089636363645, 32.520445545454542 ], [ 46.650714636363631, 32.48886454545454 ], [ 46.664016636363641, 32.480557545454538 ], [ 46.68895563636363, 32.458939545454548 ], [ 46.71888063636365, 32.407396545454539 ], [ 46.735503636363632, 32.369164545454545 ], [ 46.742154636363637, 32.349211545454544 ], [ 46.738824636363631, 32.342560545454539 ], [ 46.733838636363629, 32.337583545454542 ], [ 46.72719663636363, 32.33591854545454 ], [ 46.715550636363645, 32.337583545454542 ], [ 46.70557863636364, 32.327602545454546 ], [ 46.703922636363643, 32.229520545454541 ], [ 46.703922636363643, 32.186293545454539 ], [ 46.708908636363645, 32.134750545454544 ], [ 46.725540636363633, 32.114797545454543 ], [ 46.775409636363634, 32.079886545454549 ], [ 46.787037636363635, 32.07324454545455 ], [ 46.81862763636363, 32.069914545454544 ], [ 46.82860863636364, 32.069914545454544 ], [ 46.846887636363647, 32.07656554545455 ], [ 46.853538636363623, 32.07656554545455 ], [ 46.860189636363629, 32.07324454545455 ], [ 46.865184636363637, 32.066593545454545 ], [ 46.875156636363641, 32.003422545454548 ], [ 46.950819636363633, 31.876099545454544 ], [ 47.000274636363628, 31.854994545454538 ], [ 47.09470263636365, 31.890274545454538 ], [ 47.138316636363641, 31.858045545454537 ], [ 47.139153636363631, 31.730542545454547 ], [ 47.422230636363651, 31.373368545454547 ], [ 47.43045663636363, 31.013071545454544 ] ] ] } },
{ "type": "Feature", "properties": { "NAME": "Ubangi", "SYSTEM": "Congo", "MILES": 1420.38899, "KILOMETERS": 2285.89907 }, "geometry": { "type": "LineString", "coordinates": [ [ 17.714265636363649, -0.537427454545458 ], [ 17.72194263636365, -0.510004454545459 ], [ 17.736108636363639, -0.449722454545459 ], [ 17.74139163636363, -0.413335454545454 ], [ 17.745828636363626, -0.376390454545458 ], [ 17.742363636363649, -0.339166454545456 ], [ 17.736666636363623, -0.316945454545454 ], [ 17.715273636363634, -0.259444454545459 ], [ 17.709999636363648, -0.226945454545458 ], [ 17.709162636363629, -0.204031454545458 ], [ 17.709999636363648, -0.174160454545458 ], [ 17.71568763636364, -0.142084454545454 ], [ 17.726109636363645, -0.114715454545454 ], [ 17.743056636363633, -0.064162454545453 ], [ 17.770272636363643, 0.018340545454542 ], [ 17.79652563636364, 0.119446545454544 ], [ 17.801943636363632, 0.14361154545454 ], [ 17.839716636363647, 0.218887545454542 ], [ 17.873052636363639, 0.257497545454541 ], [ 17.912499636363634, 0.301111545454546 ], [ 17.931111636363624, 0.323332545454541 ], [ 17.945826636363648, 0.342781545454542 ], [ 17.955969636363648, 0.369862545454545 ], [ 17.961108636363633, 0.399715545454541 ], [ 17.968326636363628, 0.453058545454546 ], [ 17.966526636363625, 0.475000545454542 ], [ 17.922156636363638, 0.557503545454544 ], [ 17.89500363636364, 0.600001545454546 ], [ 17.889585636363648, 0.687499545454543 ], [ 17.903742636363631, 0.742363545454545 ], [ 17.907621636363643, 0.796390545454543 ], [ 17.905830636363646, 0.828889545454544 ], [ 17.89929663636363, 0.863053545454541 ], [ 17.889297636363636, 0.899305545454546 ], [ 17.881593636363647, 0.933280545454544 ], [ 17.875554636363631, 0.970558545454544 ], [ 17.873610636363622, 0.992365545454547 ], [ 17.877354636363634, 1.029859545454542 ], [ 17.884995636363641, 1.053052545454541 ], [ 17.898891636363629, 1.080277545454543 ], [ 17.925558636363633, 1.115134545454545 ], [ 17.938743636363625, 1.13957854545454 ], [ 17.952495636363636, 1.173886545454543 ], [ 17.978883636363634, 1.245553545454541 ], [ 18.070269636363633, 1.528891545454542 ], [ 18.075687636363625, 1.563334545454545 ], [ 18.07861263636363, 1.668886545454541 ], [ 18.07777563636364, 1.728889545454543 ], [ 18.073050636363632, 1.756942545454542 ], [ 18.065274636363625, 1.874995545454546 ], [ 18.072501636363626, 2.036392545454547 ], [ 18.075003636363647, 2.066947545454546 ], [ 18.09186963636364, 2.22243154545454 ], [ 18.110553636363647, 2.280553545454545 ], [ 18.126798636363645, 2.301811545454541 ], [ 18.162501636363629, 2.327362545454541 ], [ 18.206943636363633, 2.388607545454541 ], [ 18.223746636363643, 2.415976545454541 ], [ 18.227220636363626, 2.457781545454544 ], [ 18.227364636363632, 2.490550545454546 ], [ 18.237084636363647, 2.521735545454547 ], [ 18.274578636363628, 2.549023545454546 ], [ 18.300552636363648, 2.563747545454547 ], [ 18.317220636363629, 2.577499545454543 ], [ 18.342771636363636, 2.612779545454543 ], [ 18.382776636363644, 2.701663545454544 ], [ 18.413331636363637, 2.77611154545454 ], [ 18.469995636363649, 2.915836545454546 ], [ 18.540843636363633, 3.076288545454545 ], [ 18.55916763636364, 3.089716545454543 ], [ 18.579714636363633, 3.10305454545454 ], [ 18.598056636363623, 3.11860654545454 ], [ 18.615831636363623, 3.138055545454542 ], [ 18.641796636363637, 3.207499545454546 ], [ 18.643605636363645, 3.318469545454541 ], [ 18.632355636363627, 3.453613545454544 ], [ 18.624957636363632, 3.479443545454544 ], [ 18.61861263636365, 3.549445545454546 ], [ 18.598326636363623, 3.666112545454546 ], [ 18.592503636363631, 3.700834545454541 ], [ 18.590694636363622, 3.725836545454541 ], [ 18.594996636363646, 3.769162545454542 ], [ 18.610557636363637, 3.866947545454543 ], [ 18.643326636363639, 3.967216545454541 ], [ 18.648186636363647, 3.993055545454546 ], [ 18.647079636363628, 4.027498545454542 ], [ 18.643893636363629, 4.053886545454546 ], [ 18.630276636363647, 4.13471554545454 ], [ 18.592503636363631, 4.228747545454546 ], [ 18.56736663636363, 4.260976545454547 ], [ 18.543741636363649, 4.288336545454541 ], [ 18.53576763636363, 4.311664545454541 ], [ 18.544443636363638, 4.339996545454547 ], [ 18.567222636363624, 4.361812545454541 ], [ 18.59103663636364, 4.370074545454543 ], [ 18.628746636363644, 4.354234545454545 ], [ 18.707496636363629, 4.367221545454541 ], [ 18.733056636363642, 4.378894545454543 ], [ 18.751659636363627, 4.390558545454546 ], [ 18.771243636363636, 4.41528154545454 ], [ 18.79388763636365, 4.460281545454542 ], [ 18.803607636363637, 4.484716545454546 ], [ 18.822498636363633, 4.543747545454544 ], [ 18.839445636363649, 4.577785545454546 ], [ 18.955554636363644, 4.71221854545454 ], [ 18.987918636363645, 4.740550545454546 ], [ 19.028607636363631, 4.814998545454543 ], [ 19.064166636363638, 4.889653545454543 ], [ 19.085415636363649, 4.914718545454541 ], [ 19.106394636363632, 4.932502545454547 ], [ 19.18540563636364, 4.944238545454546 ], [ 19.207770636363648, 4.969159545454545 ], [ 19.227921636363646, 4.999867545454542 ], [ 19.415895636363643, 5.131042545454541 ], [ 19.557222636363633, 5.150554545454547 ], [ 19.649301636363646, 5.14277854545454 ], [ 19.700484636363626, 5.136667545454543 ], [ 19.760001636363626, 5.118334545454545 ], [ 19.812633636363643, 5.099866545454546 ], [ 19.841388636363632, 5.084512545454544 ], [ 19.858110636363648, 5.06185054545454 ], [ 19.88042163636365, 5.011666545454545 ], [ 19.90138263636365, 4.995133545454543 ], [ 19.92722163636364, 4.987222545454543 ], [ 19.951665636363629, 4.984441545454544 ], [ 19.978053636363626, 4.983748545454546 ], [ 20.002083636363636, 4.977214545454544 ], [ 20.178339636363631, 4.872220545454546 ], [ 20.33929563636363, 4.767496545454541 ], [ 20.457978636363634, 4.619311545454543 ], [ 20.453298636363627, 4.523794545454543 ], [ 20.452785636363643, 4.522381545454543 ], [ 20.476662636363642, 4.498891545454541 ], [ 20.571945636363637, 4.417495545454543 ], [ 20.599791636363648, 4.407982545454544 ], [ 20.715270636363641, 4.426666545454545 ], [ 20.835555636363637, 4.448887545454546 ], [ 20.87387763636363, 4.445278545454542 ], [ 20.969862636363644, 4.432498545454543 ], [ 21.03444663636364, 4.408891545454544 ], [ 21.077916636363625, 4.389235545454547 ], [ 21.103260636363643, 4.350283545454545 ], [ 21.163749636363633, 4.305553545454543 ], [ 21.208605636363643, 4.288894545454546 ], [ 21.513885636363625, 4.247215545454544 ], [ 21.548265636363624, 4.24624354545454 ], [ 21.576390636363641, 4.255270545454543 ], [ 21.59708163636364, 4.271947545454545 ], [ 21.630687636363632, 4.292503545454544 ], [ 21.655140636363626, 4.29916354545454 ], [ 21.736662636363633, 4.295689545454543 ], [ 21.830829636363632, 4.265269545454544 ], [ 21.986943636363634, 4.246387545454546 ], [ 22.037352636363636, 4.225273545454542 ], [ 22.097499636363636, 4.215832545454546 ], [ 22.119441636363632, 4.204024545454544 ], [ 22.150968636363643, 4.176322545454546 ], [ 22.193052636363632, 4.155550545454545 ], [ 22.213194636363625, 4.148611545454543 ], [ 22.251948636363636, 4.136524545454542 ], [ 22.285554636363628, 4.12944154545454 ], [ 22.346664636363641, 4.127497545454546 ], [ 22.386453636363626, 4.128262545454547 ], [ 22.421526636363637, 4.134445545454547 ], [ 22.423929636363624, 4.135201545454542 ], [ 22.606656636363624, 3.913054545454543 ], [ 22.764435636363629, 3.826393545454543 ], [ 23.147205636363623, 3.89638654545454 ], [ 23.203401636363623, 3.871573545454545 ], [ 23.235414636363629, 3.860620545454545 ], [ 23.33359563636364, 3.843061545454546 ], [ 23.618049636363651, 3.848893545454544 ], [ 23.789706636363633, 3.700276545454543 ], [ 24.203319636363631, 3.707503545454543 ], [ 24.290907636363642, 3.628024545454544 ], [ 24.436923636363645, 3.530338545454541 ], [ 24.705276636363635, 3.461110545454545 ], [ 24.822105636363631, 3.494536545454544 ], [ 24.931383636363648, 3.482773545454542 ], [ 24.998091636363625, 3.395554545454544 ], [ 25.143882636363628, 3.423058545454545 ], [ 25.254582636363637, 3.536881545454541 ], [ 25.304991636363638, 3.501394545454545 ], [ 25.693044636363624, 3.592222545454547 ], [ 25.792215636363636, 3.521941545454546 ], [ 25.838043636363636, 3.550552545454543 ], [ 25.86554763636363, 3.690556545454541 ], [ 26.020824636363642, 3.722218545454545 ], [ 26.051109636363634, 3.671107545454547 ], [ 26.116440636363649, 3.653845545454544 ], [ 26.336940636363636, 3.764995545454546 ], [ 26.640825636363644, 4.014448545454542 ], [ 26.71582263636364, 3.994720545454541 ], [ 26.80777563636363, 3.810553545454546 ], [ 26.802222636363638, 3.566662545454541 ], [ 26.841372636363644, 3.503887545454546 ], [ 26.904993636363628, 3.528889545454547 ], [ 27.061665636363642, 3.508891545454546 ], [ 27.07054863636364, 3.568606545454543 ], [ 27.191382636363642, 3.641110545454545 ], [ 27.164706636363633, 3.844159545454545 ], [ 27.276657636363637, 3.850558545454547 ], [ 27.483603636363625, 3.642217545454542 ], [ 27.974706636363635, 3.695272545454543 ], [ 28.032486636363643, 3.742774545454544 ], [ 28.170825636363645, 3.718051545454543 ], [ 28.284432636363647, 3.596110545454543 ], [ 28.36777263636364, 3.663052545454541 ], [ 28.871934636363648, 3.551110545454542 ], [ 29.085270636363646, 3.606946545454541 ], [ 29.333328636363632, 3.279445545454543 ], [ 29.485545636363639, 3.293890545454545 ], [ 29.515830636363631, 3.094720545454543 ], [ 29.883327636363646, 3.000832545454543 ], [ 30.068052636363632, 2.879998545454541 ], [ 30.341103636363641, 2.875840545454544 ], [ 30.388326636363644, 2.827501545454545 ], [ 30.441939636363628, 2.595274545454544 ], [ 30.377490636363632, 2.302216545454542 ], [ 30.439437636363635, 2.228335545454541 ] ] } },
{ "type": "Feature", "properties": { "NAME": "Danube", "SYSTEM": null, "MILES": 2341.10742, "KILOMETERS": 3767.65473 }, "geometry": { "type": "MultiLineString", "coordinates": [ [ [ 8.17805463636364, 48.081931545454545 ], [ 8.426940636363639, 47.974984545454539 ], [ 8.473335636363629, 47.925250545454539 ], [ 8.525796636363623, 47.934718545454551 ], [ 8.379447636363636, 48.125257545454538 ], [ 8.293884636363629, 48.11526754545455 ] ], [ [ 8.525796636363623, 47.934718545454551 ], [ 8.820276636363644, 47.987764545454546 ], [ 9.098340636363645, 48.089149545454539 ], [ 9.34861263636364, 48.066091545454547 ], [ 9.493611636363624, 48.169978545454548 ], [ 9.535839636363647, 48.239143545454546 ], [ 9.822768636363634, 48.286096545454548 ], [ 10.02971463636365, 48.429430545454544 ], [ 10.374441636363628, 48.496372545454541 ], [ 10.432500636363642, 48.568597545454544 ], [ 10.859442636363639, 48.72748354545454 ], [ 11.397507636363628, 48.746932545454548 ], [ 11.743053636363641, 48.825808545454542 ], [ 11.860557636363637, 48.918049545454544 ], [ 12.016095636363644, 48.92998354545454 ], [ 12.031989636363647, 49.018813545454542 ], [ 12.322770636363629, 49.009705545454544 ], [ 12.330825636363642, 48.97026754545454 ], [ 12.451911636363633, 48.945067545454542 ], [ 12.506847636363631, 48.922162545454547 ], [ 12.986934636363628, 48.803290545454551 ], [ 13.23944763636365, 48.612760545454542 ], [ 13.491141636363636, 48.576976545454549 ], [ 13.493850636363646, 48.57658054545454 ], [ 13.518609636363635, 48.584581545454547 ], [ 13.602768636363635, 48.568057545454543 ], [ 13.642908636363643, 48.55539454545454 ], [ 13.654716636363645, 48.551659545454548 ], [ 13.676946636363624, 48.532291545454548 ], [ 13.71928263636363, 48.517873545454542 ], [ 13.72549263636364, 48.514543545454551 ], [ 13.875000636363637, 48.44636854545454 ], [ 13.941672636363649, 48.406921545454544 ], [ 13.992495636363628, 48.421915545454546 ], [ 14.026650636363627, 48.34248154545454 ], [ 14.105544636363646, 48.315265545454544 ], [ 14.311392636363649, 48.321376545454548 ], [ 14.450829636363636, 48.243868545454539 ], [ 14.574435636363631, 48.233320545454539 ], [ 14.648055636363637, 48.173596545454551 ], [ 14.786385636363633, 48.185818545454545 ], [ 14.865549636363625, 48.22831654545454 ], [ 15.32138163636364, 48.235822545454546 ], [ 15.459729636363647, 48.391927545454543 ], [ 15.593604636363636, 48.40693054545455 ], [ 16.090269636363644, 48.339142545454543 ], [ 16.289997636363637, 48.353587545454538 ], [ 16.536381636363643, 48.153040545454552 ], [ 16.762488636363628, 48.121369545454549 ], [ 17.069838636363642, 48.129010545454541 ], [ 17.153529636363629, 48.13108954545455 ], [ 17.208087636363643, 48.054697545454538 ], [ 17.294316636363646, 48.001471545454542 ], [ 17.311947636363641, 47.998051545454551 ], [ 17.34194463636365, 47.995756545454547 ], [ 17.411883636363626, 47.944744545454547 ], [ 17.44521063636364, 47.913055545454547 ], [ 17.462085636363639, 47.892085545454542 ], [ 17.485863636363632, 47.877964545454539 ], [ 17.712222636363634, 47.770558545454541 ], [ 17.787282636363642, 47.746429545454539 ], [ 17.896947636363649, 47.747554545454541 ], [ 17.908881636363645, 47.750686545454549 ], [ 17.97611163636364, 47.763610545454547 ], [ 18.086109636363631, 47.759434545454546 ], [ 18.125421636363626, 47.756113545454546 ], [ 18.195828636363643, 47.74777054545455 ], [ 18.304719636363643, 47.737501545454542 ], [ 18.337497636363651, 47.740831545454547 ], [ 18.378609636363649, 47.747221545454543 ], [ 18.413331636363637, 47.75388154545454 ], [ 18.449295636363644, 47.767354545454545 ], [ 18.540834636363627, 47.767489545454545 ], [ 18.597219636363633, 47.763052545454549 ], [ 18.636945636363635, 47.759164545454546 ], [ 18.663054636363626, 47.759722545454544 ], [ 18.682917636363641, 47.76638254545454 ], [ 18.729654636363648, 47.795479545454548 ], [ 18.757779636363637, 47.814352545454547 ], [ 18.788055636363623, 47.81721454545454 ], [ 18.849714636363643, 47.817772545454538 ], [ 18.93110163636365, 47.770540545454544 ], [ 18.981618636363635, 47.805937545454547 ], [ 19.060269636363643, 47.818033545454547 ], [ 19.127220636363631, 47.771089545454551 ], [ 19.060962636363627, 47.47192954545455 ], [ 18.927222636363638, 47.304151545454538 ], [ 18.87693963636363, 47.159710545454551 ], [ 18.897216636363623, 47.085532545454548 ], [ 18.965661636363649, 47.031154545454548 ], [ 18.924711636363639, 46.823596545454542 ], [ 19.002219636363634, 46.726369545454538 ], [ 18.98583063636363, 46.67887654545455 ], [ 18.871665636363645, 46.630537545454551 ], [ 18.924162636363633, 46.468591545454551 ], [ 18.897972636363647, 46.345408545454539 ], [ 18.918267636363623, 46.190194545454538 ], [ 18.693600636363641, 46.038877545454547 ], [ 18.693042636363629, 46.00304854545454 ], [ 18.816999636363647, 45.913111545454548 ], [ 18.832353636363649, 45.875509545454541 ], [ 18.889854636363623, 45.825766545454549 ], [ 18.916665636363632, 45.815686545454547 ], [ 18.956661636363634, 45.782503545454539 ], [ 18.966894636363634, 45.664072545454538 ], [ 18.936384636363641, 45.628054545454539 ], [ 18.910419636363628, 45.620170545454549 ], [ 18.902238636363649, 45.573136545454538 ], [ 18.92918463636363, 45.544849545454547 ], [ 18.948723636363638, 45.537937545454547 ], [ 18.969666636363627, 45.539989545454539 ], [ 19.007088636363648, 45.561139545454544 ], [ 19.097925636363641, 45.51886654545455 ], [ 19.096017636363626, 45.498013545454548 ], [ 19.056399636363636, 45.487015545454547 ], [ 19.025574636363643, 45.497068545454546 ], [ 19.001085636363626, 45.489688545454548 ], [ 18.98126763636364, 45.382219545454539 ], [ 19.11249663636363, 45.298042545454543 ], [ 19.13860563636365, 45.287503545454548 ], [ 19.190202636363637, 45.270340545454538 ], [ 19.260519636363625, 45.247426545454537 ], [ 19.284999636363636, 45.243412545454539 ], [ 19.320333636363642, 45.23836354545454 ], [ 19.350564636363629, 45.234583545454548 ], [ 19.388967636363645, 45.235744545454544 ], [ 19.409208636363644, 45.235276545454546 ], [ 19.422762636363643, 45.236644545454546 ], [ 19.539987636363634, 45.256102545454546 ], [ 19.581378636363638, 45.213046545454539 ], [ 19.876659636363627, 45.267199545454538 ], [ 19.993326636363633, 45.183589545454545 ], [ 20.193324636363627, 45.182491545454546 ], [ 20.271435636363634, 45.123082545454544 ], [ 20.360274636363641, 45.028591545454539 ], [ 20.293881636363636, 44.984428545454541 ], [ 20.366385636363646, 44.87831854545454 ], [ 20.453253636363627, 44.837602545454551 ], [ 20.618331636363649, 44.85247954545455 ], [ 20.623056636363629, 44.772208545454539 ], [ 20.754987636363637, 44.671372545454538 ], [ 20.837769636363646, 44.660806545454541 ], [ 21.36423363636365, 44.826028545454541 ], [ 21.398667636363626, 44.783098545454543 ], [ 21.45361263636363, 44.776663545454547 ], [ 21.474717636363636, 44.777770545454551 ], [ 21.53374863636364, 44.777356545454545 ], [ 21.565554636363629, 44.771659545454547 ], [ 21.59694663636364, 44.755828545454541 ], [ 21.61560363636363, 44.710792545454545 ], [ 21.617709636363628, 44.682847545454543 ], [ 21.644232636363625, 44.660140545454546 ], [ 21.73416063636364, 44.655829545454544 ], [ 21.783606636363629, 44.66194954545454 ], [ 21.909165636363639, 44.649439545454548 ], [ 21.997005636363639, 44.633041545454539 ], [ 22.029162636363623, 44.593891545454547 ], [ 22.031259636363643, 44.589427545454548 ], [ 22.035417636363633, 44.559511545454548 ], [ 22.091667636363638, 44.498671545454549 ], [ 22.137495636363639, 44.480275545454539 ], [ 22.175484636363649, 44.483263545454541 ], [ 22.258608636363647, 44.585269545454544 ], [ 22.273323636363642, 44.60416054545454 ], [ 22.297776636363636, 44.635831545454543 ], [ 22.31159163636363, 44.65902454545455 ], [ 22.428816636363649, 44.71207954545455 ], [ 22.466112636363647, 44.713744545454539 ], [ 22.493472636363634, 44.699164545454543 ], [ 22.513893636363633, 44.679715545454549 ], [ 22.543053636363624, 44.658610545454543 ], [ 22.574445636363635, 44.638612545454542 ], [ 22.607286636363625, 44.622430545454542 ], [ 22.644447636363623, 44.61860554545455 ], [ 22.66584063636364, 44.61944254545454 ], [ 22.712775636363631, 44.605132545454545 ], [ 22.762509636363632, 44.552599545454548 ], [ 22.738893636363628, 44.533051545454548 ], [ 22.701183636363623, 44.523565545454538 ], [ 22.672500636363623, 44.528884545454538 ], [ 22.639029636363631, 44.54583154545454 ], [ 22.615422636363633, 44.551663545454538 ], [ 22.586244636363631, 44.547640545454549 ], [ 22.461531636363645, 44.483326545454538 ], [ 22.459929636363626, 44.461060545454551 ], [ 22.530003636363631, 44.345275545454548 ], [ 22.543323636363624, 44.329714545454543 ], [ 22.575615636363636, 44.305549545454546 ], [ 22.616673636363629, 44.298034545454549 ], [ 22.64110863636364, 44.294164545454542 ], [ 22.665273636363651, 44.288467545454544 ], [ 22.68777363636363, 44.27402254545455 ], [ 22.681437636363626, 44.224702545454541 ], [ 22.691661636363648, 44.215558545454549 ], [ 22.914582636363633, 44.11111354545455 ], [ 22.948323636363625, 44.104030545454542 ], [ 22.997445636363636, 44.100628545454548 ], [ 23.01277263636365, 44.096110545454543 ], [ 23.042985636363625, 44.072566545454542 ], [ 23.03763963636365, 44.050687545454544 ], [ 22.992234636363634, 44.013751545454546 ], [ 22.959429636363637, 44.01227554545455 ], [ 22.913403636363626, 44.000863545454543 ], [ 22.882218636363632, 43.984861545454542 ], [ 22.841961636363635, 43.896670545454548 ], [ 22.852545636363629, 43.860733545454544 ], [ 22.869303636363639, 43.845406545454544 ], [ 22.894449636363646, 43.836109545454541 ], [ 22.96694463636365, 43.816939545454538 ], [ 23.067528636363647, 43.802179545454543 ], [ 23.143191636363639, 43.809721545454543 ], [ 23.162109636363624, 43.818226545454543 ], [ 23.198604636363626, 43.831384545454547 ], [ 23.224497636363623, 43.838665545454539 ], [ 23.262072636363627, 43.847782545454542 ], [ 23.28360963636365, 43.85082454545455 ], [ 23.42267763636363, 43.855702545454541 ], [ 23.446662636363641, 43.851112545454548 ], [ 23.511516636363638, 43.83655054545455 ], [ 23.533701636363645, 43.822429545454547 ], [ 23.570268636363636, 43.806940545454545 ], [ 23.607078636363639, 43.797355545454543 ], [ 23.629722636363624, 43.794997545454542 ], [ 23.774163636363625, 43.78832854545454 ], [ 23.987499636363623, 43.744165545454543 ], [ 24.067977636363651, 43.720630545454547 ], [ 24.116082636363643, 43.699912545454545 ], [ 24.155619636363639, 43.689913545454552 ], [ 24.189234636363636, 43.684927545454549 ], [ 24.224163636363642, 43.689436545454548 ], [ 24.257220636363627, 43.694449545454539 ], [ 24.286389636363623, 43.697491545454547 ], [ 24.30778263636364, 43.697491545454547 ], [ 24.319707636363631, 43.696636545454545 ], [ 24.355275636363643, 43.696870545454551 ], [ 24.405270636363639, 43.71972154545454 ], [ 24.43860663636363, 43.736380545454544 ], [ 24.457776636363633, 43.744714545454549 ], [ 24.501795636363624, 43.761247545454545 ], [ 24.528606636363634, 43.761112545454544 ], [ 24.562500636363637, 43.759159545454544 ], [ 24.605826636363645, 43.751518545454537 ], [ 24.68692563636364, 43.718380545454544 ], [ 24.714159636363632, 43.71471754545454 ], [ 24.793611636363636, 43.712773545454546 ], [ 24.881379636363647, 43.712215545454548 ], [ 25.022751636363637, 43.710190545454545 ], [ 25.224720636363628, 43.687483545454548 ], [ 25.268604636363648, 43.675270545454545 ], [ 25.314441636363625, 43.652221545454545 ], [ 25.344159636363628, 43.633465545454548 ], [ 25.378782636363638, 43.623313545454543 ], [ 25.432062636363639, 43.627930545454539 ], [ 25.463850636363645, 43.639207545454546 ], [ 25.531935636363642, 43.643599545454542 ], [ 25.60916463636363, 43.662211545454547 ], [ 25.681335636363627, 43.69042654545455 ], [ 25.735308636363641, 43.694602545454551 ], [ 25.766529636363629, 43.703323545454545 ], [ 25.78694163636365, 43.713052545454538 ], [ 25.884564636363649, 43.793017545454539 ], [ 25.942776636363647, 43.848475545454541 ], [ 26.085282636363644, 43.949716545454542 ], [ 26.111661636363635, 43.968319545454541 ], [ 26.13638463636363, 43.982773545454542 ], [ 26.301939636363642, 44.030815545454551 ], [ 26.386665636363631, 44.04387454545455 ], [ 26.413035636363645, 44.043127545454546 ], [ 26.438415636363629, 44.041309545454546 ], [ 26.478609636363643, 44.049427545454542 ], [ 26.67110163636363, 44.071936545454541 ], [ 26.794716636363631, 44.095273545454539 ], [ 26.840823636363638, 44.115550545454546 ], [ 26.890206636363644, 44.131993545454542 ], [ 26.913399636363636, 44.136124545454543 ], [ 27.036429636363636, 44.147338545454538 ], [ 27.111111636363631, 44.140831545454539 ], [ 27.16584063636364, 44.12998654545455 ], [ 27.193596636363623, 44.123317545454547 ], [ 27.230271636363625, 44.120824545454546 ], [ 27.250548636363646, 44.12498254545455 ], [ 27.26662263636365, 44.130184545454547 ], [ 27.274389636363622, 44.130706545454551 ], [ 27.960270636363646, 44.271376545454551 ], [ 28.111101636363628, 44.435815545454538 ], [ 28.070268636363636, 44.504989545454542 ], [ 28.008609636363644, 44.519434545454551 ], [ 28.036104636363632, 44.619424545454542 ], [ 27.876696636363647, 44.740321545454542 ], [ 27.857931636363645, 44.759086545454544 ], [ 27.817215636363642, 44.81414854545455 ], [ 27.894435636363625, 44.954152545454541 ], [ 27.976821636363638, 45.289699545454546 ], [ 28.032162636363637, 45.39817654545454 ], [ 28.21420563636363, 45.449035545454542 ], [ 28.214835636363631, 45.449134545454548 ], [ 28.215627636363649, 45.448936545454551 ], [ 28.216383636363645, 45.448738545454539 ], [ 28.226985636363651, 45.449377545454546 ], [ 28.279239636363627, 45.428947545454541 ], [ 28.285377636363648, 45.395188545454538 ], [ 28.299165636363625, 45.362635545454545 ], [ 28.317849636363633, 45.337147545454549 ], [ 28.343328636363623, 45.315538545454551 ], [ 28.375827636363624, 45.300544545454549 ], [ 28.574718636363627, 45.242764545454541 ], [ 28.700808636363632, 45.220093545454539 ], [ 28.730598636363624, 45.225583545454548 ], [ 28.735557636363637, 45.224989545454541 ], [ 28.876596636363644, 45.172195545454549 ] ], [ [ 28.730598636363624, 45.225583545454548 ], [ 28.797603636363647, 45.237949545454548 ], [ 28.848606636363627, 45.30165154545454 ], [ 28.968054636363632, 45.32110954545454 ], [ 29.221665636363639, 45.425824545454539 ], [ 29.321529636363636, 45.439018545454537 ], [ 29.411385636363633, 45.435814545454541 ], [ 29.510826636363646, 45.41067754545454 ], [ 29.580693636363634, 45.38901454545455 ], [ 29.603337636363648, 45.376936545454548 ], [ 29.640975636363635, 45.346381545454541 ], [ 29.654997636363646, 45.327760545454545 ], [ 29.669028636363635, 45.294568545454545 ], [ 29.672214636363634, 45.272212545454543 ], [ 29.664330636363644, 45.211795545454542 ] ], [ [ 28.876596636363644, 45.172195545454549 ], [ 28.953600636363632, 45.194983545454541 ], [ 29.017491636363644, 45.168586545454538 ], [ 29.548041636363649, 45.178036545454539 ], [ 29.646618636363627, 45.156319545454544 ] ], [ [ 28.876596636363644, 45.172195545454549 ], [ 29.134716636363635, 45.071656545454537 ], [ 29.178600636363626, 45.10860154545454 ], [ 29.215545636363629, 45.072763545454542 ], [ 29.19083163636364, 45.049156545454544 ], [ 29.617422636363642, 44.883250545454551 ] ] ] } },
{ "type": "Feature", "properties": { "NAME": "Dnieper", "SYSTEM": null, "MILES": 1510.29877, "KILOMETERS": 2430.59512 }, "geometry": { "type": "LineString", "coordinates": [ [ 32.641620636363626, 46.642282545454542 ], [ 32.662797636363649, 46.660858545454538 ], [ 32.684784636363645, 46.669813545454538 ], [ 32.960724636363636, 46.740625545454542 ], [ 33.147132636363636, 46.78458154545455 ], [ 33.212247636363628, 46.778074545454551 ], [ 33.247257636363628, 46.767490545454542 ], [ 33.273303636363636, 46.76423254545454 ], [ 33.295281636363626, 46.763431545454544 ], [ 33.318069636363646, 46.765042545454541 ], [ 33.340047636363636, 46.771567545454538 ], [ 33.362025636363626, 46.782142545454541 ], [ 33.392967636363636, 46.801681545454549 ], [ 33.414126636363648, 46.817143545454549 ], [ 33.436914636363639, 46.825288545454548 ], [ 33.477621636363637, 46.829356545454552 ], [ 33.550881636363641, 46.82854654545455 ], [ 33.579375636363636, 46.832605545454548 ], [ 33.619245636363644, 46.868425545454549 ], [ 33.640422636363638, 46.900168545454541 ], [ 33.659952636363641, 46.943305545454542 ], [ 33.665649636363639, 46.966930545454538 ], [ 33.67949163636365, 46.992157545454539 ], [ 33.812160636363643, 47.11913854545454 ], [ 33.904959636363628, 47.198095545454542 ], [ 33.970092636363631, 47.265667545454541 ], [ 33.997758636363642, 47.301469545454545 ], [ 34.005291636363637, 47.327524545454544 ], [ 34.006722636363634, 47.367412545454549 ], [ 34.004274636363647, 47.392648545454541 ], [ 33.980667636363648, 47.461840545454542 ], [ 33.99387963636363, 47.491936545454543 ], [ 34.048608636363639, 47.481370545454546 ], [ 34.105272636363651, 47.474710545454549 ], [ 34.152774636363631, 47.47276654545454 ], [ 34.163322636363631, 47.473603545454544 ], [ 34.203480636363651, 47.478409545454547 ], [ 34.431108636363632, 47.518882545454538 ], [ 34.45387863636364, 47.524705545454545 ], [ 34.526940636363634, 47.549986545454551 ], [ 34.559718636363641, 47.563612545454539 ], [ 34.577772636363648, 47.568328545454541 ], [ 34.588329636363625, 47.569165545454545 ], [ 34.644714636363631, 47.563612545454539 ], [ 34.673046636363637, 47.556655545454539 ], [ 34.723599636363645, 47.540275545454541 ], [ 34.755828636363646, 47.535001545454541 ], [ 34.863324636363643, 47.523049545454548 ], [ 34.892772636363645, 47.521933545454552 ], [ 34.90778463636363, 47.523814545454549 ], [ 34.990026636363638, 47.518819545454541 ], [ 35.046195636363649, 47.518819545454541 ], [ 35.075499636363645, 47.522878545454539 ], [ 35.117007636363638, 47.553811545454543 ], [ 35.134098636363632, 47.569282545454548 ], [ 35.14632063636364, 47.59207054545454 ], [ 35.156085636363628, 47.624632545454539 ], [ 35.16014463636364, 47.663701545454551 ], [ 35.16014463636364, 47.69382454545454 ], [ 35.155266636363649, 47.744287545454547 ], [ 35.121084636363634, 47.795578545454539 ], [ 35.100744636363629, 47.81606254545455 ], [ 35.098305636363648, 47.83724854545455 ], [ 35.103192636363644, 47.862520545454551 ], [ 35.12517963636364, 47.952187545454542 ], [ 35.130057636363631, 47.964337545454548 ], [ 35.145006636363632, 48.000022545454549 ], [ 35.07646263636363, 48.07364254545454 ], [ 35.140137636363647, 48.116347545454538 ], [ 35.162565636363638, 48.120694545454548 ], [ 35.17703763636365, 48.12647254545454 ], [ 35.183544636363649, 48.132268545454544 ], [ 35.195118636363645, 48.221998545454547 ], [ 35.190042636363643, 48.239368545454546 ], [ 35.14153263636365, 48.363109545454542 ], [ 35.129229636363647, 48.37975954545454 ], [ 35.095200636363643, 48.399316545454546 ], [ 35.093040636363639, 48.405823545454545 ], [ 35.093751636363635, 48.445630545454542 ], [ 34.999998636363642, 48.476203545454545 ], [ 34.958562636363638, 48.486769545454543 ], [ 34.908414636363631, 48.49486054545455 ], [ 34.869579636363625, 48.488389545454545 ], [ 34.834002636363635, 48.478687545454541 ], [ 34.808118636363645, 48.477067545454538 ], [ 34.596186636363626, 48.545008545454543 ], [ 34.482957636363636, 48.603247545454543 ], [ 34.437660636363631, 48.62914054545454 ], [ 34.303389636363647, 48.70032154545455 ], [ 34.143054636363644, 48.779161545454549 ], [ 33.948600636363636, 48.853609545454539 ], [ 33.839718636363642, 48.906385545454548 ], [ 33.819720636363627, 48.913315545454545 ], [ 33.771939636363641, 48.923611545454541 ], [ 33.719388636363647, 48.926788545454549 ], [ 33.677331636363647, 48.93973954545455 ], [ 33.640116636363643, 48.954292545454543 ], [ 33.567324636363651, 48.997969545454545 ], [ 33.387756636363633, 49.065919545454541 ], [ 33.352170636363638, 49.072390545454546 ], [ 33.334368636363649, 49.074010545454549 ], [ 33.303633636363628, 49.072390545454546 ], [ 33.23731263636364, 49.074010545454549 ], [ 33.18159363636363, 49.088437545454546 ], [ 33.17415963636364, 49.101388545454547 ], [ 33.158598636363649, 49.118047545454552 ], [ 33.149436636363646, 49.125544545454538 ], [ 33.075825636363646, 49.167205545454543 ], [ 33.058329636363624, 49.174999545454547 ], [ 32.941374636363633, 49.213330545454546 ], [ 32.82860463636365, 49.249438545454545 ], [ 32.789202636363626, 49.261651545454548 ], [ 32.734203636363645, 49.268131545454544 ], [ 32.574048636363642, 49.298875545454543 ], [ 32.488296636363629, 49.342543545454539 ], [ 32.421984636363646, 49.373278545454546 ], [ 32.34432363636364, 49.404022545454545 ], [ 32.258589636363638, 49.423435545454545 ], [ 32.072550636363644, 49.492996545454538 ], [ 31.960932636363623, 49.543144545454545 ], [ 31.933437636363635, 49.547995545454548 ], [ 31.839603636363648, 49.54961554545455 ], [ 31.829901636363644, 49.556077545454549 ], [ 31.815339636363632, 49.56902854545455 ], [ 31.80562863636365, 49.583590545454548 ], [ 31.76843163636363, 49.619185545454549 ], [ 31.752249636363644, 49.628878545454548 ], [ 31.716663636363648, 49.628878545454548 ], [ 31.671366636363643, 49.633738545454541 ], [ 31.648704636363647, 49.640209545454546 ], [ 31.630920636363641, 49.648291545454548 ], [ 31.617969636363625, 49.656391545454547 ], [ 31.509591636363638, 49.729183545454539 ], [ 31.478856636363645, 49.758298545454544 ], [ 31.470765636363637, 49.789033545454551 ], [ 31.480476636363647, 49.831099545454542 ], [ 31.490169636363646, 49.911982545454542 ], [ 31.483698636363641, 49.960519545454538 ], [ 31.448121636363624, 49.986403545454543 ], [ 31.42061763636363, 49.997716545454544 ], [ 31.389882636363637, 50.002576545454538 ], [ 31.357527636363642, 50.002576545454538 ], [ 31.330023636363649, 49.996096545454542 ], [ 31.300899636363624, 49.97831254545455 ], [ 31.242660636363638, 49.968610545454546 ], [ 31.173108636363651, 49.968610545454546 ], [ 31.071183636363628, 49.986403545454543 ], [ 31.040457636363641, 50.002576545454538 ], [ 30.977358636363647, 50.044633545454538 ], [ 30.95309463636363, 50.076988545454547 ], [ 30.915879636363627, 50.099632545454547 ], [ 30.889995636363636, 50.114203545454551 ], [ 30.857658636363624, 50.12713654545454 ], [ 30.807492636363634, 50.141698545454538 ], [ 30.775146636363644, 50.154640545454548 ], [ 30.691014636363633, 50.230672545454546 ], [ 30.673230636363627, 50.250094545454552 ], [ 30.585570636363627, 50.402293545454548 ], [ 30.513075636363624, 50.575966545454541 ], [ 30.524397636363631, 50.596279545454543 ], [ 30.469389636363644, 50.66584054545455 ], [ 30.459678636363634, 50.686873545454539 ], [ 30.458076636363643, 50.719228545454548 ], [ 30.458076636363643, 50.785558545454542 ], [ 30.488811636363636, 50.869672545454542 ], [ 30.506595636363642, 50.898787545454546 ], [ 30.516306636363623, 51.005563545454542 ], [ 30.531111636363647, 51.172216545454539 ], [ 30.531660636363625, 51.180271545454538 ], [ 30.530553636363635, 51.187759545454547 ], [ 30.518970636363633, 51.21765754545455 ], [ 30.549750636363626, 51.25266754545455 ], [ 30.552117636363647, 51.255349545454543 ], [ 30.553035636363632, 51.25639354545455 ], [ 30.567768636363638, 51.297775545454549 ], [ 30.615828636363631, 51.32388454545454 ], [ 30.642612636363623, 51.33120154545454 ], [ 30.64374663636363, 51.368884545454542 ], [ 30.586380636363629, 51.48915154545454 ], [ 30.553890636363633, 51.54193654545454 ], [ 30.564996636363645, 51.643330545454539 ], [ 30.62597163636363, 51.707905545454544 ], [ 30.666939636363651, 51.801109545454544 ], [ 30.662079636363643, 51.821656545454552 ], [ 30.746940636363632, 51.895276545454543 ], [ 30.800301636363628, 51.930970545454549 ], [ 30.798528636363642, 51.94915054545455 ], [ 30.725268636363637, 52.082764545454545 ], [ 30.514155636363625, 52.254439545454538 ], [ 30.554439636363639, 52.318600545454551 ], [ 30.346377636363627, 52.396657545454538 ], [ 30.368607636363635, 52.438588545454543 ], [ 30.269715636363628, 52.49414554545455 ], [ 30.24278763636363, 52.554220545454548 ], [ 30.282774636363627, 52.548046545454547 ], [ 30.26277663636364, 52.630252545454546 ], [ 30.129162636363645, 52.711099545454552 ], [ 30.016662636363634, 53.041093545454551 ], [ 30.090003636363633, 53.110267545454541 ], [ 30.238044636363639, 53.080819545454538 ], [ 30.246081636363641, 53.231623545454546 ], [ 30.376932636363648, 53.260819545454545 ], [ 30.371037636363639, 53.29081654545454 ], [ 30.260814636363648, 53.541655545454539 ], [ 30.278877636363632, 53.865259545454542 ], [ 30.447204636363637, 53.901646545454547 ], [ 30.283611636363645, 54.318040545454544 ], [ 30.404715636363647, 54.430549545454546 ], [ 30.387768636363631, 54.46803454545455 ], [ 30.489711636363637, 54.557764545454539 ], [ 30.583050636363623, 54.534715545454539 ], [ 30.760269636363631, 54.636658545454544 ], [ 31.013115636363636, 54.66999454545455 ], [ 31.305840636363627, 54.708586545454544 ], [ 31.494426636363642, 54.659707545454545 ], [ 31.64027163636365, 54.72525454545454 ], [ 31.981992636363628, 54.78140554545454 ], [ 32.217486636363645, 54.750265545454546 ], [ 32.342478636363637, 54.66804154545455 ], [ 32.499438636363635, 54.66831154545455 ], [ 32.688870636363646, 54.891925545454548 ], [ 33.006102636363636, 55.01359654545454 ], [ 33.277947636363649, 54.911959545454543 ], [ 33.417762636363648, 54.92860054545455 ], [ 33.447489636363628, 55.103875545454549 ], [ 33.566100636363643, 55.252762545454551 ], [ 33.568881636363642, 55.547485545454542 ], [ 33.75416463636364, 55.540267545454547 ], [ 33.904986636363645, 55.729141545454546 ], [ 33.781659636363628, 55.76525854545455 ], [ 33.848043636363627, 55.813876545454541 ], [ 33.734157636363648, 55.869424545454542 ] ] } },
{ "type": "Feature", "properties": { "NAME": "Don", "SYSTEM": null, "MILES": 1368.31818, "KILOMETERS": 2202.09906 }, "geometry": { "type": "LineString", "coordinates": [ [ 38.306643636363646, 54.063601545454539 ], [ 38.550543636363642, 53.839699545454543 ], [ 38.526378636363631, 53.716930545454538 ], [ 38.600826636363649, 53.711647545454547 ], [ 38.843034636363626, 53.589427545454548 ], [ 38.974992636363623, 53.582200545454548 ], [ 39.03555363636363, 53.54304154545455 ], [ 38.991930636363634, 53.469979545454542 ], [ 39.147477636363647, 53.439415545454544 ], [ 39.165261636363624, 53.21109454545455 ], [ 39.116103636363647, 53.189422545454541 ], [ 39.180543636363637, 53.094697545454544 ], [ 39.145533636363638, 52.990261545454551 ], [ 39.121098636363627, 52.935523545454551 ], [ 39.003045636363623, 52.877212545454547 ], [ 39.017202636363635, 52.794439545454544 ], [ 38.897205636363623, 52.725535545454541 ], [ 38.942763636363651, 52.644706545454547 ], [ 38.885550636363632, 52.521370545454538 ], [ 38.934978636363638, 52.467757545454539 ], [ 38.89971663636365, 52.372474545454544 ], [ 38.856651636363637, 52.353322545454539 ], [ 38.782761636363631, 52.375543545454541 ], [ 38.814990636363632, 52.329994545454547 ], [ 39.014997636363631, 52.315540545454546 ], [ 38.943600636363641, 52.270261545454538 ], [ 39.143319636363628, 52.149706545454542 ], [ 39.171102636363628, 52.061101545454541 ], [ 39.095826636363626, 52.048600545454541 ], [ 39.101622636363629, 52.008361545454541 ], [ 39.154704636363647, 51.896653545454548 ], [ 39.058872636363645, 51.767197545454543 ], [ 39.056370636363624, 51.638884545454538 ], [ 39.004989636363632, 51.596647545454552 ], [ 39.076098636363639, 51.517492545454552 ], [ 39.011658636363649, 51.458038545454549 ], [ 39.035814636363625, 51.400537545454547 ], [ 39.202206636363627, 51.28776754545455 ], [ 39.174162636363633, 51.214147545454544 ], [ 39.27998463636365, 51.173314545454538 ], [ 39.281370636363647, 51.139708545454546 ], [ 39.143598636363635, 51.089713545454551 ], [ 39.120828636363626, 51.043318545454547 ], [ 39.160536636363645, 50.984152545454542 ], [ 39.801093636363646, 50.974981545454547 ], [ 39.753870636363644, 50.929423545454547 ], [ 39.854157636363624, 50.795818545454544 ], [ 39.770817636363631, 50.786935545454547 ], [ 39.759432636363641, 50.696089545454548 ], [ 39.920820636363629, 50.623873545454551 ], [ 39.874704636363646, 50.565265545454544 ], [ 40.097769636363637, 50.43719554545455 ], [ 39.967755636363648, 50.290261545454548 ], [ 40.046946636363629, 50.203600545454542 ], [ 39.985818636363632, 50.09443054545455 ], [ 40.196841636363644, 50.087491545454547 ], [ 40.348869636363645, 50.052760545454539 ], [ 40.41499263636365, 50.072767545454546 ], [ 40.379424636363638, 50.13582154545454 ], [ 40.424433636363631, 50.168869545454548 ], [ 40.539426636363629, 50.09858854545454 ], [ 40.648875636363641, 49.923322545454546 ], [ 40.829424636363626, 49.969429545454538 ], [ 40.821657636363625, 49.93359154545454 ], [ 40.900821636363645, 49.908040545454547 ], [ 40.929981636363635, 49.790545545454542 ], [ 41.20277163636365, 49.755814545454548 ], [ 41.299161636363635, 49.660540545454545 ], [ 41.239716636363625, 49.639156545454547 ], [ 41.29915263636363, 49.575814545454541 ], [ 41.706645636363646, 49.622209545454545 ], [ 41.757765636363644, 49.586641545454547 ], [ 41.925264636363636, 49.579990545454542 ], [ 41.990532636363639, 49.620265545454551 ], [ 42.318546636363635, 49.590385545454545 ], [ 42.757206636363634, 49.586101545454547 ], [ 42.79999263636364, 49.526089545454546 ], [ 42.769437636363648, 49.489981545454548 ], [ 42.914985636363639, 49.41776554545455 ], [ 43.00971063636365, 49.424713545454544 ], [ 43.007496636363641, 49.36054354545454 ], [ 43.126368636363651, 49.307209545454548 ], [ 43.293597636363643, 49.374979545454543 ], [ 43.314990636363632, 49.468039545454538 ], [ 43.547316636363632, 49.504876545454543 ], [ 43.577286636363624, 49.492033545454539 ], [ 43.590138636363633, 49.483465545454543 ], [ 43.620099636363648, 49.453513545454548 ], [ 43.680039636363631, 49.389289545454538 ], [ 43.692873636363629, 49.37216254545455 ], [ 43.705716636363633, 49.333642545454545 ], [ 43.701432636363648, 49.32079054545455 ], [ 43.671471636363634, 49.27797754545454 ], [ 43.692873636363629, 49.230889545454538 ], [ 43.697157636363642, 49.222330545454547 ], [ 43.748529636363628, 49.18380154545455 ], [ 43.765656636363644, 49.175233545454539 ], [ 43.778499636363648, 49.175233545454539 ], [ 43.799901636363643, 49.188085545454548 ], [ 43.825578636363645, 49.200928545454538 ], [ 43.851273636363629, 49.209487545454543 ], [ 43.885518636363628, 49.218046545454548 ], [ 43.902645636363644, 49.218046545454548 ], [ 43.992546636363642, 49.18380154545455 ], [ 44.00538063636364, 49.170958545454546 ], [ 44.001114636363639, 49.158115545454542 ], [ 43.966860636363634, 49.128145545454551 ], [ 43.932615636363636, 49.07677354545455 ], [ 43.945458636363639, 49.029685545454548 ], [ 43.932615636363636, 49.008283545454539 ], [ 43.898370636363637, 48.965470545454544 ], [ 43.876959636363637, 48.948343545454541 ], [ 43.812753636363624, 48.926932545454541 ], [ 43.671471636363634, 48.926932545454541 ], [ 43.650060636363634, 48.92266654545454 ], [ 43.63721763636363, 48.909805545454539 ], [ 43.624383636363632, 48.892678545454551 ], [ 43.607256636363644, 48.854167545454551 ], [ 43.598688636363647, 48.841315545454542 ], [ 43.555884636363629, 48.815629545454549 ], [ 43.487394636363632, 48.785659545454543 ], [ 43.465992636363637, 48.768541545454546 ], [ 43.457424636363641, 48.755698545454543 ], [ 43.457424636363641, 48.738571545454541 ], [ 43.465992636363637, 48.712894545454539 ], [ 43.483110636363648, 48.68719954545454 ], [ 43.538757636363641, 48.640111545454538 ], [ 43.525914636363638, 48.614425545454544 ], [ 43.504512636363643, 48.584455545454539 ], [ 43.465992636363637, 48.537367545454551 ], [ 43.440297636363624, 48.511681545454543 ], [ 43.401768636363641, 48.477436545454545 ], [ 43.303299636363647, 48.417496545454547 ], [ 43.187721636363648, 48.366124545454547 ], [ 43.153476636363649, 48.331879545454548 ], [ 43.123506636363629, 48.297625545454544 ], [ 42.977958636363638, 48.092146545454547 ], [ 42.947970636363635, 48.036490545454548 ], [ 42.916866636363636, 47.970079545454546 ], [ 42.885105636363647, 47.905828545454547 ], [ 42.823644636363639, 47.857867545454546 ], [ 42.767565636363628, 47.818069545454541 ], [ 42.619695636363645, 47.763970545454548 ], [ 42.560556636363629, 47.748661545454546 ], [ 42.491112636363624, 47.737438545454545 ], [ 42.421317636363625, 47.733343545454538 ], [ 42.365148636363642, 47.733343545454538 ], [ 42.321264636363651, 47.70477754545454 ], [ 42.276363636363641, 47.670100545454538 ], [ 42.183564636363627, 47.636458545454538 ], [ 42.108108636363625, 47.597686545454543 ], [ 41.966925636363641, 47.536369545454541 ], [ 41.436924636363642, 47.611375545454543 ], [ 41.352477636363631, 47.551372545454548 ], [ 41.016651636363633, 47.546098545454548 ], [ 41.023032636363638, 47.599711545454547 ], [ 40.925823636363646, 47.588695545454549 ], [ 40.467759636363638, 47.451103545454551 ], [ 40.253073636363638, 47.241853545454539 ], [ 40.231779636363626, 47.237731545454544 ], [ 40.163460636363624, 47.228551545454543 ], [ 40.049250636363638, 47.218354545454538 ], [ 39.998265636363641, 47.226508545454543 ], [ 39.890175636363637, 47.222440545454539 ], [ 39.756588636363631, 47.201020545454547 ], [ 39.570990636363632, 47.16940354545455 ], [ 39.561819636363623, 47.161249545454545 ], [ 39.558759636363646, 47.152069545454545 ], [ 39.54345963636365, 47.136769545454548 ], [ 39.444549636363632, 47.108230545454539 ], [ 39.397632636363625, 47.106178545454547 ], [ 39.294960636363641, 47.117383545454551 ] ] } },
{ "type": "Feature", "properties": { "NAME": "Rhine", "SYSTEM": null, "MILES": 1099.95255, "KILOMETERS": 1770.20557 }, "geometry": { "type": "MultiLineString", "coordinates": [ [ [ 4.103277636363629, 51.985735545454538 ], [ 4.326117636363648, 51.893602545454549 ], [ 4.697772636363624, 51.893872545454549 ], [ 5.006121636363645, 51.978319545454546 ], [ 5.784918636363642, 51.959257545454541 ], [ 5.901675636363649, 51.976375545454552 ], [ 6.039915636363645, 51.868546545454542 ], [ 5.869446636363648, 51.85053754545455 ], [ 5.795259636363625, 51.869689545454541 ], [ 5.661393636363641, 51.897211545454546 ], [ 5.469171636363626, 51.889156545454547 ], [ 5.357778636363633, 51.808318545454547 ], [ 4.93916163636365, 51.826381545454545 ], [ 4.787259636363643, 51.796096545454539 ], [ 4.736661636363635, 51.759439545454548 ], [ 4.707771636363645, 51.741097545454544 ], [ 4.680915636363636, 51.729640545454551 ], [ 4.59444363636365, 51.701380545454548 ], [ 4.334442636363633, 51.655273545454541 ], [ 4.322499636363631, 51.653329545454547 ], [ 4.278894636363646, 51.650269545454542 ], [ 4.235838636363638, 51.651664545454544 ], [ 4.205535636363635, 51.652276545454548 ] ], [ [ 6.039915636363645, 51.868546545454542 ], [ 6.095697636363639, 51.850654545454539 ], [ 6.416664636363635, 51.74775754545454 ], [ 6.41888763636365, 51.714988545454538 ], [ 6.599166636363634, 51.646651545454539 ], [ 6.600273636363625, 51.567487545454547 ], [ 6.676116636363645, 51.571924545454543 ], [ 6.720000636363636, 51.505261545454552 ], [ 6.65638863636363, 51.350821545454544 ], [ 6.768051636363623, 51.227197545454551 ], [ 6.720279636363642, 51.225532545454548 ], [ 6.735273636363644, 51.184708545454548 ], [ 6.852777636363641, 51.15498154545454 ], [ 6.852777636363641, 51.076933545454544 ], [ 6.947772636363624, 51.037207545454542 ], [ 6.974997636363639, 50.907481545454552 ], [ 7.051110636363632, 50.879968545454538 ], [ 6.978606636363622, 50.843869545454545 ], [ 7.203336636363645, 50.653312545454547 ], [ 7.211391636363629, 50.588314545454544 ], [ 7.394721636363641, 50.441929545454549 ], [ 7.548054636363645, 50.419699545454542 ], [ 7.61081163636365, 50.381431545454539 ], [ 7.589166636363643, 50.318602545454546 ], [ 7.644165636363624, 50.255818545454538 ], [ 7.583055636363639, 50.237197545454542 ], [ 7.722501636363631, 50.148034545454543 ], [ 7.722501636363631, 50.11081954545454 ], [ 7.771524636363637, 50.053444545454546 ], [ 7.874583636363639, 49.974019545454546 ], [ 7.909602636363644, 49.972885545454538 ], [ 7.970847636363629, 49.98008554545455 ], [ 8.118321636363646, 50.01992854545454 ], [ 8.179782636363626, 50.032906545454544 ], [ 8.207682636363643, 50.032663545454547 ], [ 8.237319636363623, 50.025832545454541 ], [ 8.317725636363633, 49.976557545454547 ], [ 8.338173636363649, 49.954399545454542 ], [ 8.418327636363642, 49.769116545454544 ], [ 8.362239636363626, 49.692283545454551 ], [ 8.370870636363634, 49.63642954545454 ], [ 8.384469636363633, 49.616098545454541 ], [ 8.414997636363637, 49.585003545454548 ], [ 8.42025363636364, 49.581637545454548 ], [ 8.425959636363643, 49.534225545454539 ], [ 8.447820636363645, 49.457311545454552 ], [ 8.488851636363648, 49.440562545454547 ], [ 8.493261636363627, 49.367968545454538 ], [ 8.457360636363632, 49.277077545454539 ], [ 8.390409636363643, 49.230115545454545 ], [ 8.378385636363646, 49.187671545454542 ], [ 8.368647636363647, 49.13620054545455 ], [ 8.36139363636363, 49.116112545454548 ], [ 8.361240636363647, 49.115770545454545 ], [ 8.352555636363633, 49.096879545454549 ], [ 8.291355636363647, 49.008022545454544 ], [ 8.273319636363624, 48.986908545454547 ], [ 8.244960636363629, 48.969286545454544 ], [ 8.226078636363638, 48.964417545454545 ], [ 8.198340636363639, 48.955417545454544 ], [ 8.137500636363626, 48.893191545454549 ], [ 8.121660636363629, 48.865003545454549 ], [ 8.111391636363635, 48.843610545454546 ], [ 8.105136636363625, 48.819445545454549 ], [ 8.092221636363632, 48.803596545454546 ], [ 7.961946636363649, 48.72416254545454 ], [ 7.88000163636363, 48.664159545454545 ], [ 7.80221463636363, 48.575824545454545 ], [ 7.745397636363634, 48.424948545454548 ], [ 7.736667636363649, 48.394024545454549 ], [ 7.743057636363631, 48.371110545454549 ], [ 7.748709636363628, 48.33579454545454 ], [ 7.693332636363635, 48.276385545454538 ], [ 7.607724636363628, 48.164182545454544 ], [ 7.578384636363637, 48.117202545454539 ], [ 7.569312636363634, 48.08721454545455 ], [ 7.570491636363641, 48.044113545454543 ], [ 7.583892636363629, 48.027220545454547 ], [ 7.619766636363636, 47.99653054545454 ], [ 7.623186636363641, 47.973058545454542 ], [ 7.584162636363629, 47.90332654545454 ], [ 7.557216636363648, 47.862781545454546 ], [ 7.526661636363627, 47.78805454545455 ], [ 7.512081636363632, 47.695138545454547 ], [ 7.527633636363646, 47.662423545454551 ], [ 7.564164636363643, 47.639167545454548 ], [ 7.588761636363643, 47.598919545454542 ], [ 7.588275636363647, 47.584483545454539 ], [ 7.621107636363632, 47.561101545454541 ], [ 7.656108636363626, 47.550553545454541 ], [ 7.697220636363625, 47.543326545454541 ], [ 7.769715636363628, 47.553325545454548 ], [ 7.917711636363634, 47.55422554545455 ], [ 8.033334636363634, 47.556106545454547 ], [ 8.101833636363637, 47.571073545454546 ], [ 8.195766636363629, 47.62034854545454 ], [ 8.240838636363634, 47.619439545454547 ], [ 8.289096636363638, 47.609089545454545 ], [ 8.390832636363626, 47.579992545454552 ], [ 8.435832636363642, 47.573611545454547 ], [ 8.56194063636363, 47.564431545454546 ], [ 8.576421636363648, 47.59136854545455 ], [ 8.593053636363635, 47.600557545454542 ], [ 8.624967636363635, 47.656213545454541 ], [ 8.617722636363624, 47.66188354545455 ], [ 8.638890636363641, 47.698864545454548 ], [ 8.720214636363636, 47.69662354545455 ], [ 8.753334636363633, 47.693608545454545 ], [ 8.800134636363623, 47.68172854545454 ], [ 8.88330363636365, 47.654152545454544 ], [ 8.898891636363629, 47.650831545454544 ], [ 8.925972636363639, 47.651803545454548 ], [ 8.947770636363629, 47.65749154545454 ], [ 8.979441636363646, 47.670136545454547 ], [ 9.000834636363635, 47.680828545454538 ], [ 9.033333636363636, 47.688325545454539 ], [ 9.082635636363648, 47.68540954545454 ], [ 9.261087636363641, 47.662846545454549 ], [ 9.478320636363634, 47.575852545454545 ], [ 9.566727636363623, 47.540455545454542 ], [ 9.559797636363641, 47.502088545454548 ], [ 9.596598636363638, 47.469436545454549 ], [ 9.649653636363638, 47.458609545454543 ], [ 9.670344636363637, 47.39068654545455 ], [ 9.637359636363641, 47.369581545454544 ], [ 9.610962636363638, 47.362228545454549 ], [ 9.539997636363637, 47.284162545454542 ], [ 9.533571636363632, 47.274541545454547 ], [ 9.49680663636363, 47.223331545454549 ], [ 9.484998636363628, 47.196241545454548 ], [ 9.487077636363637, 47.172634545454549 ], [ 9.502080636363644, 47.146813545454542 ], [ 9.511737636363648, 47.105971545454544 ], [ 9.474639636363634, 47.057452545454545 ], [ 9.548610636363634, 46.965256545454544 ], [ 9.51387963636364, 46.868317545454538 ], [ 9.412575636363641, 46.82956354545454 ], [ 8.657502636363631, 46.637485545454545 ] ] ] } },
{ "type": "Feature", "properties": { "NAME": "Volga", "SYSTEM": null, "MILES": 3074.71187, "KILOMETERS": 4948.279 }, "geometry": { "type": "LineString", "coordinates": [ [ 32.596935636363639, 57.245812545454548 ], [ 32.603604636363627, 57.155533545454539 ], [ 32.694432636363643, 57.061096545454539 ], [ 32.69581863636364, 56.944699545454547 ], [ 32.811657636363634, 56.919157545454546 ], [ 33.149985636363624, 56.932207545454538 ], [ 33.693306636363644, 56.764438545454546 ], [ 33.734166636363625, 56.673871545454539 ], [ 33.830268636363627, 56.66608654545454 ], [ 34.02193263636363, 56.533588545454542 ], [ 34.025829636363625, 56.495527545454543 ], [ 33.825264636363642, 56.433868545454551 ], [ 33.95360463636365, 56.357206545454538 ], [ 34.600272636363627, 56.185819545454542 ], [ 34.841094636363636, 56.260816545454539 ], [ 34.928322636363646, 56.364433545454538 ], [ 34.86554763636363, 56.389984545454546 ], [ 34.962207636363644, 56.480812545454548 ], [ 34.914156636363629, 56.542750545454545 ], [ 34.990827636363633, 56.581936545454546 ], [ 35.179719636363643, 56.582197545454541 ], [ 35.374164636363645, 56.729698545454546 ], [ 35.569716636363637, 56.765266545454544 ], [ 35.620269636363645, 56.832208545454542 ], [ 35.971521636363633, 56.858929545454551 ], [ 36.330819636363628, 56.774698545454548 ], [ 36.36288663636364, 56.701294545454552 ], [ 36.478887636363623, 56.660893545454549 ], [ 36.536019636363648, 56.645224545454546 ], [ 36.559959636363629, 56.611141545454551 ], [ 36.599577636363648, 56.624038545454546 ], [ 36.736854636363631, 56.694058545454546 ], [ 36.765420636363643, 56.718016545454539 ], [ 36.749751636363641, 56.760388545454539 ], [ 36.750678636363631, 56.782510545454549 ], [ 36.76082163636363, 56.788954545454551 ], [ 36.813327636363624, 56.797243545454542 ], [ 36.92572863636363, 56.798161545454541 ], [ 36.982842636363642, 56.79079954545454 ], [ 37.051944636363629, 56.768677545454544 ], [ 37.100769636363623, 56.739202545454539 ], [ 37.156056636363644, 56.752099545454548 ], [ 37.471371636363642, 56.894992545454549 ], [ 37.519980636363641, 57.07276054545455 ], [ 37.760181636363626, 57.282649545454539 ], [ 37.981653636363632, 57.309712545454538 ], [ 38.308344636363643, 57.571009545454551 ], [ 38.496381636363651, 57.815251545454551 ], [ 38.435955636363644, 58.013872545454539 ], [ 38.701446636363642, 58.113682545454544 ], [ 38.892768636363627, 58.050817545454542 ], [ 39.211107636363636, 58.016383545454538 ], [ 39.755544636363624, 57.806368545454539 ], [ 39.791382636363636, 57.709429545454547 ], [ 40.008462636363646, 57.562405545454546 ], [ 40.142652636363636, 57.583501545454546 ], [ 40.194231636363639, 57.647356545454549 ], [ 40.385787636363631, 57.735763545454539 ], [ 40.535601636363623, 57.757867545454552 ], [ 40.61664663636364, 57.789790545454544 ], [ 40.808211636363637, 57.79716154545455 ], [ 40.923636636363625, 57.765238545454544 ], [ 40.994853636363644, 57.698926545454547 ], [ 41.063622636363647, 57.649813545454542 ], [ 41.085726636363631, 57.588406545454539 ], [ 41.176590636363642, 57.49999954545455 ], [ 41.237988636363639, 57.497533545454552 ], [ 41.428221636363645, 57.480415545454541 ], [ 41.530965636363646, 57.459013545454546 ], [ 41.573769636363636, 57.446161545454551 ], [ 41.616582636363631, 57.429034545454549 ], [ 41.642268636363639, 57.429034545454549 ], [ 41.676522636363643, 57.433327545454539 ], [ 41.710776636363647, 57.441886545454544 ], [ 41.740728636363627, 57.446161545454551 ], [ 41.779266636363644, 57.441886545454544 ], [ 41.800659636363633, 57.429034545454549 ], [ 41.822070636363634, 57.424759545454542 ], [ 41.839188636363644, 57.429034545454549 ], [ 41.864883636363629, 57.441886545454544 ], [ 41.899137636363633, 57.463288545454539 ], [ 41.971911636363643, 57.501826545454541 ], [ 41.993304636363632, 57.501826545454541 ], [ 42.040410636363646, 57.497533545454552 ], [ 42.061812636363641, 57.493258545454545 ], [ 42.100341636363623, 57.480415545454541 ], [ 42.130302636363638, 57.467572545454551 ], [ 42.190242636363649, 57.446161545454551 ], [ 42.250173636363627, 57.454729545454548 ], [ 42.280134636363641, 57.463288545454539 ], [ 42.305829636363626, 57.463288545454539 ], [ 42.429984636363628, 57.450445545454549 ], [ 42.485631636363649, 57.433327545454539 ], [ 42.511317636363628, 57.420484545454549 ], [ 42.54984663636364, 57.416200545454551 ], [ 42.609777636363646, 57.420484545454549 ], [ 42.70395363636365, 57.433327545454539 ], [ 42.738207636363626, 57.433327545454539 ], [ 42.789579636363641, 57.424759545454542 ], [ 42.836676636363649, 57.386230545454545 ], [ 42.849519636363624, 57.37767154545454 ], [ 43.119231636363651, 57.37767154545454 ], [ 43.170594636363631, 57.369112545454549 ], [ 43.157751636363628, 57.313465545454541 ], [ 43.106370636363636, 57.227830545454545 ], [ 43.089252636363625, 57.180742545454542 ], [ 43.07640963636365, 57.137929545454547 ], [ 43.084968636363641, 57.09940054545455 ], [ 43.114938636363632, 57.069448545454541 ], [ 43.183437636363635, 57.009508545454544 ], [ 43.230525636363637, 56.936716545454551 ], [ 43.269054636363649, 56.872510545454539 ], [ 43.29902463636364, 56.778325545454543 ], [ 43.350387636363649, 56.70982654545454 ], [ 43.457424636363641, 56.637043545454539 ], [ 43.594422636363646, 56.54287654545454 ], [ 43.675755636363647, 56.474368545454546 ], [ 43.722843636363649, 56.440123545454547 ], [ 43.778499636363648, 56.422996545454545 ], [ 43.87268463636363, 56.410162545454547 ], [ 43.919772636363632, 56.367358545454543 ], [ 43.954017636363631, 56.350231545454541 ], [ 43.975428636363631, 56.341663545454544 ], [ 44.018232636363649, 56.341663545454544 ], [ 44.061045636363644, 56.337379545454546 ], [ 44.095290636363643, 56.328820545454541 ], [ 44.129535636363642, 56.311702545454544 ], [ 44.159505636363633, 56.290291545454544 ], [ 44.189475636363625, 56.264596545454545 ], [ 44.219445636363645, 56.217517545454548 ], [ 44.347875636363625, 56.183263545454544 ], [ 44.373552636363627, 56.178979545454546 ], [ 44.424924636363642, 56.136175545454542 ], [ 44.454903636363639, 56.11904854545454 ], [ 44.566206636363631, 56.071960545454552 ], [ 44.647548636363638, 56.054833545454549 ], [ 44.677509636363624, 56.050558545454543 ], [ 44.720322636363647, 56.054833545454549 ], [ 44.750292636363639, 56.063401545454546 ], [ 44.891556636363646, 56.093362545454546 ], [ 44.947221636363651, 56.089087545454539 ], [ 45.067083636363634, 56.089087545454539 ], [ 45.097053636363626, 56.093362545454546 ], [ 45.144141636363628, 56.123332545454538 ], [ 45.169827636363635, 56.136175545454542 ], [ 45.242610636363651, 56.153302545454544 ], [ 45.255453636363626, 56.153302545454544 ], [ 45.272571636363637, 56.144734545454547 ], [ 45.302541636363628, 56.127607545454545 ], [ 45.341070636363639, 56.101930545454543 ], [ 45.366765636363624, 56.089087545454539 ], [ 45.405285636363629, 56.084803545454541 ], [ 45.422412636363646, 56.084803545454541 ], [ 45.448089636363648, 56.097646545454545 ], [ 45.482334636363646, 56.144734545454547 ], [ 45.499461636363634, 56.153302545454544 ], [ 45.520872636363634, 56.157577545454551 ], [ 45.542274636363629, 56.157577545454551 ], [ 45.56368563636363, 56.153302545454544 ], [ 45.589371636363637, 56.144734545454547 ], [ 45.632184636363633, 56.140450545454549 ], [ 45.666429636363631, 56.140450545454549 ], [ 45.747762636363632, 56.153302545454544 ], [ 45.777732636363623, 56.161852545454543 ], [ 45.790584636363633, 56.178979545454546 ], [ 45.807702636363643, 56.196106545454548 ], [ 45.820545636363647, 56.204665545454539 ], [ 45.841947636363642, 56.208958545454543 ], [ 45.863358636363643, 56.208958545454543 ], [ 45.897612636363647, 56.204665545454539 ], [ 45.940416636363636, 56.183263545454544 ], [ 45.948975636363627, 56.17042054545454 ], [ 45.957543636363624, 56.149018545454545 ], [ 45.974661636363635, 56.149018545454545 ], [ 46.008906636363633, 56.157577545454551 ], [ 46.098807636363631, 56.187547545454542 ], [ 46.115925636363642, 56.208958545454543 ], [ 46.141620636363626, 56.23464454545455 ], [ 46.167306636363634, 56.251762545454547 ], [ 46.244373636363633, 56.273164545454541 ], [ 46.351392636363641, 56.281723545454547 ], [ 46.377069636363643, 56.290291545454544 ], [ 46.475538636363638, 56.324536545454542 ], [ 46.531203636363642, 56.354506545454548 ], [ 46.556880636363644, 56.358790545454546 ], [ 46.591134636363648, 56.358790545454546 ], [ 46.629654636363625, 56.354506545454548 ], [ 46.663899636363624, 56.345947545454543 ], [ 46.702437636363641, 56.333095545454547 ], [ 46.736682636363639, 56.311702545454544 ], [ 46.753809636363627, 56.294575545454542 ], [ 46.779486636363629, 56.251762545454547 ], [ 46.800897636363629, 56.221792545454541 ], [ 46.822299636363624, 56.200390545454546 ], [ 46.856553636363628, 56.178979545454546 ], [ 46.886514636363643, 56.166145545454548 ], [ 46.920768636363647, 56.157577545454551 ], [ 47.002110636363625, 56.149018545454545 ], [ 47.032071636363639, 56.149018545454545 ], [ 47.070591636363645, 56.153302545454544 ], [ 47.109129636363633, 56.161852545454543 ], [ 47.160501636363648, 56.166145545454548 ], [ 47.280372636363637, 56.166145545454548 ], [ 47.395950636363636, 56.153302545454544 ], [ 47.528673636363635, 56.144734545454547 ], [ 47.55007563636363, 56.144734545454547 ], [ 47.630859636363624, 56.15003554545455 ], [ 47.805495636363645, 56.141152545454538 ], [ 47.906133636363649, 56.126356545454549 ], [ 47.920938636363644, 56.046436545454547 ], [ 47.944617636363631, 55.97244754545455 ], [ 48.009723636363645, 55.931011545454545 ], [ 48.080760636363635, 55.907323545454538 ], [ 48.160680636363651, 55.901410545454546 ], [ 48.261318636363626, 55.836286545454549 ], [ 48.406281636363644, 55.815091545454543 ], [ 48.470487636363629, 55.819384545454547 ], [ 48.598926636363643, 55.819384545454547 ], [ 48.787287636363629, 55.797973545454546 ], [ 48.984216636363641, 55.763728545454548 ], [ 49.009902636363648, 55.755160545454551 ], [ 49.014186636363632, 55.729474545454543 ], [ 49.009902636363648, 55.708072545454549 ], [ 48.992775636363632, 55.68667054545454 ], [ 48.979941636363634, 55.635298545454539 ], [ 48.984216636363641, 55.605328545454547 ], [ 49.104078636363624, 55.412683545454549 ], [ 49.138323636363651, 55.374154545454552 ], [ 49.202556636363624, 55.305655545454549 ], [ 49.288173636363638, 55.228597545454541 ], [ 49.369515636363644, 55.185793545454551 ], [ 49.339536636363647, 55.142980545454542 ], [ 49.283889636363625, 55.095883545454548 ], [ 49.198263636363635, 55.078765545454551 ], [ 49.044156636363624, 55.035952545454542 ], [ 48.971373636363637, 55.014541545454541 ], [ 48.920010636363628, 54.997414545454539 ], [ 48.890040636363636, 54.97602154545455 ], [ 48.872904636363643, 54.946051545454544 ], [ 48.885747636363647, 54.916081545454539 ], [ 48.898599636363627, 54.898963545454542 ], [ 48.911433636363626, 54.873268545454543 ], [ 48.911433636363626, 54.839023545454545 ], [ 48.868629636363636, 54.676348545454552 ], [ 48.855786636363632, 54.629251545454544 ], [ 48.821532636363628, 54.599290545454544 ], [ 48.735924636363649, 54.573595545454545 ], [ 48.607485636363634, 54.547909545454552 ], [ 48.538977636363626, 54.517957545454543 ], [ 48.479055636363626, 54.475135545454542 ], [ 48.444810636363627, 54.436615545454551 ], [ 48.440526636363643, 54.389518545454543 ], [ 48.440526636363643, 54.282490545454543 ], [ 48.461928636363638, 54.235411545454546 ], [ 48.487614636363645, 54.196873545454544 ], [ 48.526143636363628, 54.16261954545454 ], [ 48.564672636363639, 54.136933545454546 ], [ 48.727356636363623, 54.064159545454551 ], [ 48.932844636363626, 53.935738545454548 ], [ 48.962814636363646, 53.910043545454549 ], [ 48.979941636363634, 53.862955545454547 ], [ 48.97565763636365, 53.790172545454546 ], [ 48.954255636363627, 53.713114545454552 ], [ 48.937137636363644, 53.631781545454551 ], [ 49.086960636363642, 53.486215545454549 ], [ 49.129773636363637, 53.45626354545454 ], [ 49.198263636363635, 53.447695545454543 ], [ 49.279605636363641, 53.447695545454543 ], [ 49.343829636363637, 53.45197054545455 ], [ 49.55787663636363, 53.45626354545454 ], [ 49.763364636363633, 53.45626354545454 ], [ 49.83185463636363, 53.45626354545454 ], [ 49.870392636363647, 53.45626354545454 ], [ 49.943175636363634, 53.43485254545454 ], [ 50.094978636363635, 53.405539545454538 ], [ 50.173602636363626, 53.296099545454545 ], [ 50.176086636363635, 53.257210545454548 ], [ 50.027217636363645, 53.172205545454538 ], [ 49.817211636363623, 53.221930545454548 ], [ 49.421103636363625, 53.136655545454538 ], [ 49.361937636363649, 53.208322545454543 ], [ 49.097760636363631, 53.234152545454542 ], [ 48.546933636363633, 53.12498254545455 ], [ 48.470820636363641, 53.039977545454541 ], [ 48.578046636363638, 52.935532545454542 ], [ 48.58179063636365, 52.86548554545454 ], [ 48.556122636363625, 52.835506545454543 ], [ 48.517584636363637, 52.809820545454549 ], [ 48.393438636363641, 52.728478545454543 ], [ 48.269292636363645, 52.625734545454542 ], [ 48.239322636363624, 52.591489545454543 ], [ 48.209352636363633, 52.514440545454541 ], [ 48.153696636363634, 52.407412545454541 ], [ 48.110892636363644, 52.330345545454541 ], [ 47.969619636363632, 52.180522545454544 ], [ 47.935374636363633, 52.146268545454539 ], [ 47.879718636363634, 52.120582545454546 ], [ 47.824062636363635, 52.10346454545455 ], [ 47.794092636363644, 52.086337545454548 ], [ 47.73844563636365, 52.043515545454547 ], [ 47.518872636363625, 52.066375545454541 ], [ 47.099157636363628, 51.928873545454543 ], [ 47.036355636363623, 51.876565545454547 ], [ 47.010660636363639, 51.855154545454546 ], [ 46.967856636363649, 51.829459545454547 ], [ 46.830867636363649, 51.765253545454549 ], [ 46.715271636363639, 51.726715545454546 ], [ 46.65961563636364, 51.730999545454544 ], [ 46.518342636363627, 51.765253545454549 ], [ 46.471263636363631, 51.782380545454551 ], [ 46.424175636363628, 51.773821545454545 ], [ 46.372794636363636, 51.756694545454543 ], [ 46.317138636363637, 51.735292545454548 ], [ 46.282893636363639, 51.70959754545455 ], [ 46.261491636363644, 51.675352545454551 ], [ 46.235805636363636, 51.641107545454538 ], [ 46.18443363636365, 51.57260854545455 ], [ 46.145895636363633, 51.542638545454544 ], [ 46.107375636363628, 51.525520545454548 ], [ 46.073121636363624, 51.516952545454551 ], [ 46.038876636363625, 51.504109545454547 ], [ 45.978945636363648, 51.474148545454547 ], [ 45.961818636363631, 51.461296545454552 ], [ 45.961818636363631, 51.44416954545455 ], [ 45.970368636363645, 51.427042545454547 ], [ 45.966102636363644, 51.405649545454544 ], [ 45.906162636363632, 51.354277545454543 ], [ 45.841947636363642, 51.302905545454543 ], [ 45.820545636363647, 51.268660545454544 ], [ 45.816261636363635, 51.238681545454547 ], [ 45.816261636363635, 51.187318545454538 ], [ 45.829095636363633, 51.153073545454539 ], [ 45.850506636363633, 51.118819545454549 ], [ 45.914730636363629, 51.084574545454551 ], [ 45.953250636363634, 51.071731545454547 ], [ 45.991788636363651, 51.054595545454539 ], [ 46.008906636363633, 51.037468545454551 ], [ 46.047435636363645, 50.913340545454538 ], [ 46.051719636363629, 50.891929545454538 ], [ 46.047435636363645, 50.866243545454545 ], [ 46.030308636363628, 50.84484154545455 ], [ 45.99606363636363, 50.819146545454551 ], [ 45.966102636363644, 50.80202854545454 ], [ 45.884751636363632, 50.784901545454538 ], [ 45.800466636363637, 50.777665545454546 ], [ 45.732579636363624, 50.754256545454545 ], [ 45.697470636363647, 50.714467545454546 ], [ 45.674061636363632, 50.627860545454546 ], [ 45.683547636363642, 50.600815545454545 ], [ 45.72208563636363, 50.583688545454542 ], [ 45.78200763636363, 50.536609545454546 ], [ 45.850506636363633, 50.468110545454543 ], [ 45.884751636363632, 50.42957254545454 ], [ 45.893319636363628, 50.395327545454542 ], [ 45.884751636363632, 50.373925545454547 ], [ 45.799143636363624, 50.296867545454539 ], [ 45.59365563636365, 50.172721545454543 ], [ 45.508029636363631, 50.121349545454542 ], [ 45.465216636363635, 50.10422254545454 ], [ 45.430971636363637, 50.065693545454543 ], [ 45.396717636363633, 50.01859654545455 ], [ 45.375315636363638, 49.975792545454546 ], [ 45.358197636363627, 49.937254545454543 ], [ 45.349638636363636, 49.90301854545455 ], [ 45.345354636363624, 49.868764545454546 ], [ 45.345354636363624, 49.834519545454548 ], [ 45.349638636363636, 49.813108545454547 ], [ 45.349638636363636, 49.78742254545454 ], [ 45.29826663636365, 49.727482545454542 ], [ 45.264021636363651, 49.693237545454544 ], [ 45.212640636363631, 49.646158545454547 ], [ 45.165552636363628, 49.599061545454539 ], [ 45.152700636363647, 49.581934545454551 ], [ 45.054249636363636, 49.432102545454548 ], [ 44.964339636363633, 49.265134545454551 ], [ 44.968623636363645, 49.23517354545455 ], [ 44.981466636363649, 49.205203545454545 ], [ 44.985741636363628, 49.179517545454551 ], [ 44.964339636363633, 49.149556545454551 ], [ 44.83591863636363, 49.025410545454541 ], [ 44.733174636363628, 48.926932545454541 ], [ 44.651823636363645, 48.811354545454542 ], [ 44.61756963636364, 48.772816545454539 ], [ 44.553363636363628, 48.704326545454542 ], [ 44.514825636363639, 48.67435654545455 ], [ 44.484864636363625, 48.648661545454551 ], [ 44.46346263636363, 48.627259545454542 ], [ 44.45916963636364, 48.601582545454541 ], [ 44.46346263636363, 48.580180545454546 ], [ 44.527668636363643, 48.52879954545454 ], [ 44.540583636363635, 48.523831545454549 ], [ 44.560698636363639, 48.517801545454539 ], [ 44.637486636363633, 48.536656545454541 ], [ 44.990538636363624, 48.423598545454546 ], [ 45.187764636363625, 48.452767545454542 ], [ 45.366936636363647, 48.399982545454542 ], [ 45.466926636363638, 48.476923545454547 ], [ 45.710538636363651, 48.375259545454547 ], [ 45.944979636363627, 48.323599545454549 ], [ 46.16776563636364, 48.144994545454544 ], [ 46.126374636363636, 48.078601545454539 ], [ 46.139163636363634, 47.937760545454545 ], [ 46.334706636363649, 47.871655545454551 ], [ 46.367484636363628, 47.778316545454551 ], [ 46.525542636363639, 47.75804854545455 ], [ 46.829166636363624, 47.448322545454538 ], [ 46.990131636363628, 47.417074545454547 ], [ 47.088879636363629, 47.331655545454545 ], [ 47.069439636363626, 47.211100545454549 ], [ 47.298048636363632, 47.118319545454547 ], [ 47.399244636363647, 47.009626545454545 ], [ 47.434434636363648, 47.014045545454543 ], [ 47.481828636363645, 47.014189545454549 ], [ 47.493348636363635, 47.012497545454544 ], [ 47.537070636363637, 46.994110545454539 ], [ 47.557590636363642, 46.982473545454546 ], [ 47.590980636363639, 46.948813545454549 ], [ 47.590917636363628, 46.937284545454538 ], [ 47.585229636363636, 46.914280545454538 ], [ 47.571252636363624, 46.881628545454539 ], [ 47.568984636363638, 46.870009545454543 ], [ 47.568741636363626, 46.857922545454549 ], [ 47.57313363636365, 46.847590545454544 ], [ 47.583951636363651, 46.842154545454541 ], [ 47.595372636363635, 46.838626545454538 ], [ 47.607045636363637, 46.837249545454547 ], [ 47.630751636363641, 46.83829354545454 ], [ 47.653827636363644, 46.843603545454549 ], [ 47.698521636363637, 46.859362545454537 ], [ 47.710239636363639, 46.860883545454548 ], [ 47.722110636363624, 46.860208545454547 ], [ 47.733054636363647, 46.855789545454549 ], [ 47.74264863636364, 46.848805545454546 ], [ 47.765184636363642, 46.807108545454547 ], [ 47.76808263636363, 46.783906545454549 ], [ 47.77345563636365, 46.773151545454546 ], [ 47.782617636363625, 46.76627554545454 ], [ 47.834493636363646, 46.737385545454551 ], [ 47.862060636363651, 46.714939545454548 ], [ 47.86992663636363, 46.706155545454543 ], [ 47.885604636363638, 46.674313545454545 ], [ 47.908257636363629, 46.607020545454539 ], [ 47.918589636363635, 46.585636545454541 ], [ 47.925537636363629, 46.576195545454546 ], [ 47.952258636363638, 46.55270554545455 ], [ 47.962338636363626, 46.54645054545454 ], [ 47.984694636363628, 46.538674545454548 ], [ 48.005187636363644, 46.526479545454542 ], [ 48.011568636363648, 46.515553545454544 ], [ 48.010281636363629, 46.492729545454544 ], [ 48.006420636363629, 46.482316545454545 ], [ 47.969853636363638, 46.449232545454542 ], [ 47.965290636363648, 46.440862545454543 ], [ 47.973660636363633, 46.432303545454538 ], [ 48.021990636363626, 46.395043545454548 ], [ 48.023394636363633, 46.384981545454544 ], [ 48.005358636363638, 46.342258545454548 ], [ 47.555907636363628, 45.773773545454539 ], [ 47.555619636363645, 45.767977545454549 ] ] } },
{ "type": "Feature", "properties": { "NAME": "Irtysh", "SYSTEM": "Ob", "MILES": 3099.37017, "KILOMETERS": 4987.96276 }, "geometry": { "type": "LineString", "coordinates": [ [ 68.859546636363632, 61.118899545454546 ], [ 68.926704636363638, 61.095031545454539 ], [ 68.956602636363641, 61.08307054545454 ], [ 68.970048636363629, 61.068139545454549 ], [ 68.976024636363633, 61.039744545454546 ], [ 68.986482636363633, 61.021807545454543 ], [ 69.002925636363642, 61.003879545454545 ], [ 69.01637163636363, 60.993430545454551 ], [ 69.044775636363624, 60.979975545454543 ], [ 69.209133636363646, 60.959050545454538 ], [ 69.277884636363638, 60.959050545454538 ], [ 69.325701636363647, 60.95606254545455 ], [ 69.43776963636364, 60.94112254545454 ], [ 69.452709636363636, 60.936640545454544 ], [ 69.558810636363631, 60.848476545454538 ], [ 69.63800163636364, 60.745372545454551 ], [ 69.642492636363642, 60.734905545454545 ], [ 69.639495636363648, 60.715474545454548 ], [ 69.667890636363637, 60.688582545454544 ], [ 69.694791636363647, 60.679618545454538 ], [ 69.724671636363638, 60.675136545454542 ], [ 69.845721636363635, 60.663184545454548 ], [ 69.859167636363651, 60.660187545454541 ], [ 69.865143636363626, 60.657199545454539 ], [ 69.863649636363647, 60.652717545454543 ], [ 69.802377636363644, 60.576505545454545 ], [ 69.779976636363642, 60.552610545454549 ], [ 69.751572636363647, 60.530191545454549 ], [ 69.74409363636363, 60.521218545454552 ], [ 69.74259963636365, 60.51374854545454 ], [ 69.74409363636363, 60.506278545454542 ], [ 69.773991636363633, 60.471907545454549 ], [ 69.806850636363635, 60.440524545454544 ], [ 69.887553636363634, 60.23879854545455 ], [ 69.886059636363626, 60.232822545454546 ], [ 69.881568636363625, 60.22834054545455 ], [ 69.781461636363645, 60.204427545454543 ], [ 69.699264636363637, 60.152128545454538 ], [ 69.682830636363633, 60.140176545454544 ], [ 69.675369636363627, 60.126730545454542 ], [ 69.673875636363647, 60.116263545454551 ], [ 69.681336636363625, 60.096832545454539 ], [ 69.693297636363639, 60.089371545454547 ], [ 69.706743636363626, 60.086383545454545 ], [ 69.729153636363634, 60.089371545454547 ], [ 69.74409363636363, 60.095347545454551 ], [ 69.76351563636365, 60.108793545454539 ], [ 69.776979636363649, 60.113275545454549 ], [ 69.791919636363644, 60.111781545454541 ], [ 69.802377636363644, 60.107299545454545 ], [ 69.90099963636365, 60.032581545454541 ], [ 69.92191563636365, 60.016147545454551 ], [ 69.923418636363635, 60.008668545454547 ], [ 69.90847863636364, 59.944417545454549 ], [ 69.776979636363649, 59.757631545454551 ], [ 69.772488636363647, 59.751655545454547 ], [ 69.766512636363643, 59.747173545454551 ], [ 69.694791636363647, 59.747173545454551 ], [ 69.579726636363631, 59.757631545454551 ], [ 69.55431963636363, 59.750161545454539 ], [ 69.539379636363634, 59.742691545454541 ], [ 69.528921636363634, 59.735221545454543 ], [ 69.506502636363649, 59.714287545454546 ], [ 69.482589636363628, 59.68440754545454 ], [ 69.472140636363633, 59.675443545454549 ], [ 69.419823636363645, 59.659000545454539 ], [ 69.328689636363634, 59.638084545454539 ], [ 69.309249636363631, 59.63210854545455 ], [ 69.292815636363628, 59.624647545454543 ], [ 69.286848636363629, 59.617159545454548 ], [ 69.28535463636365, 59.60968954545455 ], [ 69.288324636363626, 59.603722545454538 ], [ 69.303282636363633, 59.585785545454549 ], [ 69.306270636363649, 59.570845545454539 ], [ 69.297297636363623, 59.560387545454539 ], [ 69.282366636363633, 59.552908545454549 ], [ 69.259947636363648, 59.546932545454546 ], [ 69.236034636363627, 59.545438545454552 ], [ 69.082116636363651, 59.53796854545454 ], [ 68.880390636363643, 59.345206545454552 ], [ 68.807175636363638, 59.25853654545454 ], [ 68.807175636363638, 59.167384545454546 ], [ 68.828091636363638, 59.091172545454548 ], [ 68.835570636363627, 59.076232545454552 ], [ 68.802693636363642, 58.970131545454542 ], [ 68.772795636363639, 58.937263545454549 ], [ 68.741430636363646, 58.881976545454542 ], [ 68.765334636363633, 58.796800545454552 ], [ 68.762346636363645, 58.784848545454544 ], [ 68.751870636363634, 58.772887545454545 ], [ 68.732457636363648, 58.757947545454549 ], [ 68.710038636363635, 58.747480545454543 ], [ 68.693595636363625, 58.744492545454541 ], [ 68.674182636363639, 58.748983545454543 ], [ 68.65624563636365, 58.763923545454539 ], [ 68.620371636363643, 58.784848545454544 ], [ 68.606934636363633, 58.789321545454548 ], [ 68.591994636363637, 58.784848545454544 ], [ 68.587512636363641, 58.775875545454547 ], [ 68.559108636363646, 58.648858545454551 ], [ 68.557614636363638, 58.636897545454538 ], [ 68.581527636363631, 58.578631545454549 ], [ 68.609931636363626, 58.53976954545454 ], [ 68.518770636363627, 58.49793754545454 ], [ 68.451531636363626, 58.511383545454542 ], [ 68.412669636363631, 58.511383545454542 ], [ 68.394741636363648, 58.505407545454538 ], [ 68.343936636363651, 58.42919554545454 ], [ 68.348418636363647, 58.405291545454538 ], [ 68.343936636363651, 58.387363545454541 ], [ 68.334972636363631, 58.373908545454547 ], [ 68.318547636363633, 58.355971545454544 ], [ 68.290143636363638, 58.344028545454542 ], [ 68.198991636363644, 58.33953754545454 ], [ 68.175078636363651, 58.335055545454544 ], [ 68.151174636363635, 58.327585545454546 ], [ 68.148177636363641, 58.320115545454549 ], [ 68.154162636363651, 58.311142545454551 ], [ 68.164629636363628, 58.302178545454545 ], [ 68.19748863636363, 58.288732545454543 ], [ 68.207964636363641, 58.282756545454539 ], [ 68.219907636363644, 58.273792545454548 ], [ 68.227386636363633, 58.264828545454542 ], [ 68.237835636363627, 58.225975545454538 ], [ 68.225442636363624, 58.163983545454549 ], [ 68.730270636363628, 58.078600545454542 ], [ 68.808579636363646, 57.998869545454546 ], [ 68.881650636363645, 58.04526454545455 ], [ 68.931924636363647, 57.99220954545455 ], [ 69.185526636363647, 58.046092545454549 ], [ 69.254430636363651, 57.982480545454543 ], [ 69.374409636363652, 57.990814545454548 ], [ 69.371376636363635, 58.028317545454549 ], [ 69.480546636363641, 58.02637354545454 ], [ 69.480546636363641, 57.988033545454549 ], [ 69.55413963636363, 57.975253545454542 ], [ 70.054980636363638, 58.008598545454539 ], [ 70.134135636363624, 57.984424545454551 ], [ 70.140255636363634, 57.942484545454541 ], [ 70.265535636363637, 57.98193154545455 ], [ 70.291923636363634, 57.938038545454539 ], [ 70.438875636363633, 57.938866545454552 ], [ 70.377747636363637, 57.911092545454544 ], [ 70.432206636363645, 57.837202545454538 ], [ 70.516392636363634, 57.871915545454549 ], [ 70.84663863636365, 57.748039545454539 ], [ 70.894716636363626, 57.788035545454541 ], [ 70.99496763636364, 57.777478545454549 ], [ 70.959993636363635, 57.749416545454544 ], [ 71.004435636363638, 57.729418545454543 ], [ 71.098305636363648, 57.74942554545455 ], [ 71.131632636363634, 57.702481545454539 ], [ 71.23425063636364, 57.696667545454538 ], [ 71.333331636363624, 57.729148545454542 ], [ 71.50942563636363, 57.684697545454547 ], [ 71.522493636363635, 57.630805545454542 ], [ 71.692458636363625, 57.656644545454547 ], [ 71.707218636363649, 57.611365545454539 ], [ 71.788569636363633, 57.642766545454542 ], [ 71.811915636363636, 57.578317545454546 ], [ 72.378573636363626, 57.575545545454538 ], [ 72.372210636363633, 57.529150545454549 ], [ 72.442203636363644, 57.509422545454548 ], [ 72.426930636363636, 57.544702545454548 ], [ 72.497463636363648, 57.540535545454539 ], [ 72.55137363636365, 57.48360154545454 ], [ 72.617757636363649, 57.49858654545455 ], [ 72.861351636363651, 57.424156545454544 ], [ 72.939696636363635, 57.475807545454551 ], [ 73.114404636363645, 57.375547545454545 ], [ 73.184982636363628, 57.343039545454552 ], [ 73.284972636363648, 57.353047545454551 ], [ 73.346649636363651, 57.299146545454541 ], [ 73.44192363636364, 57.311089545454543 ], [ 73.424994636363635, 57.260815545454541 ], [ 73.50582363636363, 57.281929545454538 ], [ 73.772034636363628, 57.201568545454542 ], [ 73.819446636363637, 57.159970545454549 ], [ 74.003037636363644, 57.176656545454541 ], [ 74.147199636363638, 57.12581554545455 ], [ 74.104962636363638, 57.02747254545455 ], [ 74.519133636363648, 56.893318545454541 ], [ 74.610789636363648, 56.735548545454542 ], [ 74.522472636363631, 56.725819545454549 ], [ 74.617737636363643, 56.67220654545455 ], [ 74.58386163636365, 56.603320545454544 ], [ 74.684400636363648, 56.59720954545454 ], [ 74.644701636363635, 56.544712545454551 ], [ 74.71025763636365, 56.526928545454545 ], [ 74.69052063636363, 56.411359545454552 ], [ 74.782473636363648, 56.404699545454541 ], [ 74.737968636363632, 56.347927545454546 ], [ 74.797476636363626, 56.301658545454551 ], [ 74.742459636363634, 56.25803554545454 ], [ 74.694687636363625, 56.29681654545454 ], [ 74.654421636363651, 56.296933545454543 ], [ 74.708304636363636, 56.153023545454538 ], [ 74.627178636363624, 56.116384545454544 ], [ 74.771367636363635, 56.110534545454549 ], [ 74.764149636363641, 56.085253545454542 ], [ 74.350527636363637, 55.732750545454543 ], [ 74.024421636363627, 55.724983545454542 ], [ 73.470264636363652, 55.537486545454549 ], [ 73.443300636363631, 55.479427545454548 ], [ 73.017492636363642, 55.313314545454539 ], [ 72.996090636363647, 55.227481545454545 ], [ 73.12442163636365, 55.258324545454549 ], [ 73.17747663636365, 55.23803854545455 ], [ 73.138578636363633, 55.062484545454545 ], [ 73.36804263636364, 54.969145545454545 ], [ 73.309686636363637, 54.843595545454541 ], [ 73.441635636363628, 54.851380545454539 ], [ 73.72220163636365, 54.689416545454542 ], [ 74.06385063636364, 54.561373545454551 ], [ 74.272200636363635, 54.541924545454542 ], [ 74.425245636363627, 54.421927545454544 ], [ 74.636916636363651, 54.35860354545455 ], [ 74.698584636363648, 54.230533545454541 ], [ 75.088302636363636, 53.93110354545454 ], [ 75.039630636363626, 53.809468545454543 ], [ 75.013602636363629, 53.74442554545454 ], [ 75.493572636363638, 53.405818545454544 ], [ 75.527187636363635, 53.361097545454548 ], [ 75.479415636363626, 53.320543545454548 ], [ 75.574689636363644, 53.31998554545455 ], [ 75.561081636363639, 53.263600545454544 ], [ 75.668577636363636, 53.244709545454548 ], [ 75.881346636363645, 53.038033545454546 ], [ 76.173855636363641, 53.016100545454542 ], [ 76.279686636363635, 52.893322545454545 ], [ 76.452756636363631, 52.898875545454551 ], [ 76.458867636363635, 52.81581454545455 ], [ 76.531083636363633, 52.83304954545455 ], [ 76.695234636363637, 52.674712545454547 ], [ 76.648866636363636, 52.61331454545455 ], [ 76.75998063636365, 52.578043545454541 ], [ 76.810245636363646, 52.443313545454551 ], [ 76.759134636363626, 52.42026454545455 ], [ 76.93995363636364, 52.277479545454547 ], [ 76.958304636363636, 52.050535545454544 ], [ 77.031645636363635, 52.044712545454551 ], [ 77.07637563636365, 51.97720354545455 ], [ 77.351910636363641, 51.900820545454543 ], [ 77.459136636363638, 51.814429545454551 ], [ 77.414406636363651, 51.668872545454541 ], [ 77.452476636363627, 51.58165354545455 ], [ 77.774982636363632, 51.46526554545455 ], [ 78.063855636363627, 51.243595545454546 ], [ 78.064971636363651, 51.119143545454541 ], [ 78.10080063636363, 51.075547545454548 ], [ 78.21581163636364, 50.956090545454551 ], [ 78.755811636363632, 50.662483545454542 ], [ 79.045809636363629, 50.609158545454541 ], [ 79.146636636363638, 50.67997954545455 ], [ 79.815246636363639, 50.466094545454546 ], [ 80.089962636363651, 50.499430545454551 ], [ 80.284974636363643, 50.369983545454538 ], [ 80.628297636363641, 50.38888354545454 ], [ 80.784699636363626, 50.345260545454543 ], [ 81.012750636363648, 50.401087545454551 ], [ 81.225528636363634, 50.337763545454543 ], [ 81.520809636363651, 50.326657545454545 ], [ 81.859695636363625, 50.19192754545454 ], [ 82.249404636363636, 50.220259545454546 ], [ 82.285521636363626, 50.140546545454548 ], [ 82.602753636363644, 49.953319545454541 ], [ 82.896927636363642, 49.860547545454544 ], [ 83.051367636363636, 49.689979545454541 ], [ 83.359131636363628, 49.675822545454544 ], [ 83.362317636363628, 49.642918545454542 ], [ 83.376141636363627, 49.625935545454546 ], [ 83.477265636363626, 49.563124545454549 ], [ 83.513607636363645, 49.571026545454551 ], [ 83.606046636363629, 49.55679754545455 ], [ 83.644359636363646, 49.540597545454538 ], [ 83.650677636363639, 49.522840545454549 ], [ 83.650677636363639, 49.484131545454538 ], [ 83.684247636363637, 49.468714545454539 ], [ 83.742324636363634, 49.464763545454538 ], [ 83.775507636363642, 49.460425545454548 ], [ 83.850153636363643, 49.445413545454549 ], [ 83.885316636363626, 49.433965545454548 ], [ 83.974587636363651, 49.38102754545455 ], [ 84.022395636363626, 49.347052545454538 ], [ 84.225831636363637, 49.198138545454547 ], [ 84.234912636363646, 49.146379545454543 ], [ 84.217929636363635, 49.116751545454541 ], [ 84.05793663636365, 49.074892545454539 ], [ 83.940225636363635, 49.046434545454538 ], [ 83.806719636363624, 49.014835545454538 ], [ 83.703219636363627, 48.984829545454538 ], [ 83.594589636363651, 48.946498545454538 ], [ 83.551137636363649, 48.927544545454545 ], [ 83.484771636363632, 48.858019545454546 ], [ 83.462649636363636, 48.830767545454542 ], [ 83.434200636363641, 48.744655545454542 ], [ 83.487156636363636, 48.465763545454543 ], [ 83.519133636363648, 48.424291545454544 ], [ 83.576022636363632, 48.407695545454551 ], [ 83.626980636363641, 48.380839545454542 ], [ 83.604858636363645, 48.347656545454548 ], [ 83.58036063636365, 48.343309545454538 ], [ 83.542830636363647, 48.329089545454543 ], [ 83.493852636363641, 48.28722154545455 ], [ 83.488326636363638, 48.270616545454551 ], [ 83.48240463636364, 48.243760545454542 ], [ 83.483988636363648, 48.165550545454543 ], [ 83.548374636363633, 48.134743545454548 ], [ 83.653044636363632, 48.10196554545454 ], [ 83.757327636363641, 48.081031545454543 ], [ 83.922549636363641, 47.999995545454546 ], [ 84.071022636363637, 47.937787545454547 ], [ 84.237810636363633, 47.887027545454551 ], [ 84.372477636363641, 47.821273545454538 ], [ 84.692463636363641, 47.777767545454545 ], [ 84.860547636363634, 47.871223545454548 ], [ 85.170012636363651, 47.953096545454549 ], [ 85.519698636363643, 48.019993545454547 ], [ 85.546689636363652, 47.972572545454547 ], [ 85.776918636363632, 47.980267545454545 ], [ 86.264421636363636, 47.836096545454545 ], [ 86.281350636363641, 47.866930545454544 ], [ 86.386092636363628, 47.826934545454542 ], [ 86.425800636363647, 47.866381545454551 ], [ 86.643312636363646, 47.831650545454544 ], [ 86.837064636363635, 47.713921545454546 ], [ 87.067743636363645, 47.581369545454542 ], [ 87.299133636363649, 47.58497854545454 ], [ 87.385254636363641, 47.474152545454551 ], [ 87.57414663636365, 47.447206545454542 ], [ 87.970245636363643, 47.309713545454549 ], [ 88.692738636363629, 47.199706545454539 ], [ 88.902510636363644, 47.117122545454542 ], [ 89.049408636363637, 47.348035545454543 ], [ 89.008863636363628, 47.424157545454541 ], [ 88.733850636363627, 47.58693154545454 ], [ 88.583586636363634, 47.811373545454551 ], [ 88.653579636363645, 47.861368545454546 ], [ 88.650816636363629, 48.185998545454545 ] ] } },
{ "type": "Feature", "properties": { "NAME": "Kama", "SYSTEM": null, "MILES": 1621.54236, "KILOMETERS": 2609.62469 }, "geometry": { "type": "LineString", "coordinates": [ [ 49.369515636363644, 55.185793545454551 ], [ 49.583553636363632, 55.275694545454549 ], [ 49.677747636363648, 55.30137154545455 ], [ 49.780491636363649, 55.322782545454551 ], [ 49.848981636363646, 55.322782545454551 ], [ 49.904637636363645, 55.331341545454542 ], [ 49.985970636363646, 55.348459545454538 ], [ 50.088714636363648, 55.374154545454552 ], [ 50.170065636363631, 55.399849545454551 ], [ 50.238555636363628, 55.399849545454551 ], [ 50.294211636363627, 55.395556545454546 ], [ 50.34129963636363, 55.374154545454552 ], [ 50.371260636363644, 55.37843854545455 ], [ 50.426916636363643, 55.399849545454551 ], [ 50.503983636363643, 55.416967545454547 ], [ 50.563905636363643, 55.412683545454549 ], [ 50.598159636363647, 55.395556545454546 ], [ 50.636697636363635, 55.39128154545454 ], [ 50.718030636363636, 55.438369545454542 ], [ 50.760843636363632, 55.464055545454549 ], [ 50.812215636363646, 55.489741545454542 ], [ 50.842185636363638, 55.489741545454542 ], [ 50.93207763636363, 55.481182545454551 ], [ 50.96204763636365, 55.47261454545454 ], [ 50.992017636363641, 55.459771545454551 ], [ 51.02626263636364, 55.455496545454544 ], [ 51.077634636363626, 55.459771545454551 ], [ 51.116163636363638, 55.47261454545454 ], [ 51.158985636363639, 55.489741545454542 ], [ 51.180378636363628, 55.502593545454552 ], [ 51.197496636363638, 55.506859545454539 ], [ 51.244602636363624, 55.506859545454539 ], [ 51.274554636363632, 55.498309545454539 ], [ 51.300249636363645, 55.485457545454544 ], [ 51.317367636363628, 55.47261454545454 ], [ 51.377307636363639, 55.464055545454549 ], [ 51.432963636363638, 55.468339545454548 ], [ 51.462924636363624, 55.481182545454551 ], [ 51.501453636363635, 55.511143545454551 ], [ 51.501453636363635, 55.571074545454543 ], [ 51.531423636363627, 55.57964254545454 ], [ 51.569952636363638, 55.588201545454545 ], [ 51.604197636363637, 55.592485545454544 ], [ 51.647010636363632, 55.60105354545454 ], [ 51.672696636363639, 55.613887545454538 ], [ 51.698391636363624, 55.639573545454546 ], [ 51.719793636363647, 55.669543545454552 ], [ 51.741195636363642, 55.690945545454547 ], [ 51.758331636363636, 55.699513545454543 ], [ 51.805410636363632, 55.699513545454543 ], [ 51.822537636363649, 55.695229545454545 ], [ 51.839655636363631, 55.678111545454549 ], [ 51.856782636363647, 55.669543545454552 ], [ 51.882459636363649, 55.673818545454544 ], [ 51.912438636363646, 55.68237754545455 ], [ 51.929556636363628, 55.695229545454545 ], [ 51.998568636363643, 55.721806545454548 ], [ 52.182492636363634, 55.681369545454551 ], [ 52.340820636363645, 55.704994545454547 ], [ 52.304982636363633, 55.843873545454549 ], [ 52.517769636363624, 55.853602545454542 ], [ 52.633878636363647, 55.948309545454542 ], [ 52.711656636363642, 55.962484545454551 ], [ 53.132487636363635, 55.854142545454543 ], [ 53.353608636363646, 55.85748154545454 ], [ 53.534499636363648, 55.905694545454544 ], [ 53.749437636363638, 56.038876545454549 ], [ 53.829375636363636, 56.043781545454543 ], [ 53.986110636363634, 56.018041545454544 ], [ 54.182904636363645, 56.182660545454546 ], [ 53.853882636363636, 56.411359545454552 ], [ 53.743047636363627, 56.704984545454543 ], [ 53.76138063636364, 56.818042545454539 ], [ 53.861667636363649, 56.831092545454545 ], [ 53.959164636363624, 56.732758545454551 ], [ 54.026925636363643, 56.735818545454542 ], [ 54.088773636363641, 56.769343545454539 ], [ 54.098718636363628, 56.783950545454552 ], [ 54.115134636363649, 56.813821545454552 ], [ 54.130821636363635, 56.846662545454542 ], [ 54.145752636363625, 56.903398545454543 ], [ 54.167397636363631, 56.93847154545454 ], [ 54.215178636363646, 56.97206854545454 ], [ 54.262212636363643, 56.979538545454538 ], [ 54.313719636363629, 56.975812545454538 ], [ 54.35999763636363, 56.981770545454545 ], [ 54.469734636363626, 57.035527545454549 ], [ 54.533202636363626, 57.060907545454548 ], [ 54.596670636363626, 57.069871545454539 ], [ 54.649689636363632, 57.057928545454551 ], [ 54.698244636363626, 57.037030545454549 ], [ 54.744558636363649, 57.037768545454547 ], [ 54.926016636363642, 57.084811545454549 ], [ 54.968559636363636, 57.107203545454546 ], [ 54.999852636363642, 57.131935545454546 ], [ 55.010832636363631, 57.215284545454544 ], [ 55.018815636363627, 57.257692545454539 ], [ 55.033287636363639, 57.298615545454545 ], [ 55.050261636363643, 57.328054545454542 ], [ 55.074714636363638, 57.336046545454543 ], [ 55.130604636363643, 57.334543545454544 ], [ 55.188987636363635, 57.322573545454539 ], [ 55.238397636363629, 57.310099545454541 ], [ 55.289301636363632, 57.302611545454546 ], [ 55.333716636363647, 57.302611545454546 ], [ 55.502394636363647, 57.32506654545454 ], [ 55.517361636363631, 57.327559545454541 ], [ 55.526343636363634, 57.334543545454544 ], [ 55.540815636363646, 57.350518545454541 ], [ 55.541814636363625, 57.355513545454549 ], [ 55.545810636363626, 57.52668454545455 ], [ 55.542822636363638, 57.543145545454543 ], [ 55.538322636363631, 57.554125545454546 ], [ 55.52883663636365, 57.568597545454544 ], [ 55.517865636363638, 57.579568545454542 ], [ 55.50189063636364, 57.58456354545455 ], [ 55.484430636363641, 57.582070545454549 ], [ 55.460967636363648, 57.581575545454548 ], [ 55.423041636363649, 57.58456354545455 ], [ 55.382118636363629, 57.600034545454541 ], [ 55.363650636363644, 57.609520545454551 ], [ 55.374135636363633, 57.645448545454549 ], [ 55.380624636363649, 57.660424545454539 ], [ 55.389111636363651, 57.673393545454552 ], [ 55.40757063636363, 57.691366545454549 ], [ 55.411566636363631, 57.703840545454547 ], [ 55.410063636363645, 57.717808545454538 ], [ 55.40757063636363, 57.725791545454548 ], [ 55.402584636363628, 57.733270545454552 ], [ 55.387122636363642, 57.741262545454539 ], [ 55.315752636363641, 57.76621954545454 ], [ 55.215438636363643, 57.814126545454549 ], [ 55.209444636363628, 57.820606545454545 ], [ 55.207950636363648, 57.834592545454548 ], [ 55.209444636363628, 57.847552545454541 ], [ 55.213449636363634, 57.857542545454542 ], [ 55.217940636363636, 57.862537545454551 ], [ 55.239630636363643, 57.873769545454543 ], [ 55.369428636363637, 57.818041545454541 ], [ 55.448601636363634, 57.823315545454541 ], [ 55.67415963636364, 58.069699545454547 ], [ 55.801383636363624, 58.036651545454539 ], [ 55.827762636363644, 57.943312545454539 ], [ 55.898043636363639, 57.945265545454539 ], [ 55.994145636363641, 58.020820545454548 ], [ 56.251662636363648, 58.028308545454543 ], [ 56.306976636363629, 58.058476545454546 ], [ 56.319135636363626, 58.075054545454542 ], [ 56.330178636363627, 58.101577545454539 ], [ 56.329080636363642, 58.13030554545454 ], [ 56.330178636363627, 58.146892545454541 ], [ 56.36886063636365, 58.224256545454544 ], [ 56.36886063636365, 58.240825545454548 ], [ 56.358924636363639, 58.251877545454541 ], [ 56.346765636363642, 58.260724545454543 ], [ 56.305869636363639, 58.275088545454544 ], [ 56.274927636363628, 58.282828545454542 ], [ 56.239557636363628, 58.294987545454539 ], [ 56.227398636363631, 58.301620545454547 ], [ 56.222970636363641, 58.315993545454539 ], [ 56.22850563636365, 58.327045545454546 ], [ 56.240664636363647, 58.338088545454546 ], [ 56.258349636363647, 58.34361454545455 ], [ 56.355612636363645, 58.345828545454545 ], [ 56.376600636363634, 58.351354545454548 ], [ 56.40976563636363, 58.363513545454545 ], [ 56.427441636363625, 58.371244545454552 ], [ 56.437386636363641, 58.382296545454544 ], [ 56.435181636363637, 58.396660545454544 ], [ 56.431869636363643, 58.406614545454538 ], [ 56.424138636363637, 58.415452545454549 ], [ 56.231817636363644, 58.534819545454546 ], [ 56.217453636363643, 58.54145254545454 ], [ 56.203089636363643, 58.545871545454538 ], [ 56.142303636363636, 58.549192545454538 ], [ 56.081508636363651, 58.55470954545455 ], [ 56.058297636363648, 58.560244545454545 ], [ 56.046147636363628, 58.565761545454542 ], [ 56.041728636363644, 58.586767545454542 ], [ 56.085927636363635, 58.654177545454552 ], [ 56.112450636363633, 58.682914545454544 ], [ 56.183190636363634, 58.723819545454539 ], [ 56.24286963636365, 58.762501545454548 ], [ 56.258349636363647, 58.779070545454552 ], [ 56.259456636363637, 58.824394545454545 ], [ 56.250609636363635, 58.970275545454548 ], [ 56.248395636363625, 58.985746545454539 ], [ 56.22850563636365, 59.012269545454551 ], [ 56.19756363636364, 59.029963545454542 ], [ 56.174343636363631, 59.050951545454545 ], [ 56.162193636363639, 59.068645545454551 ], [ 56.161086636363649, 59.083009545454551 ], [ 56.20749963636365, 59.218945545454538 ], [ 56.215239636363634, 59.233318545454544 ], [ 56.230719636363631, 59.244370545454551 ], [ 56.279355636363647, 59.262055545454551 ], [ 56.431869636363643, 59.300737545454545 ], [ 56.645169636363647, 59.369263545454551 ], [ 56.670594636363631, 59.381422545454548 ], [ 56.687172636363641, 59.39247454545454 ], [ 56.697117636363629, 59.401321545454543 ], [ 56.701536636363642, 59.407945545454545 ], [ 56.702643636363632, 59.417890545454547 ], [ 56.691600636363631, 59.600257545454546 ], [ 56.689377636363645, 59.604676545454545 ], [ 56.656230636363631, 59.624566545454549 ], [ 56.642964636363644, 59.635618545454541 ], [ 56.635224636363631, 59.645572545454549 ], [ 56.596542636363637, 59.759395545454545 ], [ 56.577750636363646, 59.78261554545454 ], [ 56.542389636363652, 59.810245545454542 ], [ 56.427441636363625, 59.889814545454549 ], [ 56.402025636363646, 59.90418754545454 ], [ 56.36003163636363, 59.917453545454542 ], [ 56.280273636363631, 59.962480545454547 ], [ 56.273604636363643, 60.14359654545455 ], [ 56.146650636363631, 60.170263545454539 ], [ 56.118597636363631, 60.416359545454547 ], [ 55.853871636363635, 60.494713545454552 ], [ 55.678596636363636, 60.459982545454544 ], [ 55.579434636363629, 60.310537545454544 ], [ 55.111650636363635, 60.17971354545454 ], [ 54.95082063636363, 60.234154545454551 ], [ 54.510558636363641, 60.231094545454546 ], [ 54.253041636363633, 60.354430545454541 ], [ 53.992491636363638, 60.324712545454538 ], [ 53.838879636363629, 60.199153545454543 ], [ 52.914156636363629, 59.916094545454548 ], [ 52.92582963636363, 59.863309545454548 ], [ 52.786653636363638, 59.723872545454547 ], [ 52.659429636363626, 59.731369545454548 ], [ 52.588041636363641, 59.649712545454541 ], [ 52.701657636363649, 59.543872545454541 ], [ 52.898874636363644, 59.466094545454546 ], [ 52.933587636363626, 59.30081854545454 ], [ 53.228868636363643, 59.073046545454538 ], [ 53.198331636363633, 58.849423545454549 ], [ 53.524977636363644, 58.577209545454544 ], [ 53.43333063636365, 58.449157545454547 ], [ 53.509434636363636, 58.399981545454544 ], [ 53.670543636363647, 58.407757545454551 ], [ 53.614995636363631, 58.331374545454544 ], [ 53.763882636363633, 58.185817545454547 ] ] } },
{ "type": "Feature", "properties": { "NAME": "Ob", "SYSTEM": "Ob", "MILES": 3924.78679, "KILOMETERS": 6316.3447 }, "geometry": { "type": "MultiLineString", "coordinates": [ [ [ 68.990964636363628, 66.786703545454543 ], [ 68.820738636363643, 66.779890545454549 ], [ 68.684982636363628, 66.769162545454549 ], [ 68.577819636363643, 66.687010545454541 ], [ 68.445645636363651, 66.620923545454559 ], [ 68.261694636363643, 66.547681545454537 ], [ 68.063415636363629, 66.511960545454542 ], [ 67.859799636363647, 66.561982545454555 ], [ 67.590096636363626, 66.592348545454541 ], [ 67.490079636363646, 66.619132545454534 ], [ 67.420428636363624, 66.640561545454545 ], [ 67.313247636363627, 66.644134545454534 ], [ 67.250733636363634, 66.606631545454547 ], [ 67.136424636363643, 66.553054545454557 ], [ 66.938172636363646, 66.572692545454544 ], [ 66.732774636363644, 66.619132545454534 ], [ 66.605955636363632, 66.640561545454545 ], [ 66.505938636363624, 66.626278545454539 ], [ 66.477354636363629, 66.586993545454533 ], [ 66.461271636363648, 66.515533545454531 ], [ 66.350535636363645, 66.445873545454532 ], [ 66.255873636363646, 66.361939545454533 ], [ 66.134418636363648, 66.301207545454531 ], [ 65.882580636363627, 66.21903754545454 ], [ 65.727186636363626, 66.14759554545455 ], [ 65.728968636363646, 66.138676545454558 ], [ 65.818284636363643, 66.094027545454537 ], [ 65.886153636363645, 66.067225545454534 ], [ 65.871852636363627, 66.020785545454544 ], [ 65.861142636363638, 65.927896545454558 ], [ 65.870070636363636, 65.854672545454548 ], [ 65.703966636363646, 65.720716545454536 ], [ 65.623596636363629, 65.556403545454543 ], [ 65.618223636363638, 65.486734545454539 ], [ 65.586075636363631, 65.417083545454545 ], [ 65.534289636363638, 65.384935545454539 ], [ 65.461065636363628, 65.356351545454544 ], [ 65.294952636363632, 65.233105545454549 ], [ 65.236011636363628, 65.075929545454557 ], [ 65.284224636363632, 65.036635545454544 ], [ 65.323518636363644, 65.020570545454547 ], [ 65.405679636363629, 65.018779545454549 ], [ 65.580720636363651, 65.029489545454538 ], [ 65.620023636363641, 65.027707545454547 ], [ 65.662890636363642, 65.000914545454549 ], [ 65.666454636363625, 64.990195545454554 ], [ 65.600376636363649, 64.956274545454534 ], [ 65.519988636363649, 64.899106545454543 ], [ 65.478912636363646, 64.74550354545454 ], [ 65.498559636363638, 64.720492545454533 ], [ 65.659317636363625, 64.672270545454552 ], [ 65.727186636363626, 64.654396545454546 ], [ 65.757552636363641, 64.625839545454539 ], [ 65.641443636363647, 64.591891545454558 ], [ 65.625378636363649, 64.570462545454546 ], [ 65.703966636363646, 64.525795545454542 ], [ 65.76826263636363, 64.499029545454533 ], [ 65.812911636363651, 64.482937545454547 ], [ 65.845059636363629, 64.457926545454541 ], [ 65.927229636363649, 64.343626545454555 ], [ 65.912946636363642, 64.309687545454551 ], [ 65.937948636363643, 64.250746545454547 ], [ 65.973660636363633, 64.222162545454552 ], [ 66.029037636363626, 64.159657545454536 ], [ 66.039747636363643, 64.131073545454541 ], [ 65.962950636363644, 64.122145545454543 ], [ 65.877207636363636, 64.104289545454549 ], [ 65.796846636363625, 64.063195545454533 ], [ 65.755761636363644, 63.87208954545455 ], [ 65.798628636363645, 63.841723545454549 ], [ 65.86292463636363, 63.806011545454545 ], [ 65.884371636363625, 63.781009545454545 ], [ 65.880798636363636, 63.768499545454539 ], [ 65.793273636363637, 63.761362545454539 ], [ 65.736114636363624, 63.72384154545454 ], [ 65.75039763636363, 63.70420354545454 ], [ 65.771835636363647, 63.57917554545454 ], [ 65.743251636363624, 63.530944545454538 ], [ 65.625378636363649, 63.489859545454543 ], [ 65.500350636363635, 63.468439545454551 ], [ 65.507487636363635, 63.42020854545455 ], [ 65.532498636363641, 63.382696545454543 ], [ 65.484267636363626, 63.332692545454542 ], [ 65.38424163636364, 63.295180545454549 ], [ 65.339601636363625, 63.286252545454552 ], [ 65.200290636363633, 63.191590545454538 ], [ 65.185989636363644, 63.136222545454551 ], [ 65.146695636363631, 63.061198545454552 ], [ 65.091327636363644, 63.025468545454551 ], [ 65.05738863636364, 62.991538545454539 ], [ 65.077044636363638, 62.970109545454541 ], [ 65.139558636363631, 62.941525545454546 ], [ 65.180634636363635, 62.932597545454549 ], [ 65.21813763636365, 62.927233545454548 ], [ 65.277078636363626, 62.902240545454539 ], [ 65.334246636363645, 62.86830154545455 ], [ 65.364612636363631, 62.812924545454543 ], [ 65.400324636363649, 62.771857545454544 ], [ 65.455692636363636, 62.736127545454544 ], [ 65.523570636363644, 62.707543545454548 ], [ 65.678955636363639, 62.623600545454543 ], [ 65.745033636363644, 62.577160545454539 ], [ 65.818284636363643, 62.532511545454547 ], [ 65.909364636363648, 62.48249854545454 ], [ 65.946885636363646, 62.464633545454539 ], [ 66.037965636363651, 62.461060545454551 ], [ 66.175512636363635, 62.450341545454542 ], [ 66.284457636363641, 62.434276545454544 ], [ 66.354108636363634, 62.421775545454544 ], [ 66.409485636363627, 62.394982545454546 ], [ 66.47378163636364, 62.361043545454542 ], [ 66.511293636363632, 62.314612545454544 ], [ 66.555933636363648, 62.27530954545454 ], [ 66.77205963636365, 62.246734545454551 ], [ 66.875658636363625, 62.243161545454548 ], [ 66.988176636363647, 62.230660545454548 ], [ 67.075701636363647, 62.212795545454547 ], [ 67.20965763636363, 62.155636545454549 ], [ 67.306110636363627, 62.093131545454547 ], [ 67.354332636363637, 62.044900545454546 ], [ 67.386489636363649, 61.994887545454539 ], [ 67.416855636363636, 61.934164545454543 ], [ 67.477569636363626, 61.869859545454538 ], [ 67.532946636363647, 61.832356545454552 ], [ 67.547247636363636, 61.800199545454539 ], [ 67.554384636363636, 61.748413545454547 ], [ 67.579386636363637, 61.701964545454551 ], [ 67.611543636363649, 61.675180545454545 ], [ 67.665120636363639, 61.648378545454541 ], [ 67.777647636363639, 61.628740545454541 ], [ 67.88660163636365, 61.612666545454552 ], [ 67.975908636363641, 61.593019545454545 ], [ 68.088426636363636, 61.553716545454542 ], [ 68.297406636363633, 61.464418545454542 ], [ 68.325972636363645, 61.444762545454545 ], [ 68.347410636363634, 61.417969545454547 ], [ 68.356338636363631, 61.387612545454552 ], [ 68.331345636363636, 61.328662545454542 ], [ 68.284896636363641, 61.285813545454552 ], [ 68.268831636363643, 61.255438545454545 ], [ 68.281323636363624, 61.210780545454547 ], [ 68.324190636363625, 61.191133545454541 ], [ 68.426007636363636, 61.15899454545454 ], [ 68.472447636363626, 61.125055545454551 ], [ 68.523990636363635, 61.098271545454544 ], [ 68.549541636363642, 61.089568545454547 ], [ 68.576217636363651, 61.085968545454541 ], [ 68.790849636363646, 61.085968545454541 ], [ 68.818659636363634, 61.094491545454538 ], [ 68.859546636363632, 61.118899545454546 ], [ 68.870454636363633, 61.138060545454543 ], [ 68.88195663636364, 61.152847545454541 ], [ 68.931267636363629, 61.18736254545454 ], [ 68.95920363636364, 61.195579545454542 ], [ 69.110403636363628, 61.218592545454548 ], [ 69.136692636363648, 61.218592545454548 ], [ 69.159696636363634, 61.212013545454546 ], [ 69.184356636363646, 61.200511545454539 ], [ 69.202437636363641, 61.18736254545454 ], [ 69.225441636363627, 61.18243954545455 ], [ 69.245160636363636, 61.18243954545455 ], [ 69.268173636363628, 61.190656545454551 ], [ 69.386505636363637, 61.239958545454549 ], [ 69.404586636363632, 61.25145154545455 ], [ 69.417726636363625, 61.266256545454546 ], [ 69.43745463636364, 61.282681545454544 ], [ 69.467046636363648, 61.290898545454546 ], [ 69.501543636363635, 61.289260545454546 ], [ 69.534429636363626, 61.276111545454548 ], [ 69.559062636363649, 61.261315545454543 ], [ 69.600156636363636, 61.248175545454551 ], [ 69.621522636363636, 61.25145154545455 ], [ 69.65932263636364, 61.267894545454546 ], [ 69.708633636363629, 61.272826545454542 ], [ 69.782586636363646, 61.272826545454542 ], [ 69.869688636363634, 61.259668545454538 ], [ 69.902556636363641, 61.236664545454552 ], [ 69.923922636363642, 61.22844754545455 ], [ 70.121139636363637, 61.225162545454545 ], [ 70.167165636363649, 61.22680954545455 ], [ 70.201671636363642, 61.233379545454547 ], [ 70.211535636363635, 61.248175545454551 ], [ 70.227960636363633, 61.261315545454543 ], [ 70.44656163636364, 61.299115545454548 ], [ 70.474497636363651, 61.295830545454542 ], [ 70.509003636363644, 61.271179545454551 ], [ 70.533663636363627, 61.267894545454546 ], [ 70.601046636363634, 61.266256545454546 ], [ 70.816344636363624, 61.262962545454549 ], [ 70.844280636363635, 61.26460954545454 ], [ 70.885365636363645, 61.279396545454539 ], [ 70.906740636363651, 61.292545545454551 ], [ 70.92481263636364, 61.300762545454539 ], [ 70.951110636363637, 61.30405654545455 ], [ 71.108889636363642, 61.262962545454549 ], [ 71.158191636363625, 61.249822545454542 ], [ 71.17134963636363, 61.239958545454549 ], [ 71.184480636363645, 61.223515545454539 ], [ 71.192697636363647, 61.20708154545455 ], [ 71.209140636363628, 61.193932545454551 ], [ 71.23872363636363, 61.18243954545455 ], [ 71.283102636363651, 61.184068545454544 ], [ 71.365263636363636, 61.218592545454548 ], [ 71.432646636363643, 61.235026545454538 ], [ 71.467161636363642, 61.236664545454552 ], [ 71.496744636363644, 61.231732545454541 ], [ 71.518110636363645, 61.230094545454541 ], [ 71.62000863636365, 61.235026545454538 ], [ 71.71205163636364, 61.267894545454546 ], [ 71.878038636363641, 61.262962545454549 ], [ 71.902689636363647, 61.261315545454543 ], [ 71.971710636363639, 61.25145154545455 ], [ 72.076902636363627, 61.244890545454545 ], [ 72.14921763636363, 61.244890545454545 ], [ 72.208374636363629, 61.262962545454549 ], [ 72.233034636363641, 61.284337545454541 ], [ 72.264255636363629, 61.300762545454539 ], [ 72.293838636363631, 61.30569454545455 ], [ 72.454893636363636, 61.287613545454541 ], [ 72.486123636363629, 61.277758545454539 ], [ 72.538728636363629, 61.238311545454543 ], [ 72.556791636363641, 61.22680954545455 ], [ 72.574872636363637, 61.218592545454548 ], [ 72.596238636363637, 61.212013545454546 ], [ 72.630753636363636, 61.20708154545455 ], [ 72.653766636363628, 61.210375545454546 ], [ 72.701430636363625, 61.221877545454539 ], [ 72.740868636363643, 61.235026545454538 ], [ 72.798378636363651, 61.246528545454545 ], [ 72.82961763636365, 61.248175545454551 ], [ 72.854259636363651, 61.248175545454551 ], [ 72.890430636363646, 61.235026545454538 ], [ 72.905208636363625, 61.225162545454545 ], [ 72.947958636363637, 61.218592545454548 ], [ 73.016979636363629, 61.233379545454547 ], [ 73.049856636363643, 61.243234545454548 ], [ 73.06463463636365, 61.241596545454549 ], [ 73.112307636363624, 61.22680954545455 ], [ 73.132017636363628, 61.223515545454539 ], [ 73.335822636363645, 61.210375545454546 ], [ 73.394970636363638, 61.212013545454546 ], [ 73.495239636363635, 61.238311545454543 ], [ 73.526451636363646, 61.236664545454552 ], [ 73.580694636363631, 61.22680954545455 ], [ 73.623426636363632, 61.185715545454549 ], [ 73.641507636363627, 61.174222545454548 ], [ 73.680954636363651, 61.16763454545454 ], [ 73.710528636363648, 61.175851545454542 ], [ 73.776273636363641, 61.212013545454546 ], [ 73.809141636363648, 61.225162545454545 ], [ 73.825575636363624, 61.22844754545455 ], [ 73.907745636363643, 61.18736254545454 ], [ 73.934052636363646, 61.179145545454539 ], [ 74.027724636363644, 61.169281545454545 ], [ 74.114817636363625, 61.16599654545454 ], [ 74.14771263636365, 61.169281545454545 ], [ 74.224941636363639, 61.190656545454551 ], [ 74.27096763636365, 61.212013545454546 ], [ 74.293971636363636, 61.218592545454548 ], [ 74.312043636363626, 61.213660545454552 ], [ 74.328468636363624, 61.202158545454544 ], [ 74.343273636363648, 61.180783545454538 ], [ 74.36628663636364, 61.161064545454543 ], [ 74.425443636363639, 61.14299254545454 ], [ 74.438601636363643, 61.149553545454545 ], [ 74.445171636363625, 61.162711545454549 ], [ 74.430375636363635, 61.18736254545454 ], [ 74.423796636363647, 61.202158545454544 ], [ 74.430375636363635, 61.212013545454546 ], [ 74.45337963636365, 61.216945545454543 ], [ 74.494473636363637, 61.215298545454552 ], [ 74.545431636363645, 61.198864545454548 ], [ 74.56678863636364, 61.18900054545454 ], [ 74.586516636363626, 61.18243954545455 ], [ 74.634171636363646, 61.18900054545454 ], [ 74.665410636363646, 61.198864545454548 ], [ 74.70483963636363, 61.203796545454544 ], [ 74.729490636363636, 61.198864545454548 ], [ 74.74592463636364, 61.18736254545454 ], [ 74.757426636363647, 61.172575545454542 ], [ 74.772240636363648, 61.161064545454543 ], [ 74.793588636363637, 61.151209545454542 ], [ 74.834673636363647, 61.151209545454542 ], [ 74.910282636363632, 61.156132545454547 ], [ 74.948073636363631, 61.154494545454547 ], [ 75.025329636363637, 61.131481545454541 ], [ 75.06281463636364, 61.117099545454543 ], [ 75.083523636363651, 61.111924545454549 ], [ 75.101640636363641, 61.109341545454548 ], [ 75.127515636363626, 61.109341545454548 ], [ 75.150798636363646, 61.117099545454543 ], [ 75.177978636363633, 61.13780854545454 ], [ 75.196086636363646, 61.145575545454541 ], [ 75.218091636363624, 61.145575545454541 ], [ 75.233607636363644, 61.139095545454545 ], [ 75.272424636363638, 61.117099545454543 ], [ 75.317721636363643, 61.101583545454538 ], [ 75.469119636363644, 61.102870545454543 ], [ 75.480756636363651, 61.10027854545455 ], [ 75.510510636363648, 61.061470545454547 ], [ 75.52604463636365, 61.048528545454552 ], [ 75.606261636363627, 61.010998545454548 ], [ 75.65673363636364, 60.991594545454539 ], [ 75.678729636363641, 60.991594545454539 ], [ 75.70330863636363, 60.998065545454544 ], [ 75.749892636363626, 61.014877545454546 ], [ 75.780942636363648, 61.031707545454545 ], [ 75.841764636363649, 61.049815545454543 ], [ 75.863751636363645, 61.051120545454545 ], [ 76.12513863636363, 61.001944545454542 ], [ 76.302402636363638, 60.933364545454545 ], [ 76.334748636363628, 60.915256545454547 ], [ 76.36579863636365, 60.891964545454549 ], [ 76.402032636363629, 60.875143545454542 ], [ 76.41885363636365, 60.872551545454549 ], [ 76.435674636363643, 60.875143545454542 ], [ 76.491321636363637, 60.894556545454542 ], [ 76.535304636363634, 60.921718545454546 ], [ 76.558587636363626, 60.929494545454538 ], [ 76.584471636363645, 60.929494545454538 ], [ 76.605180636363627, 60.921718545454546 ], [ 76.647876636363634, 60.869959545454542 ], [ 76.671168636363632, 60.850555545454547 ], [ 76.836786636363627, 60.775513545454551 ], [ 77.023122636363638, 60.718570545454547 ], [ 77.094285636363651, 60.719875545454549 ], [ 77.147340636363651, 60.72634654545454 ], [ 77.170623636363644, 60.721171545454546 ], [ 77.21849463636363, 60.70304554545455 ], [ 77.263782636363629, 60.673291545454539 ], [ 77.31683763636363, 60.648712545454551 ], [ 77.345304636363636, 60.639649545454539 ], [ 77.36989263636363, 60.634474545454545 ], [ 77.390592636363635, 60.633178545454548 ], [ 77.421642636363629, 60.640945545454549 ], [ 77.486343636363642, 60.674578545454544 ], [ 77.513496636363641, 60.68363254545455 ], [ 77.534205636363652, 60.687529545454545 ], [ 77.553618636363638, 60.687529545454545 ], [ 77.697258636363642, 60.617653545454552 ], [ 77.707599636363625, 60.607303545454549 ], [ 77.715366636363626, 60.589186545454545 ], [ 77.710191636363646, 60.567190545454544 ], [ 77.707599636363625, 60.541306545454539 ], [ 77.717958636363647, 60.523189545454549 ], [ 77.736075636363637, 60.506368545454542 ], [ 77.913330636363639, 60.433918545454539 ], [ 78.080244636363631, 60.386038545454547 ], [ 78.098352636363643, 60.387325545454551 ], [ 78.112590636363649, 60.393796545454542 ], [ 78.203175636363625, 60.418393545454542 ], [ 78.244584636363641, 60.42227254545454 ], [ 78.288576636363644, 60.415801545454549 ], [ 78.345510636363628, 60.398980545454542 ], [ 78.370089636363645, 60.38992654545455 ], [ 78.386901636363632, 60.37698454545454 ], [ 78.393390636363648, 60.364042545454545 ], [ 78.44384463636365, 60.295462545454548 ], [ 78.49041963636364, 60.235945545454548 ], [ 78.657333636363632, 60.16606954545454 ], [ 78.819072636363643, 60.087148545454546 ], [ 78.944586636363624, 60.059959545454539 ], [ 78.969174636363647, 60.000451545454546 ], [ 78.91482363636365, 59.977150545454542 ], [ 78.909657636363647, 59.96809654545455 ], [ 78.996354636363634, 59.876233545454546 ], [ 79.015767636363648, 59.856829545454538 ], [ 79.150326636363644, 59.798599545454543 ], [ 79.16973963636363, 59.784361545454551 ], [ 79.174905636363633, 59.775307545454545 ], [ 79.174905636363633, 59.761078545454545 ], [ 79.165842636363635, 59.74942354545454 ], [ 79.133496636363645, 59.719660545454552 ], [ 79.121850636363632, 59.704135545454541 ], [ 79.119267636363645, 59.696377545454546 ], [ 79.132218636363632, 59.683444545454542 ], [ 79.321119636363647, 59.521696545454539 ], [ 79.332765636363632, 59.515225545454548 ], [ 79.427229636363649, 59.494525545454543 ], [ 79.434978636363638, 59.494525545454543 ], [ 79.450521636363646, 59.498413545454547 ], [ 79.46345463636365, 59.515225545454548 ], [ 79.484163636363633, 59.52427954545454 ], [ 79.503576636363647, 59.522992545454549 ], [ 79.647180636363629, 59.441470545454543 ], [ 79.956438636363629, 59.41689154545454 ], [ 79.97843463636363, 59.41689154545454 ], [ 79.997847636363645, 59.422066545454548 ], [ 80.045853636363631, 59.443459545454552 ], [ 80.076669636363647, 59.434558545454543 ], [ 80.164806636363636, 59.396677545454544 ], [ 80.174994636363635, 59.39029654545454 ], [ 80.156481636363651, 59.373079545454551 ], [ 80.114658636363629, 59.363917545454548 ], [ 80.091474636363643, 59.355781545454541 ], [ 80.177595636363634, 59.303518545454544 ], [ 80.217474636363647, 59.286670545454548 ], [ 80.256435636363648, 59.279398545454548 ], [ 80.291184636363624, 59.298505545454539 ], [ 80.328993636363634, 59.328133545454541 ], [ 80.383497636363643, 59.340472545454539 ], [ 80.441997636363624, 59.344243545454539 ], [ 80.481804636363648, 59.339347545454551 ], [ 80.494323636363646, 59.331292545454538 ], [ 80.519361636363641, 59.309764545454549 ], [ 80.568888636363624, 59.219755545454539 ], [ 80.596266636363652, 59.16710554545454 ], [ 80.615688636363643, 59.153722545454549 ], [ 80.680821636363646, 59.159302545454544 ], [ 80.707884636363644, 59.158249545454545 ], [ 80.783484636363625, 59.118478545454543 ], [ 80.805075636363625, 59.106148545454552 ], [ 80.82821463636364, 59.087635545454539 ], [ 80.851344636363649, 59.076070545454549 ], [ 80.875266636363648, 59.074531545454541 ], [ 80.97243063636364, 59.072983545454541 ], [ 80.99960163636365, 59.081416545454552 ], [ 81.05033463636363, 59.12080054545455 ], [ 81.104325636363626, 59.125426545454552 ], [ 81.195324636363637, 59.123122545454542 ], [ 81.22540263636364, 59.112322545454539 ], [ 81.249306636363627, 59.066035545454547 ], [ 81.294054636363626, 59.039044545454551 ], [ 81.371184636363637, 59.015149545454541 ], [ 81.398949636363625, 59.00897554545454 ], [ 81.420540636363626, 58.997410545454549 ], [ 81.518487636363631, 58.930297545454543 ], [ 81.521574636363624, 58.916419545454538 ], [ 81.508470636363626, 58.887115545454542 ], [ 81.495348636363644, 58.862437545454547 ], [ 81.500748636363625, 58.853950545454545 ], [ 81.528522636363647, 58.843150545454542 ], [ 81.607182636363632, 58.830037545454552 ], [ 81.631086636363648, 58.816924545454548 ], [ 81.644199636363652, 58.804594545454542 ], [ 81.648834636363631, 58.783759545454551 ], [ 81.643434636363651, 58.775272545454548 ], [ 81.588669636363647, 58.763707545454544 ], [ 81.533148636363649, 58.75600354545454 ], [ 81.523122636363638, 58.751368545454547 ], [ 81.530826636363628, 58.724368545454546 ], [ 81.679686636363641, 58.685047545454545 ], [ 81.694338636363625, 58.693525545454541 ], [ 81.698199636363626, 58.703551545454552 ], [ 81.799989636363648, 58.688125545454547 ], [ 81.891771636363643, 58.624117545454546 ], [ 81.901806636363631, 58.592491545454543 ], [ 81.913371636363649, 58.585543545454549 ], [ 82.007466636363631, 58.584778545454547 ], [ 82.116987636363632, 58.576282545454539 ], [ 82.155543636363632, 58.569352545454542 ], [ 82.171734636363624, 58.545448545454541 ], [ 82.181778636363646, 58.512283545454544 ], [ 82.328307636363633, 58.434388545454546 ], [ 82.370724636363633, 58.435153545454547 ], [ 82.407741636363625, 58.433605545454547 ], [ 82.420863636363634, 58.431301545454538 ], [ 82.567401636363627, 58.363423545454545 ], [ 82.591305636363643, 58.346458545454546 ], [ 82.609053636363626, 58.32562354545454 ], [ 82.632192636363641, 58.305580545454539 ], [ 82.662261636363638, 58.290154545454548 ], [ 82.689252636363648, 58.287841545454548 ], [ 82.726269636363639, 58.300180545454545 ], [ 82.75481763636364, 58.307119545454547 ], [ 82.87513863636363, 58.307119545454547 ], [ 82.933746636363651, 58.30403254545454 ], [ 82.974624636363643, 58.300180545454545 ], [ 82.979241636363639, 58.29478054545455 ], [ 82.950720636363627, 58.26933754545454 ], [ 82.909050636363645, 58.243111545454546 ], [ 82.897512636363643, 58.22151154545454 ], [ 82.909851636363641, 58.204546545454541 ], [ 82.940694636363645, 58.172146545454545 ], [ 82.97539863636365, 58.154407545454539 ], [ 83.090319636363631, 58.124338545454542 ], [ 83.134284636363645, 58.121242545454542 ], [ 83.185953636363649, 58.111990545454539 ], [ 83.200605636363633, 58.095790545454541 ], [ 83.204466636363634, 58.058008545454548 ], [ 83.214492636363644, 58.028695545454546 ], [ 83.368743636363632, 57.828175545454549 ], [ 83.434299636363647, 57.750271545454545 ], [ 83.460525636363627, 57.730993545454545 ], [ 83.684193636363631, 57.69242854545454 ], [ 83.702697636363638, 57.693985545454545 ], [ 83.721210636363651, 57.703228545454543 ], [ 83.767488636363652, 57.731758545454547 ], [ 83.788314636363651, 57.741019545454542 ], [ 83.815305636363632, 57.739480545454548 ], [ 83.828418636363637, 57.73639354545454 ], [ 83.85233163636363, 57.725593545454551 ], [ 83.856948636363626, 57.707854545454545 ], [ 83.829957636363645, 57.664663545454552 ], [ 83.786757636363632, 57.622246545454551 ], [ 83.795244636363634, 57.60220354545455 ], [ 83.843061636363643, 57.572890545454548 ], [ 83.864652636363644, 57.555142545454551 ], [ 83.930217636363636, 57.461056545454547 ], [ 83.941026636363631, 57.432517545454552 ] ], [ [ 83.941026636363631, 57.432517545454552 ], [ 83.944104636363647, 57.401665545454541 ], [ 83.94333063636364, 57.372361545454545 ], [ 83.950269636363629, 57.345361545454544 ], [ 84.008895636363633, 57.289066545454538 ], [ 84.026625636363633, 57.279040545454542 ], [ 84.035112636363635, 57.276727545454541 ], [ 84.193980636363648, 57.262066545454552 ], [ 84.214806636363647, 57.262066545454552 ], [ 84.262632636363634, 57.265153545454545 ], [ 84.285762636363643, 57.260518545454538 ], [ 84.359796636363626, 57.236605545454545 ], [ 84.382944636363646, 57.21888454545455 ], [ 84.387570636363648, 57.20576254545454 ], [ 84.369066636363641, 57.184162545454548 ], [ 84.354414636363629, 57.164119545454547 ], [ 84.349014636363648, 57.15409354545455 ], [ 84.355953636363637, 57.137893545454538 ], [ 84.41071863636364, 57.070789545454538 ], [ 84.382944636363646, 57.00060754545455 ], [ 84.387570636363648, 56.968990545454538 ], [ 84.401457636363631, 56.944312545454544 ], [ 84.419205636363642, 56.92424254545454 ], [ 84.430770636363633, 56.903425545454546 ], [ 84.419187636363631, 56.817826545454544 ], [ 84.407631636363647, 56.793922545454542 ], [ 84.387570636363648, 56.756887545454539 ], [ 84.363666636363632, 56.731435545454538 ], [ 84.326649636363641, 56.705983545454551 ], [ 84.286545636363627, 56.690566545454551 ], [ 84.255693636363645, 56.674375545454545 ], [ 84.189363636363652, 56.615758545454547 ], [ 84.080607636363652, 56.504689545454546 ], [ 84.070590636363647, 56.488489545454549 ], [ 84.031242636363629, 56.392855545454545 ], [ 84.053616636363643, 56.351977545454538 ], [ 84.011784636363643, 56.283739545454544 ], [ 84.029460636363638, 56.205367545454543 ], [ 83.87995263636364, 56.084155545454543 ], [ 83.868027636363649, 55.861360545454538 ], [ 83.639976636363627, 55.680262545454546 ], [ 83.662179636363646, 55.626370545454542 ], [ 83.587479636363639, 55.566655545454545 ], [ 83.191911636363642, 55.424428545454539 ], [ 82.950252636363643, 55.441654545454547 ], [ 82.862475636363627, 55.40303554545455 ], [ 82.896639636363631, 55.279429545454541 ], [ 82.817475636363639, 55.093039545454538 ], [ 83.058018636363641, 54.938869545454544 ], [ 83.022468636363641, 54.84408154545455 ], [ 83.017491636363644, 54.796057545454538 ], [ 82.963185636363647, 54.788092545454539 ], [ 82.778064636363638, 54.701980545454539 ], [ 82.676589636363644, 54.647953545454548 ], [ 82.584699636363638, 54.607912545454546 ], [ 82.480227636363651, 54.585421545454544 ], [ 82.374360636363633, 54.51713854545455 ], [ 82.179645636363631, 54.418399545454541 ], [ 82.104216636363645, 54.383299545454541 ], [ 82.032909636363627, 54.356974545454541 ], [ 81.967362636363646, 54.344077545454546 ], [ 81.909483636363632, 54.336121545454539 ], [ 81.838185636363647, 54.31747354545454 ], [ 81.775653636363643, 54.300202545454546 ], [ 81.735900636363624, 54.281815545454542 ], [ 81.704085636363629, 54.248632545454548 ], [ 81.686796636363624, 54.212722545454547 ], [ 81.656907636363627, 54.170197545454549 ], [ 81.608352636363634, 54.132631545454551 ], [ 81.552417636363629, 54.106846545454552 ], [ 81.48275763636363, 54.085183545454548 ], [ 81.407346636363627, 54.072844545454551 ], [ 81.356064636363641, 54.054736545454539 ], [ 81.309435636363645, 54.00565054545455 ], [ 81.301209636363637, 53.951074545454539 ], [ 81.306132636363628, 53.917342545454538 ], [ 81.316284636363633, 53.89045954545454 ], [ 81.328605636363648, 53.887651545454538 ], [ 81.387753636363641, 53.79748054545454 ], [ 81.463587636363627, 53.77247854545454 ], [ 81.820815636363648, 53.80248454545454 ], [ 81.879963636363641, 53.739430545454546 ], [ 82.09663863636365, 53.734426545454546 ], [ 82.389147636363646, 53.597212545454546 ], [ 82.385250636363651, 53.524429545454545 ], [ 82.639419636363641, 53.416654545454541 ], [ 82.982193636363633, 53.438875545454543 ], [ 83.174586636363642, 53.521630545454549 ], [ 83.400801636363639, 53.427211545454547 ], [ 83.720517636363638, 53.444149545454543 ], [ 83.831361636363624, 53.391373545454549 ], [ 83.791914636363629, 53.296099545454545 ], [ 83.84720163636365, 53.101384545454543 ], [ 83.757750636363625, 53.100259545454541 ], [ 83.643585636363639, 53.01692854545454 ], [ 83.644638636363652, 52.926613545454551 ], [ 83.697738636363624, 52.785259545454544 ], [ 83.678028636363649, 52.502209545454541 ], [ 83.741343636363638, 52.371655545454551 ], [ 84.093585636363628, 52.312210545454541 ], [ 84.274422636363624, 52.37886454545454 ], [ 84.590250636363635, 52.424431545454546 ], [ 85.050987636363629, 52.423216545454544 ], [ 85.321086636363646, 52.470538545454538 ], [ 85.765533636363642, 52.40053654545455 ], [ 85.922187636363645, 52.03499254545455 ], [ 85.826922636363634, 51.955549545454538 ], [ 85.869960636363629, 51.896383545454547 ], [ 85.74024363636363, 51.837766545454549 ], [ 85.789959636363648, 51.817759545454543 ], [ 85.734411636363632, 51.744706545454541 ], [ 85.79329863636363, 51.689977545454546 ], [ 85.764687636363647, 51.662203545454538 ], [ 85.951644636363625, 51.523873545454542 ], [ 86.106084636363647, 51.178318545454552 ], [ 86.204418636363641, 51.151642545454543 ], [ 86.33386563636364, 50.880814545454548 ], [ 86.421912636363629, 50.869141545454546 ], [ 86.546085636363642, 50.75638054545454 ], [ 86.530533636363629, 50.595262545454538 ], [ 86.681139636363639, 50.40409354545455 ], [ 86.734968636363647, 50.26248754545454 ], [ 86.598861636363637, 50.155819545454541 ], [ 86.077473636363635, 50.126371545454539 ], [ 86.017749636363646, 50.187481545454538 ], [ 85.611633636363649, 50.259706545454542 ], [ 85.490529636363647, 50.186644545454548 ], [ 85.430526636363652, 49.958314545454549 ], [ 85.49357163636364, 49.916923545454544 ], [ 85.504695636363635, 49.809706545454539 ], [ 85.733583636363647, 49.607206545454538 ], [ 85.79858163636365, 49.593319545454541 ], [ 86.379432636363646, 49.622074545454545 ], [ 86.413362636363644, 49.631002545454542 ], [ 86.445258636363633, 49.645825545454549 ], [ 86.506863636363647, 49.688539545454539 ], [ 86.533053636363633, 49.727482545454542 ], [ 86.623458636363637, 49.799014545454547 ] ] ] } },
{ "type": "Feature", "properties": { "NAME": "Pechora", "SYSTEM": null, "MILES": 1841.98146, "KILOMETERS": 2964.38774 }, "geometry": { "type": "LineString", "coordinates": [ [ 54.201885636363642, 68.207092545454543 ], [ 54.186288636363628, 68.188966545454548 ], [ 54.163824636363643, 68.166502545454534 ], [ 54.045528636363628, 68.052697545454549 ], [ 54.00660363636365, 68.027236545454542 ], [ 53.960172636363637, 68.007778545454556 ], [ 53.864349636363642, 67.973344545454552 ], [ 53.764017636363633, 67.943392545454543 ], [ 53.734065636363624, 67.935895545454542 ], [ 53.597787636363648, 67.907437545454542 ], [ 53.516931636363637, 67.892470545454557 ], [ 53.391147636363627, 67.875991545454553 ], [ 53.37017763636365, 67.870006545454544 ], [ 53.32825563636365, 67.850539545454552 ], [ 53.254878636363628, 67.781662545454537 ], [ 53.156058636363639, 67.697818545454538 ], [ 53.126097636363625, 67.684327545454551 ], [ 53.054214636363639, 67.669342545454555 ], [ 53.022768636363651, 67.667866545454558 ], [ 52.932930636363636, 67.667866545454558 ], [ 52.714302636363641, 67.670854545454546 ], [ 52.675368636363629, 67.672348545454554 ], [ 52.615473636363646, 67.687315545454538 ], [ 52.563048636363646, 67.687315545454538 ], [ 52.176705636363636, 67.607953545454535 ], [ 52.134792636363642, 67.589980545454551 ], [ 52.11681963636363, 67.578001545454555 ], [ 52.115316636363644, 67.56452854545455 ], [ 52.137771636363624, 67.471693545454542 ], [ 52.145259636363647, 67.467193545454535 ], [ 52.169217636363641, 67.461208545454554 ], [ 52.218645636363647, 67.458211545454532 ], [ 52.241100636363626, 67.455214545454538 ], [ 52.256076636363645, 67.450714545454531 ], [ 52.262070636363632, 67.440247545454554 ], [ 52.260567636363646, 67.428268545454557 ], [ 52.224630636363628, 67.407289545454546 ], [ 52.191690636363631, 67.393816545454541 ], [ 52.15126263636364, 67.374367545454533 ], [ 52.134792636363642, 67.362379545454559 ], [ 52.127295636363641, 67.348906545454554 ], [ 52.128789636363649, 67.324939545454555 ], [ 52.133280636363651, 67.299478545454548 ], [ 52.202175636363648, 67.199155545454545 ], [ 52.212642636363626, 67.18568254545454 ], [ 52.224630636363628, 67.17517954545454 ], [ 52.245600636363633, 67.160221545454533 ], [ 52.266561636363633, 67.149736545454545 ], [ 52.29800763636365, 67.140745545454536 ], [ 52.324962636363637, 67.13626354545454 ], [ 52.372878636363623, 67.122790545454535 ], [ 52.392345636363643, 67.110811545454538 ], [ 52.39833963636363, 67.097320545454551 ], [ 52.402830636363632, 67.077862545454536 ], [ 52.390842636363629, 66.962554545454537 ], [ 52.387845636363636, 66.940090545454552 ], [ 52.36240263636364, 66.818797545454544 ], [ 52.339929636363649, 66.742423545454557 ], [ 52.357902636363633, 66.713974545454533 ], [ 52.368378636363644, 66.703489545454545 ], [ 52.387845636363636, 66.691510545454548 ], [ 52.43876763636365, 66.66905554545454 ], [ 52.464228636363629, 66.651073545454551 ], [ 52.477701636363633, 66.636106545454538 ], [ 52.486683636363637, 66.621139545454554 ], [ 52.52412363636364, 66.478885545454546 ], [ 52.52412363636364, 66.465394545454558 ], [ 52.515123636363626, 66.450427545454545 ], [ 52.486683636363637, 66.430969545454559 ], [ 52.446255636363645, 66.411502545454539 ], [ 52.43876763636365, 66.395014545454558 ], [ 52.444761636363637, 66.357574545454554 ], [ 52.456749636363639, 66.344119545454532 ], [ 52.471698636363641, 66.323158545454532 ], [ 52.482192636363635, 66.302170545454544 ], [ 52.494171636363632, 66.263245545454538 ], [ 52.506141636363651, 66.165910545454551 ], [ 52.504656636363649, 66.144949545454551 ], [ 52.497168636363625, 66.125491545454537 ], [ 52.486683636363637, 66.107509545454548 ], [ 52.486683636363637, 66.089536545454536 ], [ 52.494171636363632, 66.077566545454545 ], [ 52.521126636363647, 66.047605545454559 ], [ 52.543590636363632, 66.031144545454538 ], [ 52.576530636363628, 65.999689545454544 ], [ 52.57952763636365, 65.987719545454553 ], [ 52.570545636363647, 65.975740545454556 ], [ 52.548081636363634, 65.954770545454551 ], [ 52.479186636363636, 65.921830545454554 ], [ 52.381860636363626, 65.88141154545454 ], [ 52.338435636363641, 65.860423545454552 ], [ 52.300995636363638, 65.836474545454536 ], [ 52.260567636363646, 65.808016545454535 ], [ 52.241100636363626, 65.790052545454557 ], [ 52.215648636363625, 65.740624545454551 ], [ 52.194687636363625, 65.692717545454542 ], [ 52.154250636363628, 65.589379545454534 ], [ 52.119807636363646, 65.460616545454542 ], [ 52.124298636363648, 65.44114954545455 ], [ 52.164726636363639, 65.421673545454553 ], [ 52.239597636363641, 65.409703545454533 ], [ 52.420803636363644, 65.405212545454532 ], [ 52.531620636363641, 65.399218545454545 ], [ 52.681353636363639, 65.379742545454548 ], [ 52.723284636363644, 65.370751545454539 ], [ 52.86254163636363, 65.328829545454539 ], [ 52.892493636363639, 65.328829545454539 ], [ 52.93890663636364, 65.336317545454534 ], [ 52.99133163636364, 65.348296545454531 ], [ 53.030256636363646, 65.352796545454538 ], [ 53.102139636363631, 65.352796545454538 ], [ 53.135079636363628, 65.34980854545455 ], [ 53.163537636363628, 65.345308545454543 ], [ 53.20845663636365, 65.340817545454541 ], [ 53.344725636363648, 65.327326545454554 ], [ 53.371680636363635, 65.327326545454554 ], [ 53.446551636363637, 65.352796545454538 ], [ 53.555865636363649, 65.393233545454535 ], [ 53.660688636363631, 65.435155545454535 ], [ 53.689137636363625, 65.44114954545455 ], [ 53.732562636363639, 65.447125545454554 ], [ 54.023073636363648, 65.457610545454543 ], [ 54.277647636363639, 65.46211054545455 ], [ 54.30908463636365, 65.474089545454547 ], [ 54.340530636363638, 65.501053545454539 ], [ 54.361500636363644, 65.533984545454558 ], [ 54.40042563636365, 65.575906545454558 ], [ 54.446847636363628, 65.610358545454545 ], [ 54.527730636363628, 65.668741545454537 ], [ 54.55620663636364, 65.680711545454557 ], [ 54.592197636363636, 65.688172545454535 ], [ 54.692646636363634, 65.695588545454541 ], [ 54.736116636363647, 65.701555545454539 ], [ 54.809601636363624, 65.725441545454544 ], [ 54.863574636363637, 65.755357545454558 ], [ 54.877092636363642, 65.777821545454543 ], [ 54.895092636363643, 65.803273545454545 ], [ 54.971538636363647, 65.846680545454547 ], [ 55.000005636363625, 65.862043545454554 ], [ 55.056867636363648, 65.886649545454532 ], [ 55.090653636363641, 65.904280545454554 ], [ 55.106817636363644, 65.916025545454545 ], [ 55.122243636363635, 65.931469545454547 ], [ 55.131801636363633, 65.946166545454531 ], [ 55.13546463636365, 65.955697545454541 ], [ 55.137669636363626, 66.019624545454548 ], [ 55.145022636363649, 66.061510545454553 ], [ 55.151637636363631, 66.080608545454538 ], [ 55.160457636363645, 66.098239545454533 ], [ 55.17440763636364, 66.112927545454539 ], [ 55.193505636363625, 66.123214545454545 ], [ 55.219965636363639, 66.132034545454559 ], [ 55.260375636363648, 66.137911545454557 ], [ 55.30812063636364, 66.14746054545455 ], [ 55.407309636363635, 66.173920545454536 ], [ 55.446243636363647, 66.203305545454555 ], [ 55.46975163636364, 66.218002545454539 ], [ 55.493997636363645, 66.232699545454551 ], [ 55.520448636363625, 66.244444545454542 ], [ 55.57922763636364, 66.259870545454532 ], [ 55.76877663636364, 66.301009545454548 ], [ 55.84150563636365, 66.31277254545455 ], [ 55.87089063636364, 66.314968545454548 ], [ 56.177997636363642, 66.329665545454532 ], [ 56.321259636363635, 66.326740545454555 ], [ 56.357259636363636, 66.324526545454546 ], [ 56.389587636363643, 66.319378545454555 ], [ 56.422653636363634, 66.306157545454539 ], [ 56.438079636363625, 66.296599545454541 ], [ 56.451300636363641, 66.28485454545455 ], [ 56.473341636363642, 66.251050545454547 ], [ 56.494653636363637, 66.223141545454553 ], [ 56.517423636363645, 66.201100545454551 ], [ 56.54166963636365, 66.186403545454539 ], [ 56.576940636363645, 66.175378545454549 ], [ 56.608530636363639, 66.156280545454536 ], [ 56.640858636363646, 66.130576545454545 ], [ 56.648940636363648, 66.119551545454556 ], [ 56.655546636363624, 66.087214545454543 ], [ 56.662890636363642, 66.074740545454546 ], [ 56.681997636363633, 66.055633545454555 ], [ 56.702562636363638, 66.041674545454555 ], [ 56.737824636363626, 66.024034545454555 ], [ 56.825259636363626, 65.993911545454552 ], [ 56.86199763636364, 65.977756545454554 ], [ 56.872284636363645, 65.969665545454546 ], [ 56.87595663636364, 65.963788545454548 ], [ 56.872284636363645, 65.956453545454536 ], [ 56.798079636363639, 65.866075545454549 ], [ 56.777496636363651, 65.845510545454545 ], [ 56.747382636363625, 65.821993545454546 ], [ 56.72975163636363, 65.81392054545455 ], [ 56.711391636363629, 65.797009545454557 ], [ 56.693022636363651, 65.773519545454548 ], [ 56.68640763636364, 65.764690545454556 ], [ 56.683464636363624, 65.752198545454547 ], [ 56.688612636363644, 65.727952545454542 ], [ 56.697423636363624, 65.718403545454549 ], [ 56.706981636363651, 65.711059545454532 ], [ 56.833341636363627, 65.623624545454533 ], [ 56.848776636363624, 65.61407554545454 ], [ 56.93840763636365, 65.587624545454531 ], [ 56.990571636363626, 65.567788545454533 ], [ 57.009660636363634, 65.558968545454547 ], [ 57.024366636363624, 65.550157545454539 ], [ 57.044211636363627, 65.534002545454541 ], [ 57.057423636363637, 65.515624545454557 ], [ 57.061095636363632, 65.500198545454538 ], [ 57.060366636363625, 65.491378545454552 ], [ 57.055218636363634, 65.475214545454548 ], [ 57.041997636363647, 65.456116545454535 ], [ 57.031710636363641, 65.444362545454538 ], [ 57.019956636363645, 65.425264545454553 ], [ 57.017022636363635, 65.417173545454546 ], [ 57.014817636363631, 65.405428545454555 ], [ 57.01628463636365, 65.400280545454535 ], [ 57.019218636363632, 65.39292754545454 ], [ 57.026247636363649, 65.385682545454557 ], [ 57.002775636363651, 65.149981545454551 ], [ 57.097221636363628, 65.109130545454548 ], [ 57.256935636363636, 65.130244545454559 ], [ 57.244992636363634, 65.02941754545455 ], [ 57.466086636363627, 65.018860545454544 ], [ 57.656652636363646, 64.865248545454534 ], [ 57.88275963636363, 64.814407545454543 ], [ 57.785271636363632, 64.569697545454545 ], [ 57.833052636363647, 64.50219754545455 ], [ 57.717204636363647, 64.497193545454536 ], [ 57.711381636363626, 64.469131545454559 ], [ 57.801372636363624, 64.407742545454539 ], [ 57.69971763636363, 64.381912545454554 ], [ 57.741666636363647, 64.321639545454559 ], [ 57.623316636363626, 64.328308545454547 ], [ 57.621372636363645, 64.268035545454552 ], [ 57.465825636363633, 64.201084545454535 ], [ 57.621372636363645, 64.178296545454543 ], [ 57.658587636363649, 64.143313545454532 ], [ 57.50998863636363, 64.138309545454547 ], [ 57.659424636363639, 64.083589545454544 ], [ 57.649425636363645, 64.049407545454557 ], [ 57.480270636363628, 63.996370545454546 ], [ 57.541110636363641, 63.924154545454549 ], [ 57.499161636363624, 63.902482545454539 ], [ 57.321375636363626, 63.911923545454549 ], [ 57.219144636363637, 63.842758545454551 ], [ 57.031107636363629, 63.876094545454542 ], [ 56.872221636363633, 63.861928545454539 ], [ 56.726385636363631, 63.797767545454541 ], [ 56.650542636363639, 63.652750545454545 ], [ 56.412762636363624, 63.522484545454539 ], [ 56.566095636363627, 63.451645545454546 ], [ 56.52721563636365, 63.40553854545454 ], [ 56.446926636363628, 63.436102545454538 ], [ 56.419440636363646, 63.40970554545455 ], [ 56.466384636363642, 63.307762545454544 ], [ 56.181660636363631, 63.245527545454543 ], [ 56.093046636363624, 63.18664954545455 ], [ 55.933602636363645, 63.224431545454543 ], [ 55.866102636363649, 63.188035545454547 ], [ 56.100273636363625, 63.033865545454539 ], [ 56.231097636363643, 62.829142545454552 ], [ 56.177205636363624, 62.747206545454539 ], [ 56.216382636363647, 62.711917545454547 ], [ 56.66442963636365, 62.596375545454542 ], [ 56.714451636363634, 62.300059545454552 ], [ 56.741658636363638, 62.264158545454542 ], [ 56.585823636363642, 62.118871545454546 ], [ 56.730264636363643, 62.076940545454541 ], [ 56.822217636363632, 61.938592545454547 ], [ 56.830272636363645, 61.796095545454541 ], [ 56.951664636363631, 61.814986545454552 ], [ 57.043599636363638, 61.778869545454548 ], [ 56.940540636363636, 61.749151545454545 ], [ 56.987205636363626, 61.725535545454541 ], [ 57.333057636363634, 61.686376545454543 ], [ 57.737769636363623, 61.817767545454551 ], [ 57.876657636363632, 61.807201545454539 ], [ 57.972759636363634, 61.970812545454542 ], [ 58.32387663636365, 62.081368545454545 ], [ 58.461099636363627, 62.07276454545454 ], [ 58.753878636363623, 61.971649545454547 ], [ 58.948602636363631, 62.037205545454547 ], [ 59.226927636363627, 61.994707545454538 ], [ 59.365275636363634, 62.212480545454547 ], [ 59.398881636363626, 62.22748354545454 ], [ 59.440263636363625, 62.19943054545454 ] ] } },
{ "type": "Feature", "properties": { "NAME": "Tobol", "SYSTEM": "Ob", "MILES": 1039.94121, "KILOMETERS": 1673.62649 }, "geometry": { "type": "LineString", "coordinates": [ [ 60.809991636363634, 51.791659545454543 ], [ 60.872487636363644, 51.75971854545454 ], [ 60.913608636363648, 51.699157545454547 ], [ 60.913878636363648, 51.694153545454547 ], [ 60.903321636363643, 51.676378545454547 ], [ 60.906651636363648, 51.665830545454547 ], [ 60.942840636363627, 51.618886545454551 ], [ 60.942687636363644, 51.61834654545455 ], [ 60.942300636363626, 51.61666354545455 ], [ 60.931653636363649, 51.59804254545454 ], [ 60.937764636363625, 51.552700545454549 ], [ 60.975546636363646, 51.500275545454549 ], [ 61.024020636363645, 51.480412545454548 ], [ 61.140543636363645, 51.459721545454549 ], [ 61.17665163636363, 51.46623754545454 ], [ 61.210275636363633, 51.468595545454541 ], [ 61.34887563636363, 51.458047545454541 ], [ 61.490823636363643, 51.424999545454547 ], [ 61.498014636363649, 51.42857254545455 ], [ 61.505268636363638, 51.456652545454538 ], [ 61.55222163636364, 51.46748854545455 ], [ 61.559151636363652, 51.471097545454548 ], [ 61.618047636363627, 51.527491545454545 ], [ 61.628595636363627, 51.550000545454544 ], [ 61.628325636363627, 51.560269545454538 ], [ 61.625544636363628, 51.611110545454544 ], [ 61.62526563636365, 51.616096545454546 ], [ 61.60943463636363, 51.661096545454548 ], [ 61.595547636363648, 51.678331545454547 ], [ 61.591101636363646, 51.68942854545454 ], [ 61.581939636363643, 51.716662545454547 ], [ 61.569159636363651, 51.774991545454547 ], [ 61.54415763636365, 51.900271545454551 ], [ 61.54583163636363, 51.915265545454538 ], [ 61.558044636363633, 52.005274545454547 ], [ 61.581660636363637, 52.032769545454549 ], [ 61.582776636363633, 52.046665545454552 ], [ 61.559718636363641, 52.106101545454543 ], [ 61.538892636363641, 52.140823545454545 ], [ 61.535823636363631, 52.145548545454538 ], [ 61.52638263636365, 52.153603545454551 ], [ 61.507500636363631, 52.156096545454538 ], [ 61.494432636363626, 52.162207545454542 ], [ 61.488879636363635, 52.165825545454545 ], [ 61.481940636363646, 52.174987545454549 ], [ 61.479429636363648, 52.186651545454545 ], [ 61.488879636363635, 52.234162545454545 ], [ 61.518597636363637, 52.264996545454544 ], [ 61.725822636363631, 52.477765545454538 ], [ 61.732761636363648, 52.480276545454551 ], [ 61.743048636363625, 52.480546545454551 ], [ 61.866663636363626, 52.479988545454539 ], [ 61.876932636363648, 52.478872545454543 ], [ 61.916667636363627, 52.468045545454551 ], [ 61.955268636363627, 52.47832354545455 ], [ 61.972494636363649, 52.48137454545455 ], [ 62.077776636363637, 52.48860154545455 ], [ 62.129715636363642, 52.485541545454545 ], [ 62.190825636363627, 52.494991545454546 ], [ 62.203884636363625, 52.500823545454544 ], [ 62.212776636363628, 52.509436545454541 ], [ 62.218599636363649, 52.512775545454538 ], [ 62.239992636363638, 52.520272545454539 ], [ 62.257218636363632, 52.523044545454546 ], [ 62.369439636363637, 52.54027054545454 ], [ 62.483325636363645, 52.564993545454548 ], [ 62.73249063636365, 52.64415754545454 ], [ 62.74471263636363, 52.650826545454542 ], [ 62.789991636363624, 52.67860054545455 ], [ 62.791935636363633, 52.684720545454546 ], [ 62.79582363636365, 52.71915454545455 ], [ 62.792772636363651, 52.763056545454539 ], [ 62.794446636363631, 52.769158545454552 ], [ 62.798604636363649, 52.773883545454545 ], [ 62.864718636363648, 52.83193354545454 ], [ 62.86970463636365, 52.835263545454545 ], [ 63.057210636363635, 52.898605545454551 ], [ 63.158325636363628, 52.946098545454539 ], [ 63.269439636363643, 52.988326545454548 ], [ 63.376656636363634, 53.025550545454543 ], [ 63.518325636363642, 53.079163545454541 ], [ 63.524436636363646, 53.089990545454548 ], [ 63.55943763636364, 53.137501545454548 ], [ 63.601935636363635, 53.186101545454541 ], [ 63.611106636363644, 53.194705545454546 ], [ 63.732759636363625, 53.29777354545454 ], [ 63.77109963636363, 53.323612545454544 ], [ 63.808323636363639, 53.339722545454542 ], [ 63.882492636363651, 53.438596545454551 ], [ 63.885552636363627, 53.443879545454543 ], [ 63.88665063636364, 53.450827545454551 ], [ 63.891384636363625, 53.542771545454549 ], [ 63.889989636363651, 53.574163545454546 ], [ 63.888045636363643, 53.593045545454551 ], [ 63.86971263636363, 53.628595545454552 ], [ 63.864150636363632, 53.638603545454551 ], [ 63.835260636363643, 53.675269545454547 ], [ 63.810546636363625, 53.733328545454548 ], [ 63.758328636363643, 53.863612545454551 ], [ 63.751938636363633, 53.892214545454543 ], [ 63.766662636363634, 54.006100545454551 ], [ 63.770541636363646, 54.025828545454551 ], [ 63.774708636363641, 54.030544545454539 ], [ 63.790557636363644, 54.042217545454541 ], [ 63.813885636363636, 54.048877545454538 ], [ 63.844710636363629, 54.049993545454548 ], [ 63.853323636363626, 54.051658545454551 ], [ 63.860829636363633, 54.054160545454543 ], [ 63.864996636363628, 54.058885545454551 ], [ 63.900276636363628, 54.156382545454541 ], [ 63.902220636363637, 54.162493545454545 ], [ 63.902103636363648, 54.200257545454541 ], [ 63.914172636363645, 54.20446954545455 ], [ 63.977352636363634, 54.214162545454549 ], [ 64.018347636363643, 54.244087545454541 ], [ 63.990483636363649, 54.271384545454545 ], [ 63.978045636363646, 54.292633545454542 ], [ 63.995478636363629, 54.311173545454544 ], [ 64.085262636363638, 54.318328545454541 ], [ 64.240818636363628, 54.331108545454548 ], [ 64.29443163636364, 54.347074545454539 ], [ 64.319424636363635, 54.347218545454545 ], [ 64.341087636363625, 54.34193554545454 ], [ 64.362201636363636, 54.339424545454541 ], [ 64.382469636363624, 54.33888454545454 ], [ 64.411368636363648, 54.341665545454539 ], [ 64.538880636363643, 54.36387754545455 ], [ 64.547484636363635, 54.365542545454538 ], [ 64.562478636363636, 54.370276545454551 ], [ 64.597641636363647, 54.387880545454543 ], [ 64.600386636363623, 54.390688545454545 ], [ 64.601187636363647, 54.391516545454543 ], [ 64.751667636363635, 54.41054254545454 ], [ 64.759992636363648, 54.411937545454542 ], [ 64.768875636363646, 54.41361154545455 ], [ 64.781664636363644, 54.41972254545454 ], [ 64.790547636363641, 54.42916354545455 ], [ 64.828599636363634, 54.471373545454547 ], [ 64.83831963636365, 54.487501545454542 ], [ 64.852764636363645, 54.515824545454542 ], [ 64.874418636363629, 54.580552545454545 ], [ 64.88387763636365, 54.614158545454551 ], [ 64.884993636363646, 54.620827545454539 ], [ 65.019147636363641, 54.723598545454543 ], [ 64.971645636363633, 54.811933545454544 ], [ 64.947750636363651, 54.910546545454544 ], [ 64.965003636363633, 54.988045545454547 ], [ 64.968315636363627, 54.993328545454538 ], [ 65.052474636363627, 55.079440545454538 ], [ 65.175261636363643, 55.16193454545455 ], [ 65.184144636363641, 55.171096545454539 ], [ 65.283873636363637, 55.29166054545454 ], [ 65.288589636363639, 55.304161545454541 ], [ 65.288589636363639, 55.316662545454541 ], [ 65.284431636363649, 55.327219545454547 ], [ 65.272218636363647, 55.340548545454546 ], [ 65.263884636363628, 55.349161545454542 ], [ 65.224698636363627, 55.375261545454542 ], [ 65.217750636363633, 55.384720545454549 ], [ 65.217750636363633, 55.390831545454539 ], [ 65.221098636363649, 55.396384545454545 ], [ 65.240259636363646, 55.413880545454539 ], [ 65.251392636363647, 55.420270545454549 ], [ 65.335533636363635, 55.43888254545454 ], [ 65.344434636363644, 55.440268545454551 ], [ 65.376915636363634, 55.437766545454544 ], [ 65.385816636363643, 55.43915254545454 ], [ 65.392494636363637, 55.442491545454551 ], [ 65.403591636363643, 55.449997545454544 ], [ 65.549994636363635, 55.587211545454544 ], [ 65.558031636363637, 55.597219545454543 ], [ 65.561370636363648, 55.602493545454543 ], [ 65.608602636363628, 55.694158545454549 ], [ 65.675805636363634, 55.89861154545455 ], [ 65.674428636363643, 55.904164545454542 ], [ 65.660532636363627, 55.960549545454548 ], [ 65.660532636363627, 55.966939545454544 ], [ 65.664150636363644, 55.97860354545454 ], [ 65.673312636363647, 55.987774545454549 ], [ 65.70998763636365, 56.016664545454539 ], [ 65.716935636363644, 56.019715545454538 ], [ 65.733873636363626, 56.023612545454547 ], [ 65.823882636363635, 56.05137754545455 ], [ 65.942475636363639, 56.114152545454552 ], [ 65.922765636363636, 56.17582954545454 ], [ 65.925807636363629, 56.20361254545454 ], [ 66.019434636363627, 56.238595545454551 ], [ 66.13665063636364, 56.266387545454542 ], [ 66.208326636363637, 56.315545545454547 ], [ 66.268869636363632, 56.369158545454546 ], [ 66.251103636363638, 56.379994545454544 ], [ 66.246936636363642, 56.384440545454545 ], [ 66.245820636363646, 56.396383545454547 ], [ 66.254163636363643, 56.406382545454541 ], [ 66.282207636363637, 56.42610154545455 ], [ 66.362766636363631, 56.495824545454546 ], [ 66.369984636363625, 56.506660545454544 ], [ 66.373026636363647, 56.520268545454549 ], [ 66.371649636363628, 56.525830545454546 ], [ 66.367752636363633, 56.530276545454548 ], [ 66.356646636363649, 56.538043545454549 ], [ 66.336108636363633, 56.547772545454542 ], [ 66.301926636363646, 56.57027254545455 ], [ 66.290820636363634, 56.584159545454547 ], [ 66.289695636363632, 56.596102545454549 ], [ 66.29220663636363, 56.602222545454545 ], [ 66.306930636363631, 56.623318545454545 ], [ 66.364431636363634, 56.67804754545454 ], [ 66.421914636363624, 56.726377545454547 ], [ 66.43969863636363, 56.737771545454542 ], [ 66.444423636363638, 56.742487545454544 ], [ 66.449706636363629, 56.754439545454538 ], [ 66.447753636363643, 56.76859654545455 ], [ 66.439968636363631, 56.796388545454541 ], [ 66.42915063636363, 56.822776545454538 ], [ 66.427764636363634, 56.828329545454544 ], [ 66.42915063636363, 56.83999354545454 ], [ 66.433875636363638, 56.844709545454542 ], [ 66.658038636363642, 57.035554545454538 ], [ 66.770538636363625, 57.108049545454541 ], [ 66.812766636363648, 57.134986545454545 ], [ 66.835266636363627, 57.143329545454542 ], [ 66.858315636363642, 57.14305054545455 ], [ 66.897492636363637, 57.134716545454545 ], [ 66.91361163636364, 57.13804654545455 ], [ 66.919434636363633, 57.141664545454539 ], [ 66.968331636363644, 57.185548545454544 ], [ 66.97719663636363, 57.195547545454538 ], [ 66.976089636363639, 57.207499545454546 ], [ 66.966666636363641, 57.215824545454545 ], [ 66.95846763636365, 57.218542545454547 ], [ 66.939972636363649, 57.22304254545454 ], [ 66.933042636363638, 57.226381545454551 ], [ 66.92637363636365, 57.235831545454552 ], [ 66.976926636363629, 57.313879545454547 ], [ 67.122204636363648, 57.444991545454549 ], [ 67.140546636363638, 57.440275545454547 ], [ 67.149987636363647, 57.441652545454538 ], [ 67.163316636363646, 57.448330545454546 ], [ 67.172766636363633, 57.46582654545454 ], [ 67.168869636363638, 57.476383545454546 ], [ 67.126371636363643, 57.557491545454546 ], [ 67.114158636363641, 57.570829545454551 ], [ 67.09859763636365, 57.576949545454546 ], [ 67.104429636363648, 57.627205545454551 ], [ 67.142760636363647, 57.752773545454538 ], [ 67.14553263636364, 57.75860554545455 ], [ 67.208037636363628, 57.810814545454541 ], [ 67.222491636363628, 57.816097545454546 ], [ 67.375266636363648, 57.851665545454544 ], [ 67.393050636363625, 57.855274545454542 ], [ 67.59275163636363, 57.852772545454549 ], [ 67.712487636363647, 57.875263545454551 ], [ 67.844436636363639, 57.858595545454541 ], [ 67.874145636363636, 57.851935545454545 ], [ 67.885818636363638, 57.851935545454545 ], [ 67.903872636363644, 57.855274545454542 ], [ 67.986645636363647, 57.870826545454541 ], [ 67.994979636363638, 57.872761545454544 ], [ 68.008605636363626, 57.879439545454538 ], [ 68.078598636363637, 57.919444545454546 ], [ 68.091369636363652, 57.927490545454539 ], [ 68.094141636363645, 57.933601545454543 ], [ 68.094708636363634, 57.939991545454539 ], [ 68.091936636363641, 57.944986545454547 ], [ 68.066376636363628, 57.971374545454545 ], [ 68.036658636363626, 58.002217545454549 ], [ 68.033058636363648, 58.013053545454547 ], [ 68.124147636363631, 58.124437545454548 ], [ 68.136657636363651, 58.131934545454548 ], [ 68.204436636363624, 58.162210545454549 ], [ 68.211924636363648, 58.164991545454548 ], [ 68.225442636363624, 58.163983545454549 ] ] } },
{ "type": "Feature", "properties": { "NAME": "Ural", "SYSTEM": null, "MILES": 1392.79331, "KILOMETERS": 2241.48805 }, "geometry": { "type": "LineString", "coordinates": [ [ 51.717975636363633, 46.939480545454551 ], [ 51.746379636363628, 46.954708545454544 ], [ 51.770823636363644, 46.973320545454548 ], [ 51.819720636363627, 47.010553545454549 ], [ 51.845829636363646, 47.03555554545455 ], [ 51.91220463636364, 47.099167545454542 ], [ 51.915831636363635, 47.10416254545455 ], [ 51.92026863636363, 47.11693354545455 ], [ 51.933327636363629, 47.17582954545454 ], [ 51.928881636363627, 47.241934545454548 ], [ 51.928323636363643, 47.247775545454552 ], [ 51.90192663636364, 47.342491545454543 ], [ 51.869157636363639, 47.379994545454544 ], [ 51.82777563636364, 47.436100545454543 ], [ 51.822492636363648, 47.451382545454543 ], [ 51.82339263636365, 47.46310954545455 ], [ 51.817218636363634, 47.477212545454542 ], [ 51.808047636363625, 47.484718545454548 ], [ 51.741663636363626, 47.529160545454538 ], [ 51.732492636363645, 47.529439545454544 ], [ 51.726381636363641, 47.526937545454551 ], [ 51.686097636363627, 47.552776545454542 ], [ 51.652743636363624, 47.578615545454547 ], [ 51.629694636363638, 47.597227545454551 ], [ 51.618570636363643, 47.609746545454549 ], [ 51.605232636363638, 47.633083545454546 ], [ 51.604116636363642, 47.644477545454542 ], [ 51.607716636363648, 47.657815545454547 ], [ 51.638469636363624, 47.814001545454538 ], [ 51.665100636363633, 47.96209654545455 ], [ 51.664542636363649, 47.967928545454548 ], [ 51.642492636363642, 48.081382545454538 ], [ 51.639720636363649, 48.08582854545454 ], [ 51.586656636363642, 48.191371545454551 ], [ 51.593883636363643, 48.259717545454542 ], [ 51.595260636363633, 48.299434545454538 ], [ 51.59138163636365, 48.366097545454544 ], [ 51.576099636363637, 48.433597545454539 ], [ 51.56832363636363, 48.436099545454546 ], [ 51.56527263636363, 48.440545545454547 ], [ 51.566100636363643, 48.446656545454537 ], [ 51.632763636363649, 48.533056545454549 ], [ 51.637218636363627, 48.537214545454539 ], [ 51.650268636363649, 48.542218545454539 ], [ 51.664704636363638, 48.545269545454538 ], [ 51.70749963636365, 48.546943545454546 ], [ 51.753885636363634, 48.562207545454548 ], [ 51.766107636363643, 48.567769545454546 ], [ 51.816939636363628, 48.640543545454541 ], [ 51.843885636363638, 48.717763545454538 ], [ 51.849159636363623, 48.873049545454542 ], [ 51.833328636363632, 48.876379545454547 ], [ 51.830268636363627, 48.881095545454549 ], [ 51.832770636363648, 48.893884545454547 ], [ 51.847494636363649, 48.969151545454544 ], [ 51.861939636363644, 49.042771545454549 ], [ 51.895824636363642, 49.075828545454549 ], [ 51.92555163636365, 49.097491545454538 ], [ 51.958878636363636, 49.158331545454551 ], [ 51.96083163636365, 49.165261545454548 ], [ 51.910269636363637, 49.303042545454538 ], [ 51.903600636363649, 49.305823545454551 ], [ 51.894996636363629, 49.305544545454545 ], [ 51.887769636363629, 49.30360054545455 ], [ 51.724986636363639, 49.426657545454539 ], [ 51.715275636363629, 49.46859754545455 ], [ 51.690273636363628, 49.521103545454544 ], [ 51.632493636363648, 49.592491545454543 ], [ 51.582768636363625, 49.626934545454539 ], [ 51.518328636363634, 49.693885545454542 ], [ 51.480816636363642, 49.745824545454546 ], [ 51.480546636363641, 49.795549545454541 ], [ 51.481374636363626, 49.801939545454537 ], [ 51.461664636363651, 49.840549545454543 ], [ 51.45859563636364, 49.844986545454539 ], [ 51.438885636363636, 49.859989545454546 ], [ 51.384435636363634, 49.894999545454546 ], [ 51.323883636363632, 49.923610545454544 ], [ 51.31833063636364, 49.926949545454541 ], [ 51.315270636363636, 49.931377545454545 ], [ 51.309987636363644, 49.971931545454545 ], [ 51.312489636363637, 49.976656545454539 ], [ 51.33915663636364, 49.994440545454545 ], [ 51.342765636363623, 49.999714545454545 ], [ 51.344709636363632, 50.006383545454547 ], [ 51.343323636363635, 50.017768545454551 ], [ 51.338598636363628, 50.027488545454538 ], [ 51.306936636363645, 50.054992545454546 ], [ 51.325827636363641, 50.068051545454544 ], [ 51.338598636363628, 50.086933545454549 ], [ 51.338598636363628, 50.126101545454539 ], [ 51.334719636363644, 50.136379545454538 ], [ 51.313047636363649, 50.156377545454539 ], [ 51.301932636363631, 50.163316545454542 ], [ 51.245826636363631, 50.173882545454539 ], [ 51.231939636363649, 50.179435545454545 ], [ 51.196101636363636, 50.199721545454544 ], [ 51.105552636363626, 50.264998545454539 ], [ 51.101394636363636, 50.268877545454551 ], [ 51.100548636363641, 50.274709545454549 ], [ 51.10249263636365, 50.381665545454545 ], [ 51.10971963636365, 50.436097545454551 ], [ 51.111933636363631, 50.449156545454549 ], [ 51.119439636363637, 50.467759545454548 ], [ 51.171099636363635, 50.699437545454551 ], [ 51.166383636363634, 50.774713545454539 ], [ 51.158877636363627, 50.783335545454541 ], [ 51.164709636363625, 50.832502545454538 ], [ 51.16666263636364, 50.839153545454543 ], [ 51.180549636363651, 50.865541545454541 ], [ 51.184158636363634, 50.870824545454546 ], [ 51.236655636363651, 50.915545545454542 ], [ 51.243882636363651, 50.917498545454542 ], [ 51.262503636363647, 50.91610354545454 ], [ 51.278595636363633, 50.918326545454541 ], [ 51.309150636363626, 50.95555054545455 ], [ 51.312759636363637, 50.96082454545455 ], [ 51.33999363636363, 51.002773545454538 ], [ 51.363609636363634, 51.04276954545454 ], [ 51.365544636363637, 51.049438545454542 ], [ 51.369153636363649, 51.097489545454543 ], [ 51.368595636363636, 51.103051545454541 ], [ 51.365274636363637, 51.107776545454549 ], [ 51.346932636363647, 51.117487545454544 ], [ 51.359163636363633, 51.152488545454538 ], [ 51.361935636363626, 51.158599545454543 ], [ 51.39833163636365, 51.176932545454541 ], [ 51.501660636363624, 51.217207545454549 ], [ 51.509715636363637, 51.218323545454545 ], [ 51.52888563636364, 51.214714545454548 ], [ 51.538893636363639, 51.214435545454542 ], [ 51.55693863636364, 51.215002545454546 ], [ 51.572490636363625, 51.218323545454545 ], [ 51.648045636363634, 51.246934545454543 ], [ 51.789435636363635, 51.29387854545454 ], [ 51.846378636363625, 51.303319545454549 ], [ 51.903879636363627, 51.319717545454544 ], [ 51.937206636363641, 51.341101545454542 ], [ 51.941940636363626, 51.345547545454544 ], [ 51.944712636363647, 51.351667545454539 ], [ 51.944154636363635, 51.357220545454545 ], [ 51.942489636363632, 51.362503545454551 ], [ 51.99999963636364, 51.392770545454546 ], [ 52.075275636363642, 51.393058545454544 ], [ 52.169442636363641, 51.37999054545454 ], [ 52.213884636363645, 51.422488545454549 ], [ 52.213326636363632, 51.428041545454541 ], [ 52.218879636363624, 51.431659545454544 ], [ 52.227204636363638, 51.43277554545454 ], [ 52.420272636363649, 51.394156545454543 ], [ 52.431666636363644, 51.38721754545454 ], [ 52.450269636363629, 51.371656545454549 ], [ 52.461663636363625, 51.36443854545454 ], [ 52.478331636363635, 51.359722545454538 ], [ 52.485261636363646, 51.360271545454545 ], [ 52.492488636363646, 51.362206545454548 ], [ 52.498041636363638, 51.365824545454551 ], [ 52.575000636363626, 51.460549545454548 ], [ 52.583622636363629, 51.463105545454546 ], [ 52.584927636363631, 51.46314154545454 ], [ 52.60762563636365, 51.456382545454538 ], [ 52.664154636363634, 51.456652545454538 ], [ 52.69860663636365, 51.47262754545455 ], [ 52.768257636363643, 51.503263545454551 ], [ 52.841373636363642, 51.484714545454544 ], [ 52.884987636363633, 51.464995545454549 ], [ 52.986111636363631, 51.470827545454547 ], [ 53.048337636363641, 51.491662545454538 ], [ 53.147490636363642, 51.501112545454539 ], [ 53.203884636363625, 51.493192545454541 ], [ 53.294442636363641, 51.486379545454547 ], [ 53.325690636363646, 51.492220545454551 ], [ 53.339244636363645, 51.496270545454543 ], [ 53.376099636363648, 51.528049545454543 ], [ 53.424438636363647, 51.564157545454542 ], [ 53.43859563636363, 51.568603545454543 ], [ 53.521377636363638, 51.582499545454546 ], [ 53.618595636363636, 51.584722545454547 ], [ 53.627775636363651, 51.584722545454547 ], [ 53.645541636363646, 51.580276545454545 ], [ 53.668329636363637, 51.560548545454544 ], [ 53.687760636363635, 51.550828545454543 ], [ 53.70859563636364, 51.548884545454548 ], [ 53.716938636363636, 51.549721545454538 ], [ 53.819160636363648, 51.563041545454546 ], [ 53.827494636363639, 51.564157545454542 ], [ 53.880270636363633, 51.578881545454543 ], [ 53.931381636363625, 51.601660545454543 ], [ 53.950830636363634, 51.618877545454545 ], [ 53.964996636363651, 51.623314545454541 ], [ 54.042216636363634, 51.629722545454548 ], [ 54.196935636363634, 51.661096545454548 ], [ 54.286944636363643, 51.680545545454542 ], [ 54.304440636363637, 51.681661545454538 ], [ 54.313044636363628, 51.680545545454542 ], [ 54.321378636363647, 51.67804354545455 ], [ 54.326949636363651, 51.674434545454538 ], [ 54.329721636363644, 51.66971854545455 ], [ 54.329991636363644, 51.664156545454539 ], [ 54.326103636363626, 51.646102545454546 ], [ 54.328884636363625, 51.641665545454551 ], [ 54.337209636363639, 51.639163545454544 ], [ 54.345273636363629, 51.639991545454542 ], [ 54.358602636363628, 51.645274545454548 ], [ 54.382767636363639, 51.658045545454549 ], [ 54.493044636363635, 51.704440545454538 ], [ 54.684933636363638, 51.754030545454548 ], [ 54.69328563636364, 51.754858545454546 ], [ 54.702744636363633, 51.75289654545454 ], [ 54.724731636363629, 51.743977545454548 ], [ 54.743928636363648, 51.74341954545455 ], [ 54.760902636363625, 51.745336545454542 ], [ 54.841857636363642, 51.756937545454541 ], [ 54.90663963636365, 51.770509545454551 ], [ 54.919986636363632, 51.775783545454551 ], [ 54.94248663636364, 51.781057545454551 ], [ 54.972492636363626, 51.778825545454545 ], [ 54.982221636363647, 51.77661154545455 ], [ 55.014243636363631, 51.76321954545454 ], [ 55.046103636363625, 51.744436545454541 ], [ 55.083057636363634, 51.729712545454539 ], [ 55.099167636363632, 51.72470854545454 ], [ 55.109166636363625, 51.72387154545455 ], [ 55.153599636363651, 51.726103545454542 ], [ 55.221369636363647, 51.732493545454538 ], [ 55.327776636363637, 51.744436545454541 ], [ 55.392216636363628, 51.754165545454548 ], [ 55.401378636363631, 51.754165545454548 ], [ 55.628871636363641, 51.722764545454545 ], [ 55.635558636363641, 51.713881545454548 ], [ 55.782492636363628, 51.66749554545455 ], [ 55.937490636363634, 51.627769545454548 ], [ 55.968603636363639, 51.610831545454538 ], [ 55.990275636363634, 51.579160545454549 ], [ 56.007771636363628, 51.56276254545454 ], [ 56.02804863636365, 51.547768545454538 ], [ 56.109714636363634, 51.519994545454544 ], [ 56.209434636363625, 51.47249254545455 ], [ 56.284719636363633, 51.432487545454542 ], [ 56.292774636363646, 51.423883545454551 ], [ 56.303322636363646, 51.416665545454542 ], [ 56.402214636363624, 51.39888154545455 ], [ 56.674986636363627, 51.356941545454539 ], [ 56.706378636363638, 51.352486545454546 ], [ 56.743611636363624, 51.351667545454539 ], [ 56.786109636363648, 51.352486545454546 ], [ 56.886378636363645, 51.35193754545454 ], [ 57.060816636363626, 51.337771545454551 ], [ 57.070545636363647, 51.336655545454541 ], [ 57.122763636363629, 51.325270545454551 ], [ 57.141384636363625, 51.314992545454551 ], [ 57.15304863636365, 51.291106545454547 ], [ 57.163317636363644, 51.278047545454548 ], [ 57.184440636363632, 51.263053545454547 ], [ 57.225543636363625, 51.244153545454544 ], [ 57.433056636363631, 51.169444545454546 ], [ 57.440823636363632, 51.166663545454547 ], [ 57.457500636363648, 51.168058545454549 ], [ 57.47999163636365, 51.172765545454546 ], [ 57.507216636363637, 51.172486545454539 ], [ 57.527772636363636, 51.169714545454546 ], [ 57.628869636363646, 51.153316545454551 ], [ 57.640542636363648, 51.146377545454548 ], [ 57.653601636363646, 51.134164545454546 ], [ 57.661368636363648, 51.125542545454543 ], [ 57.672492636363643, 51.10721854545455 ], [ 57.679161636363631, 51.103879545454539 ], [ 57.68776563636365, 51.102493545454543 ], [ 57.704991636363644, 51.103051545454541 ], [ 57.792678636363632, 51.116317545454542 ], [ 57.843537636363635, 51.102142545454548 ], [ 58.15138263636365, 51.053884545454544 ], [ 58.182702636363643, 51.058177545454548 ], [ 58.211934636363651, 51.096724545454542 ], [ 58.220547636363648, 51.11763154545455 ], [ 58.31443563636364, 51.149986545454546 ], [ 58.337772636363638, 51.15609754545455 ], [ 58.374159636363629, 51.177490545454539 ], [ 58.421661636363638, 51.195823545454552 ], [ 58.452486636363631, 51.197209545454548 ], [ 58.537221636363626, 51.204436545454548 ], [ 58.575462636363625, 51.214417545454545 ], [ 58.619157636363639, 51.221923545454551 ], [ 58.646661636363632, 51.231940545454542 ], [ 58.734987636363627, 51.295003545454541 ], [ 58.748325636363631, 51.307207545454538 ], [ 58.751664636363643, 51.312211545454538 ], [ 58.76777463636364, 51.350542545454552 ], [ 58.769151636363631, 51.356941545454539 ], [ 58.762770636363626, 51.436384545454551 ], [ 58.761663636363636, 51.449434545454544 ], [ 58.759719636363627, 51.45498754545455 ], [ 58.751934636363643, 51.463879545454539 ], [ 58.660548636363643, 51.559153545454542 ], [ 58.626384636363639, 51.58749454545454 ], [ 58.623315636363628, 51.592489545454548 ], [ 58.619157636363639, 51.622765545454548 ], [ 58.618329636363626, 51.649720545454549 ], [ 58.624710636363631, 51.686935545454538 ], [ 58.71029163636365, 51.727849545454539 ], [ 58.756173636363627, 51.756028545454548 ], [ 58.762617636363643, 51.776953545454539 ], [ 58.79320863636363, 51.91461754545454 ], [ 58.79320863636363, 51.927487545454547 ], [ 58.789977636363631, 51.949231545454545 ], [ 58.778718636363635, 51.994312545454541 ], [ 58.785153636363646, 52.062739545454541 ], [ 58.812531636363644, 52.15129054545455 ], [ 58.833600636363627, 52.201384545454552 ], [ 58.861104636363649, 52.213057545454539 ], [ 58.87693563636364, 52.22387554545454 ], [ 58.97776263636365, 52.346095545454538 ], [ 58.979157636363624, 52.352215545454548 ], [ 58.97794263636365, 52.373023545454551 ], [ 59.010270636363629, 52.381663545454551 ], [ 59.03777463636365, 52.392490545454542 ], [ 59.054991636363638, 52.40248954545455 ], [ 59.096652636363643, 52.439425545454547 ], [ 59.136657636363651, 52.488880545454542 ], [ 59.13221163636365, 52.498600545454543 ], [ 59.123319636363647, 52.50694354545454 ], [ 59.068329636363643, 52.52888554545455 ], [ 59.005275636363649, 52.547488545454549 ], [ 58.86970863636364, 52.859986545454539 ], [ 58.86970863636364, 52.866934545454548 ], [ 58.891380636363635, 52.915264545454541 ], [ 58.894998636363624, 52.919989545454548 ], [ 58.921665636363628, 52.945261545454549 ], [ 58.933329636363624, 52.952218545454549 ], [ 58.956378636363638, 52.958878545454546 ], [ 58.962210636363636, 52.962208545454551 ], [ 58.969437636363637, 52.971928545454539 ], [ 58.983675636363643, 53.014237545454542 ], [ 58.987770636363649, 53.023606545454548 ], [ 58.989156636363646, 53.029717545454538 ], [ 58.988328636363633, 53.049994545454545 ], [ 58.989210636363651, 53.053873545454543 ], [ 59.023878636363634, 53.091097545454538 ], [ 59.123049636363646, 53.188324545454542 ], [ 59.164440636363651, 53.225818545454551 ], [ 59.173044636363642, 53.234719545454546 ], [ 59.169714636363636, 53.246383545454542 ], [ 59.166384636363631, 53.251387545454541 ], [ 59.126100636363645, 53.302219545454541 ], [ 59.03861163636364, 53.363050545454549 ], [ 59.006949636363629, 53.490544545454547 ], [ 59.007219636363629, 53.503054545454539 ], [ 59.009721636363651, 53.508607545454545 ], [ 59.019153636363626, 53.516662545454544 ], [ 59.14666563636365, 53.586106545454548 ], [ 59.153595636363633, 53.588878545454541 ], [ 59.169156636363624, 53.593324545454543 ], [ 59.179434636363624, 53.592766545454545 ], [ 59.205831636363627, 53.580553545454542 ], [ 59.216379636363627, 53.579716545454538 ], [ 59.230545636363644, 53.585260545454538 ], [ 59.254719636363632, 53.612494545454545 ], [ 59.263323636363651, 53.628325545454551 ], [ 59.244153636363649, 53.692216545454549 ], [ 59.217486636363645, 53.738044545454549 ], [ 59.213058636363627, 53.742220545454551 ], [ 59.198046636363642, 53.748043545454543 ], [ 59.155818636363648, 53.751112545454539 ], [ 59.148879636363631, 53.753884545454547 ], [ 59.14443363636363, 53.758330545454548 ], [ 59.142219636363649, 53.76361354545454 ], [ 59.126937636363635, 53.808046545454552 ], [ 59.128602636363638, 53.821384545454542 ], [ 59.13221163636365, 53.826100545454544 ], [ 59.168058636363639, 53.853325545454545 ], [ 59.19554463636365, 53.864719545454541 ], [ 59.199153636363633, 53.869705545454543 ], [ 59.203329636363634, 53.888326545454539 ], [ 59.198595636363649, 53.892493545454549 ], [ 59.144721636363641, 53.93637754545454 ], [ 59.133993636363641, 53.973475545454541 ], [ 59.116659636363636, 53.988595545454551 ], [ 59.06750163636363, 54.042217545454541 ], [ 59.064153636363642, 54.047221545454541 ], [ 59.070543636363624, 54.064438545454543 ], [ 59.101386636363628, 54.115828545454541 ], [ 59.136657636363651, 54.159154545454548 ], [ 59.13943863636365, 54.253051545454547 ], [ 59.135829636363638, 54.25804654545454 ], [ 59.154432636363651, 54.288889545454545 ], [ 59.161938636363629, 54.298609545454546 ], [ 59.193321636363635, 54.321667545454538 ], [ 59.27333163636365, 54.379150545454543 ], [ 59.346654636363638, 54.44054854545454 ], [ 59.424711636363639, 54.531385545454548 ], [ 59.425269636363623, 54.552220545454539 ], [ 59.429436636363647, 54.597769545454547 ], [ 59.433603636363642, 54.616390545454543 ], [ 59.443314636363624, 54.657205545454538 ], [ 59.447769636363631, 54.675826545454548 ] ] } },
{ "type": "Feature", "properties": { "NAME": "Amu Darya", "SYSTEM": null, "MILES": 1685.75558, "KILOMETERS": 2712.96606 }, "geometry": { "type": "LineString", "coordinates": [ [ 59.645616636363627, 44.102275545454539 ], [ 59.614359636363645, 43.961938545454551 ], [ 59.570196636363647, 43.877590545454545 ], [ 59.33691663636364, 43.830619545454546 ], [ 59.227467636363627, 43.761454545454548 ], [ 59.261370636363637, 43.598869545454541 ], [ 59.054703636363627, 43.545265545454548 ], [ 59.030538636363644, 43.464148545454542 ], [ 59.13248163636365, 43.318600545454551 ], [ 59.093106636363643, 43.269640545454543 ], [ 59.158590636363641, 43.100818545454551 ], [ 59.124696636363637, 43.00498654545455 ], [ 59.228592636363629, 42.869977545454539 ], [ 59.20304163636365, 42.775819545454546 ], [ 59.32221063636365, 42.734977545454548 ], [ 59.281656636363635, 42.601381545454551 ], [ 59.692767636363641, 42.317332545454541 ], [ 59.735823636363648, 42.322489545454538 ], [ 59.857503636363646, 42.316099545454541 ], [ 59.914230636363641, 42.298459545454541 ], [ 60.014445636363632, 42.217486545454541 ], [ 60.261936636363629, 42.117199545454547 ], [ 60.303525636363645, 42.005797545454548 ], [ 60.453042636363648, 41.969149545454549 ], [ 60.485262636363643, 41.852482545454542 ], [ 60.827217636363628, 41.572762545454545 ], [ 61.207494636363634, 41.374150545454548 ], [ 61.293318636363637, 41.261371545454544 ], [ 61.385820636363633, 41.235541545454545 ], [ 61.394856636363642, 41.267905545454546 ], [ 61.414845636363651, 41.298811545454548 ], [ 61.44638163636364, 41.302357545454548 ], [ 61.611378636363639, 41.26749154545454 ], [ 61.63235763636365, 41.259301545454541 ], [ 61.737774636363639, 41.202772545454543 ], [ 61.874160636363627, 41.125543545454541 ], [ 61.893330636363629, 41.111665545454549 ], [ 61.947906636363626, 41.04430054545454 ], [ 61.970541636363635, 41.008606545454548 ], [ 61.984158636363645, 40.971247545454538 ], [ 61.987497636363628, 40.945831545454546 ], [ 61.985337636363624, 40.921243545454551 ], [ 61.986381636363632, 40.877629545454546 ], [ 61.999296636363624, 40.839973545454548 ], [ 62.044719636363624, 40.719157545454543 ], [ 62.112489636363648, 40.606657545454546 ], [ 62.141109636363637, 40.564438545454543 ], [ 62.185524636363624, 40.504210545454548 ], [ 62.19249063636363, 40.493608545454542 ], [ 62.216664636363646, 40.480261545454546 ], [ 62.259225636363624, 40.473394545454546 ], [ 62.336112636363652, 40.439437545454545 ], [ 62.352636636363627, 40.424569545454538 ], [ 62.398878636363634, 40.278049545454543 ], [ 62.410821636363636, 40.220269545454549 ], [ 62.425140636363636, 40.128325545454551 ], [ 62.418327636363642, 40.107490545454546 ], [ 62.421801636363625, 40.082353545454545 ], [ 62.441205636363634, 40.032340545454538 ], [ 62.445984636363647, 40.028083545454543 ], [ 62.767761636363645, 39.65887654545454 ], [ 62.886102636363631, 39.645817545454541 ], [ 63.000546636363651, 39.530266545454545 ], [ 63.010275636363644, 39.354991545454546 ], [ 63.253869636363646, 39.319981545454546 ], [ 63.664602636363639, 39.076045545454541 ], [ 63.904164636363646, 38.923603545454547 ], [ 64.165524636363642, 38.508325545454547 ], [ 64.463865636363636, 38.258602545454544 ], [ 64.852647636363628, 38.11852654545455 ], [ 65.116365636363639, 37.979143545454541 ], [ 65.303574636363635, 37.704697545454543 ], [ 65.44319163636365, 37.696975545454542 ], [ 65.777019636363633, 37.551976545454544 ], [ 65.817492636363625, 37.534390545454549 ], [ 65.965668636363631, 37.470031545454539 ], [ 66.008049636363637, 37.455271545454544 ], [ 66.105258636363629, 37.42137754545454 ], [ 66.186375636363636, 37.371940545454542 ], [ 66.287481636363651, 37.326517545454543 ], [ 66.317631636363643, 37.326112545454542 ], [ 66.352344636363625, 37.336651545454551 ], [ 66.413877636363651, 37.343734545454545 ], [ 66.440841636363643, 37.318885545454542 ], [ 66.454503636363626, 37.321522545454549 ], [ 66.489837636363632, 37.344157545454543 ], [ 66.512418636363634, 37.361662545454543 ], [ 66.537735636363635, 37.366378545454545 ], [ 66.580269636363624, 37.368187545454539 ], [ 66.623451636363626, 37.360546545454547 ], [ 66.721101636363642, 37.355551545454539 ], [ 66.836382636363624, 37.363606545454537 ], [ 66.858036636363636, 37.365829545454538 ], [ 66.926931636363634, 37.378870545454539 ], [ 66.970266636363647, 37.382488545454542 ], [ 67.012908636363647, 37.379707545454544 ], [ 67.092081636363645, 37.343275545454539 ], [ 67.200270636363626, 37.246651545454547 ], [ 67.216236636363647, 37.226383545454546 ], [ 67.225821636363634, 37.197493545454542 ], [ 67.246089636363649, 37.184992545454541 ], [ 67.266789636363626, 37.185829545454546 ], [ 67.292394636363639, 37.194406545454548 ], [ 67.304949636363631, 37.20328054545454 ], [ 67.380810636363634, 37.212487545454543 ], [ 67.400691636363632, 37.219021545454545 ], [ 67.456374636363648, 37.250548545454542 ], [ 67.526385636363642, 37.268602545454549 ], [ 67.649424636363648, 37.246102545454541 ], [ 67.725816636363646, 37.228876545454547 ], [ 67.749567636363651, 37.222630545454543 ], [ 67.773183636363626, 37.205197545454546 ], [ 67.779870636363626, 37.18582054545454 ], [ 67.774227636363634, 37.115548545454551 ], [ 67.786935636363637, 37.092211545454539 ], [ 68.001387636363631, 36.936097545454551 ], [ 68.058015636363649, 36.932524545454548 ], [ 68.182485636363651, 37.017628545454549 ], [ 68.284149636363651, 37.030543545454542 ], [ 68.334423636363624, 37.108888545454541 ], [ 68.414991636363624, 37.119994545454539 ], [ 68.627346636363626, 37.206097545454547 ], [ 68.639433636363634, 37.24387954545454 ], [ 68.662212636363648, 37.27291354545455 ], [ 68.809416636363636, 37.322494545454539 ], [ 68.891109636363637, 37.338460545454545 ], [ 68.96922963636365, 37.322908545454546 ], [ 69.005814636363624, 37.300687545454544 ], [ 69.031518636363643, 37.253608545454547 ], [ 69.124353636363651, 37.164229545454539 ], [ 69.151047636363643, 37.15076554545454 ], [ 69.204993636363639, 37.116394545454547 ], [ 69.254430636363651, 37.09568554545455 ], [ 69.286650636363646, 37.104163545454547 ], [ 69.322416636363641, 37.119436545454541 ], [ 69.388602636363629, 37.158595545454538 ], [ 69.409986636363641, 37.17527254545454 ], [ 69.421245636363636, 37.19641354545454 ], [ 69.426087636363633, 37.207222545454549 ], [ 69.405828636363651, 37.276936545454539 ], [ 69.389979636363648, 37.324438545454548 ], [ 69.381366636363651, 37.344157545454543 ], [ 69.374418636363629, 37.388041545454548 ], [ 69.376641636363644, 37.419721545454543 ], [ 69.381510636363629, 37.453462545454549 ], [ 69.522207636363646, 37.58235154545455 ], [ 69.58110363636365, 37.578607545454538 ], [ 69.671886636363638, 37.574395545454543 ], [ 69.793044636363646, 37.582774545454548 ], [ 69.846099636363647, 37.600000545454542 ], [ 69.86748363636363, 37.608325545454541 ], [ 69.891657636363647, 37.614031545454544 ], [ 69.91193463636364, 37.61319454545454 ], [ 69.93303063636364, 37.602637545454549 ], [ 69.951237636363629, 37.57277554545454 ], [ 70.013877636363645, 37.545541545454547 ], [ 70.035549636363641, 37.541788545454544 ], [ 70.06245063636365, 37.541338545454543 ], [ 70.087065636363633, 37.532860545454547 ], [ 70.127907636363631, 37.528918545454538 ], [ 70.15582563636363, 37.536235545454538 ], [ 70.253601636363641, 37.615741545454547 ], [ 70.286091636363636, 37.699702545454549 ], [ 70.282212636363624, 37.728979545454543 ], [ 70.269153636363626, 37.771306545454543 ], [ 70.235745636363646, 37.822210545454546 ], [ 70.204848636363636, 37.834081545454545 ], [ 70.177758636363649, 37.852000545454551 ], [ 70.165545636363646, 37.871719545454546 ], [ 70.162539636363647, 37.928950545454548 ], [ 70.209429636363637, 37.928932545454551 ], [ 70.244565636363632, 37.94327854545454 ], [ 70.279980636363632, 37.976434545454545 ], [ 70.297206636363626, 37.998592545454549 ], [ 70.311237636363643, 38.000338545454547 ], [ 70.341936636363641, 38.018671545454545 ], [ 70.490256636363625, 38.161888545454538 ], [ 70.542627636363648, 38.252815545454546 ], [ 70.599156636363631, 38.31095554545454 ], [ 70.647486636363624, 38.354290545454539 ], [ 70.711377636363636, 38.409865545454544 ], [ 70.779435636363644, 38.441545545454538 ], [ 70.960128636363635, 38.471983545454542 ], [ 70.988172636363629, 38.466709545454542 ], [ 71.151270636363648, 38.381029545454545 ], [ 71.177766636363629, 38.347945545454543 ], [ 71.212479636363639, 38.319748545454537 ], [ 71.248182636363651, 38.304187545454546 ], [ 71.271519636363649, 38.302387545454543 ], [ 71.305953636363625, 38.297122545454549 ], [ 71.361924636363625, 38.247946545454546 ], [ 71.365821636363648, 38.195287545454541 ], [ 71.355822636363627, 38.155075545454544 ], [ 71.339424636363646, 38.131252545454551 ], [ 71.315259636363635, 38.085127545454547 ], [ 71.266101636363629, 37.982320545454549 ], [ 71.252142636363629, 37.927933545454543 ], [ 71.329020636363651, 37.890088545454539 ], [ 71.389707636363624, 37.907044545454546 ], [ 71.435805636363625, 37.925377545454545 ], [ 71.507193636363638, 37.947508545454546 ], [ 71.540259636363629, 37.944142545454547 ], [ 71.584854636363644, 37.911733545454545 ], [ 71.593602636363642, 37.874275545454545 ], [ 71.591091636363643, 37.836772545454544 ], [ 71.58858963636365, 37.815658545454546 ], [ 71.575962636363641, 37.797595545454548 ], [ 71.541924636363632, 37.72674754545455 ], [ 71.504394636363628, 37.609387545454545 ], [ 71.496177636363626, 37.563271545454548 ], [ 71.487195636363651, 37.418083545454543 ], [ 71.493315636363633, 37.370302545454543 ], [ 71.491884636363636, 37.309300545454541 ], [ 71.489292636363643, 37.278493545454545 ], [ 71.482767636363633, 37.259035545454545 ], [ 71.463489636363647, 37.230613545454538 ], [ 71.447766636363639, 37.209589545454541 ], [ 71.437497636363645, 37.166119545454542 ], [ 71.430819636363651, 37.066939545454538 ], [ 71.456937636363648, 36.944737545454551 ], [ 71.466378636363629, 36.92669254545455 ], [ 71.552922636363633, 36.763585545454539 ], [ 71.576574636363631, 36.731014545454549 ], [ 71.615292636363648, 36.697849545454538 ], [ 71.677203636363629, 36.676006545454548 ], [ 71.695257636363635, 36.671848545454544 ], [ 71.759157636363625, 36.674890545454538 ], [ 71.781666636363639, 36.678220545454543 ], [ 71.820267636363639, 36.684601545454548 ], [ 71.842758636363641, 36.692098545454549 ], [ 71.931363636363642, 36.750418545454544 ], [ 72.047742636363637, 36.830383545454545 ], [ 72.223854636363626, 36.942721545454539 ], [ 72.279960636363626, 36.967003545454538 ], [ 72.306357636363629, 36.978100545454545 ], [ 72.346632636363637, 36.989494545454541 ], [ 72.410244636363643, 37.002553545454539 ], [ 72.431367636363632, 37.002832545454545 ], [ 72.51803763636363, 37.001734545454546 ], [ 72.662460636363647, 37.025341545454545 ], [ 72.70803663636363, 37.090654545454548 ], [ 72.72222063636363, 37.112326545454543 ], [ 72.733875636363649, 37.135384545454549 ], [ 72.75887763636365, 37.18068154545454 ], [ 72.778047636363624, 37.210399545454543 ], [ 72.799773636363625, 37.22921854545455 ], [ 72.834225636363641, 37.23505954545454 ], [ 72.892491636363644, 37.250008545454541 ], [ 73.00139163636365, 37.304062545454549 ], [ 73.10775363636364, 37.362697545454544 ], [ 73.157766636363647, 37.402981545454544 ], [ 73.27692663636364, 37.45302154545454 ], [ 73.299282636363642, 37.460392545454546 ], [ 73.435524636363624, 37.475818545454551 ], [ 73.456368636363635, 37.476106545454549 ], [ 73.505130636363646, 37.472713545454546 ], [ 73.54123863636363, 37.460977545454547 ], [ 73.571379636363645, 37.448341545454547 ], [ 73.61304063636365, 37.437091545454543 ], [ 73.669695636363628, 37.435363545454543 ], [ 73.71165363636365, 37.437802545454538 ], [ 73.747212636363628, 37.438648545454548 ], [ 73.776318636363641, 37.43286154545455 ] ] } },
{ "type": "Feature", "properties": { "NAME": "Brahmaputra", "SYSTEM": null, "MILES": 1897.09807, "KILOMETERS": 3053.0895 }, "geometry": { "type": "LineString", "coordinates": [ [ 82.009977636363629, 30.484150545454547 ], [ 82.241907636363635, 30.394987545454548 ], [ 82.321638636363645, 30.427765545454541 ], [ 82.748580636363641, 30.349987545454546 ], [ 82.85302563636364, 30.370264545454539 ], [ 82.918023636363642, 30.260824545454547 ], [ 83.540814636363649, 29.920750545454545 ], [ 83.760657636363646, 29.831767545454547 ], [ 83.97413763636365, 29.736097545454548 ], [ 83.95107963636363, 29.698603545454539 ], [ 84.056919636363631, 29.58804754545455 ], [ 84.473016636363639, 29.515264545454549 ], [ 84.501078636363644, 29.296096545454539 ], [ 84.937470636363628, 29.180824545454549 ], [ 85.143309636363625, 29.315545545454547 ], [ 85.568586636363648, 29.245273545454545 ], [ 85.610787636363625, 29.185549545454542 ], [ 85.784973636363645, 29.212486545454546 ], [ 86.089146636363637, 29.161096545454548 ], [ 86.585523636363632, 29.195269545454543 ], [ 87.52109163636365, 29.109994545454548 ], [ 87.676638636363634, 29.135824545454547 ], [ 87.664407636363649, 29.200264545454537 ], [ 87.792189636363645, 29.332213545454543 ], [ 88.040256636363637, 29.371939545454545 ], [ 88.408581636363635, 29.313880545454545 ], [ 88.484127636363638, 29.351095545454548 ], [ 88.896930636363635, 29.314438545454543 ], [ 88.992186636363641, 29.37442354545454 ], [ 89.079702636363635, 29.32832554545454 ], [ 89.682459636363632, 29.361103545454547 ], [ 89.75026563636365, 29.308597545454539 ], [ 90.118302636363637, 29.349988545454543 ], [ 90.349971636363648, 29.298877545454538 ], [ 90.426075636363635, 29.240269545454545 ], [ 90.740796636363626, 29.34140254545455 ], [ 90.760254636363641, 29.280823545454545 ], [ 90.864681636363628, 29.33054854545454 ], [ 91.038939636363637, 29.301649545454545 ], [ 91.713030636363612, 29.252221545454539 ], [ 91.861080636363624, 29.280274545454539 ], [ 92.002200636363625, 29.238037545454539 ], [ 92.05885563636366, 29.28693454545455 ], [ 92.356629636363664, 29.235544545454538 ], [ 92.445234636363637, 29.262220545454547 ], [ 92.520249636363644, 29.153041545454549 ], [ 92.587191636363627, 29.114440545454549 ], [ 93.050520636363615, 29.060269545454538 ], [ 93.135255636363638, 29.143600545454539 ], [ 93.146928636363612, 29.033323545454543 ], [ 93.288867636363648, 29.007214545454538 ], [ 93.459138636363662, 29.183326545454541 ], [ 93.906357636363623, 29.15637154545454 ], [ 93.959133636363617, 29.207491545454538 ], [ 94.151643636363644, 29.221657545454541 ], [ 94.581366636363612, 29.485816545454547 ], [ 94.811082636363665, 29.470273545454539 ], [ 94.92385263636362, 29.599711545454547 ], [ 94.885800636363626, 29.692213545454543 ], [ 94.953309636363656, 29.752486545454538 ], [ 95.183853636363665, 29.762494545454551 ], [ 95.078040636363653, 29.838328545454537 ], [ 95.148591636363619, 29.898331545454546 ], [ 95.217468636363662, 29.879989545454542 ], [ 95.203032636363616, 29.830831545454551 ], [ 95.278857636363625, 29.825818545454545 ], [ 95.306352636363613, 29.72055454545454 ], [ 95.36079363636361, 29.70109654545454 ], [ 95.406918636363628, 29.424994545454545 ], [ 95.181639636363627, 29.262769545454539 ], [ 94.98718563636362, 29.183326545454541 ], [ 94.980291636363631, 29.174344545454538 ], [ 94.979193636363618, 29.172913545454541 ], [ 94.96393863636365, 29.15300554545454 ], [ 94.757757636363635, 28.884166545454541 ], [ 94.802181636363628, 28.812490545454544 ], [ 94.925247636363622, 28.802491545454551 ], [ 94.861356636363666, 28.773331545454546 ], [ 95.001918636363655, 28.67470954545454 ], [ 95.093583636363633, 28.46082454545455 ], [ 95.021637636363664, 28.331377545454551 ], [ 94.954974636363659, 28.310551545454551 ], [ 95.035245636363641, 28.174165545454549 ], [ 95.107461636363666, 28.14221554545454 ], [ 95.268579636363654, 28.15972054545454 ], [ 95.334288636363624, 28.104244545454542 ], [ 95.388027636363631, 28.058884545454539 ], [ 95.39602863636361, 27.998818545454547 ], [ 95.475525636363614, 27.875824545454542 ], [ 95.388027636363631, 27.797218545454548 ], [ 95.096103636363637, 27.685753545454538 ], [ 95.146089636363627, 27.684151545454547 ], [ 95.135640636363632, 27.623176545454548 ], [ 94.901784636363629, 27.56389354545454 ], [ 94.867674636363631, 27.504133545454543 ], [ 94.814988636363637, 27.479203545454546 ], [ 94.625241636363626, 27.288043545454549 ], [ 94.679133636363645, 27.310831545454541 ], [ 94.676640636363629, 27.275830545454546 ], [ 94.57081863636364, 27.218599545454545 ], [ 94.565841636363643, 27.148894545454546 ], [ 94.548921636363616, 27.103426545454546 ], [ 94.485840636363662, 27.055177545454548 ], [ 94.307208636363612, 26.928880545454547 ], [ 93.988095636363653, 26.843731545454546 ], [ 93.895494636363651, 26.796814545454545 ], [ 93.841242636363631, 26.758177545454544 ], [ 93.666948636363657, 26.713933545454545 ], [ 93.507981636363638, 26.755621545454545 ], [ 93.347178636363651, 26.720719545454543 ], [ 93.293583636363621, 26.743885545454546 ], [ 93.18376563636366, 26.681911545454547 ], [ 92.683302636363635, 26.599165545454547 ], [ 92.596929636363654, 26.511379545454545 ], [ 92.363019636363617, 26.517220545454542 ], [ 92.064408636363623, 26.371105545454547 ], [ 92.027679636363644, 26.295523545454543 ], [ 91.839552636363635, 26.237842545454541 ], [ 91.807800636363652, 26.220409545454544 ], [ 91.789746636363645, 26.212318545454544 ], [ 91.733091636363611, 26.193022545454546 ], [ 91.567473636363616, 26.148193545454546 ], [ 91.523283636363658, 26.140102545454546 ], [ 91.50335763636366, 26.143207545454544 ], [ 91.373244636363665, 26.169982545454545 ], [ 91.142250636363656, 26.206090545454543 ], [ 91.121109636363656, 26.207953545454544 ], [ 91.025844636363644, 26.189278545454542 ], [ 90.999708636363636, 26.183050545454542 ], [ 90.962961636363644, 26.169982545454545 ], [ 90.872682636363635, 26.147563545454545 ], [ 90.791115636363628, 26.156284545454547 ], [ 90.749418636363629, 26.165617545454545 ], [ 90.715182636363636, 26.178073545454545 ], [ 90.615570636363628, 26.204218545454545 ], [ 90.521565636363647, 26.221651545454542 ], [ 90.496644636363641, 26.220409545454544 ], [ 90.469257636363636, 26.207332545454541 ], [ 90.399534636363626, 26.164312545454543 ], [ 90.254481636363636, 26.110627545454541 ], [ 90.120615636363652, 26.050390545454547 ], [ 90.032838636363635, 26.022931545454547 ], [ 89.999997636363645, 26.019187545454542 ], [ 89.91987063636364, 25.963675545454542 ], [ 89.888334636363652, 25.934164545454543 ], [ 89.850678636363625, 25.906525545454542 ], [ 89.830554636363644, 25.874440545454547 ], [ 89.818053636363629, 25.852498545454544 ], [ 89.808036636363624, 25.822429545454547 ], [ 89.765241636363641, 25.740862545454547 ], [ 89.753037636363644, 25.714420545454544 ], [ 89.706237636363625, 25.591318545454541 ], [ 89.697084636363627, 25.554688545454546 ], [ 89.706237636363625, 25.539433545454543 ], [ 89.709288636363652, 25.516033545454547 ], [ 89.704194636363638, 25.482463545454543 ], [ 89.697966636363645, 25.455625545454545 ], [ 89.674701636363636, 25.372591545454547 ], [ 89.667573636363642, 25.326808545454547 ], [ 89.67265863636365, 25.289161545454547 ], [ 89.685879636363637, 25.245421545454541 ], [ 89.667573636363642, 25.142659545454542 ], [ 89.635011636363629, 25.087723545454544 ], [ 89.614671636363624, 25.032787545454546 ], [ 89.605518636363627, 24.955468545454544 ], [ 89.60754363636363, 24.917839545454541 ], [ 89.620773636363651, 24.879175545454544 ], [ 89.653335636363636, 24.844579545454543 ], [ 89.703177636363648, 24.749971545454542 ], [ 89.720475636363631, 24.709282545454542 ], [ 89.754045636363628, 24.551584545454546 ], [ 89.761173636363651, 24.345061545454541 ], [ 89.733696636363646, 24.124300545454545 ], [ 89.710296636363637, 24.056134545454547 ], [ 89.683926636363651, 23.997364545454545 ], [ 89.683854636363634, 23.926939545454545 ], [ 89.697750636363651, 23.865694545454545 ] ] } },
{ "type": "Feature", "properties": { "NAME": "Ganges", "SYSTEM": null, "MILES": 1481.59615, "KILOMETERS": 2384.40264 }, "geometry": { "type": "LineString", "coordinates": [ [ 79.873278636363636, 30.958684545454538 ], [ 79.81162863636365, 30.835546545454541 ], [ 79.874970636363628, 30.693049545454549 ], [ 79.726362636363632, 30.511663545454546 ], [ 79.656918636363628, 30.497488545454537 ], [ 79.563858636363648, 30.564151545454543 ], [ 79.233855636363643, 30.281110545454546 ], [ 79.020249636363644, 30.310558545454548 ], [ 78.651069636363644, 30.212485545454548 ], [ 78.588861636363646, 30.070825545454547 ], [ 78.476361636363634, 30.068881545454538 ], [ 78.338859636363651, 30.137209545454546 ], [ 78.287181636363641, 30.099157545454538 ], [ 78.160803636363624, 29.940541545454543 ], [ 78.179406636363638, 29.684158545454544 ], [ 78.02691963636363, 29.621095545454544 ], [ 77.986356636363638, 29.544721545454543 ], [ 78.116910636363627, 29.192488545454545 ], [ 78.071640636363639, 28.978990545454543 ], [ 78.099378636363639, 28.869739545454543 ], [ 78.185481636363647, 28.672342545454548 ], [ 78.202239636363629, 28.555036545454549 ], [ 78.287469636363625, 28.305547545454537 ], [ 78.523206636363625, 28.079890545454539 ], [ 78.674838636363631, 27.979828545454545 ], [ 79.059399636363651, 27.812770545454548 ], [ 79.151361636363646, 27.811663545454543 ], [ 79.273860636363651, 27.646936545454544 ], [ 79.410516636363639, 27.638881545454545 ], [ 79.56272463636364, 27.482074545454545 ], [ 79.700523636363641, 27.236932545454543 ], [ 79.821087636363643, 27.149155545454541 ], [ 79.916361636363632, 27.14693254545454 ], [ 80.172186636363648, 26.709154545454545 ], [ 80.235249636363648, 26.688328545454546 ], [ 80.338299636363644, 26.494153545454544 ], [ 80.512755636363636, 26.373049545454542 ], [ 80.648862636363646, 26.136655545454545 ], [ 80.802744636363627, 26.029717545454545 ], [ 80.951370636363635, 26.076661545454542 ], [ 81.02885163636364, 26.059993545454546 ], [ 81.403026636363649, 25.758610545454545 ], [ 81.367467636363642, 25.704709545454541 ], [ 81.467475636363645, 25.629991545454544 ], [ 81.624408636363626, 25.594432545454545 ], [ 81.698298636363631, 25.502218545454546 ], [ 81.785796636363642, 25.470826545454543 ], [ 81.91718763636365, 25.497772545454545 ], [ 81.919797636363626, 25.424215545454544 ], [ 81.942459636363651, 25.334440545454541 ], [ 82.094415636363635, 25.269721545454544 ], [ 82.162185636363631, 25.314433545454541 ], [ 82.209138636363633, 25.299439545454547 ], [ 82.195233636363639, 25.188325545454546 ], [ 82.272201636363633, 25.188883545454544 ], [ 82.268583636363644, 25.271377545454541 ], [ 82.324419636363643, 25.211383545454545 ], [ 82.392468636363645, 25.256932545454546 ], [ 82.494123636363639, 25.165267545454547 ], [ 82.588299636363644, 25.164988545454541 ], [ 82.565799636363636, 25.213327545454547 ], [ 82.623291636363632, 25.222219545454543 ], [ 82.850523636363647, 25.116937545454547 ], [ 82.920246636363629, 25.199152545454545 ], [ 83.007195636363633, 25.204705545454544 ], [ 83.010795636363639, 25.299439545454547 ], [ 83.14859463636364, 25.324432545454542 ], [ 83.181633636363642, 25.392490545454542 ], [ 83.124411636363646, 25.457218545454545 ], [ 83.183856636363629, 25.527769545454547 ], [ 83.33025963636365, 25.469989545454546 ], [ 83.392197636363647, 25.491940545454547 ], [ 83.510250636363651, 25.396378545454546 ], [ 83.54329863636363, 25.402768545454542 ], [ 83.492466636363645, 25.513054545454544 ], [ 83.631912636363637, 25.603324545454541 ], [ 83.696631636363634, 25.606933545454545 ], [ 83.763600636363634, 25.514161545454542 ], [ 83.895531636363643, 25.519165545454541 ], [ 84.132465636363634, 25.733599545454545 ], [ 84.213681636363646, 25.705159545454542 ], [ 84.232743636363637, 25.676656545454541 ], [ 84.34831263636363, 25.754164545454543 ], [ 84.596928636363629, 25.693603545454543 ], [ 84.704208636363632, 25.734490545454541 ], [ 85.073865636363649, 25.719433545454542 ], [ 85.177293636363629, 25.643437545454546 ], [ 85.388379636363652, 25.508257545454541 ], [ 85.515540636363625, 25.577773545454541 ], [ 85.633863636363628, 25.464994545454545 ], [ 85.753446636363634, 25.502713545454547 ], [ 85.862472636363634, 25.486378545454542 ], [ 86.005707636363638, 25.349830545454545 ], [ 86.181549636363627, 25.314073545454541 ], [ 86.204931636363625, 25.325962545454544 ], [ 86.230338636363626, 25.328428545454543 ], [ 86.273799636363634, 25.312849545454547 ], [ 86.309691636363624, 25.287775545454544 ], [ 86.391150636363648, 25.315000545454545 ], [ 86.43575463636364, 25.362457545454546 ], [ 86.464851636363647, 25.405918545454547 ], [ 86.47715463636365, 25.446508545454542 ], [ 86.506269636363641, 25.475605545454542 ], [ 86.543160636363638, 25.487089545454545 ], [ 86.571870636363627, 25.482994545454545 ], [ 86.585874636363627, 25.475101545454542 ], [ 86.591202636363647, 25.431082545454544 ], [ 86.579187636363628, 25.376380545454545 ], [ 86.611353636363646, 25.297774545454544 ], [ 86.709408636363634, 25.245268545454543 ], [ 86.773884636363647, 25.266760545454545 ], [ 86.840655636363635, 25.343035545454541 ], [ 86.88803163636365, 25.343611545454543 ], [ 86.995383636363641, 25.267669545454545 ], [ 87.096759636363629, 25.289008545454543 ], [ 87.162135636363644, 25.236988545454544 ], [ 87.208818636363645, 25.256995545454544 ], [ 87.244692636363652, 25.300825545454543 ], [ 87.27604863636364, 25.331830545454544 ], [ 87.29285163636365, 25.374382545454544 ], [ 87.343035636363652, 25.398043545454541 ], [ 87.404910636363638, 25.414396545454544 ], [ 87.484695636363625, 25.401652545454546 ], [ 87.574317636363645, 25.339696545454544 ], [ 87.610245636363629, 25.266940545454545 ], [ 87.66711663636363, 25.249309545454544 ], [ 87.74334663636364, 25.263142545454542 ], [ 87.786366636363624, 25.243882545454547 ], [ 87.792558636363651, 25.143010545454544 ], [ 87.793989636363648, 25.119502545454544 ], [ 87.942993636363639, 24.991936545454543 ], [ 87.951831636363636, 24.97553854545454 ], [ 87.949158636363649, 24.946189545454544 ], [ 87.930483636363647, 24.912835545454541 ], [ 87.89713863636365, 24.878158545454546 ], [ 87.895797636363625, 24.859483545454545 ], [ 87.943299636363633, 24.790831545454544 ], [ 87.945162636363648, 24.735427545454542 ], [ 87.96783363636365, 24.674065545454546 ], [ 87.990504636363625, 24.658054545454547 ], [ 88.011231636363647, 24.642763545454542 ], [ 88.071846636363631, 24.618661545454543 ], [ 88.112625636363646, 24.521659545454547 ], [ 88.130400636363646, 24.506530545454545 ], [ 88.234422636363632, 24.466939545454544 ], [ 88.284426636363634, 24.450829545454546 ], [ 88.365534636363634, 24.411949545454547 ], [ 88.462662636363632, 24.340903545454545 ], [ 88.507212636363647, 24.318187545454542 ], [ 88.652211636363631, 24.294166545454544 ], [ 88.66872663636363, 24.309997545454543 ], [ 88.701900636363632, 24.306172545454544 ], [ 88.72164663636363, 24.280558545454547 ], [ 88.732752636363642, 24.261109545454545 ], [ 88.74208563636364, 24.241669545454542 ], [ 88.751724636363633, 24.216433545454542 ], [ 88.739997636363626, 24.187030545454547 ], [ 88.735380636363629, 24.185761545454547 ], [ 88.737720636363633, 24.177202545454541 ], [ 88.755009636363638, 24.149734545454542 ], [ 88.765179636363627, 24.136513545454541 ], [ 88.778409636363648, 24.125317545454543 ], [ 88.79469063636364, 24.117181545454542 ], [ 88.807911636363627, 24.113113545454546 ], [ 88.826217636363651, 24.111070545454545 ], [ 88.841490636363631, 24.112087545454543 ], [ 88.854711636363646, 24.115147545454541 ], [ 88.862856636363631, 24.119206545454546 ], [ 88.884222636363631, 24.139564545454547 ], [ 88.901502636363631, 24.152785545454542 ], [ 88.945251636363651, 24.164989545454546 ], [ 88.962558636363639, 24.163981545454547 ], [ 88.974762636363636, 24.159913545454543 ], [ 89.009358636363629, 24.136513545454541 ], [ 89.012409636363628, 24.132436545454546 ], [ 89.013408636363636, 24.122266545454544 ], [ 89.010366636363642, 24.110053545454541 ], [ 89.034774636363636, 24.076483545454543 ], [ 89.057166636363633, 24.037828545454545 ], [ 89.062251636363641, 24.021547545454546 ], [ 89.065311636363646, 24.016462545454544 ], [ 89.056968636363649, 24.000001545454545 ], [ 89.060451636363638, 23.988562545454542 ], [ 89.062746636363642, 23.983846545454547 ], [ 89.074203636363649, 23.973208545454547 ], [ 89.115459636363624, 23.950924545454541 ], [ 89.15576163636365, 23.936596545454542 ], [ 89.184732636363634, 23.931898545454544 ], [ 89.202750636363646, 23.931178545454543 ], [ 89.265543636363645, 23.930134545454543 ], [ 89.29394763636364, 23.935453545454543 ], [ 89.299968636363644, 23.935129545454544 ], [ 89.315691636363624, 23.929459545454542 ], [ 89.442510636363636, 23.866909545454547 ], [ 89.458773636363645, 23.856262545454541 ], [ 89.477340636363635, 23.839621545454541 ], [ 89.513745636363637, 23.823322545454545 ], [ 89.522673636363635, 23.820325545454544 ], [ 89.543805636363629, 23.818327545454544 ], [ 89.566593636363649, 23.818660545454541 ], [ 89.636091636363631, 23.845633545454547 ], [ 89.697750636363651, 23.865694545454545 ], [ 89.732661636363645, 23.848531545454541 ], [ 89.752920636363626, 23.833069545454542 ], [ 89.833299636363648, 23.752834545454547 ], [ 89.901600636363639, 23.686216545454542 ], [ 89.921220636363643, 23.669584545454541 ], [ 89.971665636363639, 23.638777545454545 ], [ 89.999979636363634, 23.626663545454541 ], [ 90.044061636363637, 23.591581545454545 ], [ 90.100095636363648, 23.561170545454544 ], [ 90.198672636363625, 23.488846545454543 ], [ 90.216753636363649, 23.471341545454543 ], [ 90.223161636363642, 23.459101545454544 ], [ 90.309804636363651, 23.42516254545454 ] ] } },
{ "type": "Feature", "properties": { "NAME": "Indus", "SYSTEM": null, "MILES": 2015.16218, "KILOMETERS": 3243.09564 }, "geometry": { "type": "MultiLineString", "coordinates": [ [ [ 67.486452636363651, 24.045415545454546 ], [ 67.65090963636365, 24.084169545454543 ], [ 67.753158636363651, 24.031969545454544 ], [ 67.923870636363631, 24.014356545454547 ], [ 67.946001636363633, 24.009937545454541 ], [ 67.973541636363649, 24.009937545454541 ], [ 67.991910636363627, 24.013609545454543 ], [ 67.999254636363645, 24.013609545454543 ], [ 68.013942636363652, 24.009937545454541 ], [ 68.019450636363644, 24.006265545454546 ], [ 68.022582636363637, 24.000001545454545 ], [ 68.015625636363637, 23.935210545454545 ] ], [ [ 67.65090963636365, 24.084169545454543 ], [ 67.641729636363635, 24.091495545454542 ], [ 67.638066636363646, 24.106165545454544 ], [ 67.639893636363638, 24.120826545454541 ], [ 67.654554636363628, 24.166663545454547 ], [ 67.665552636363628, 24.173989545454546 ], [ 67.676559636363635, 24.175825545454543 ], [ 67.702227636363631, 24.164827545454543 ], [ 67.715052636363652, 24.168490545454546 ], [ 67.726050636363624, 24.179488545454547 ], [ 67.744383636363636, 24.206992545454547 ], [ 67.830558636363634, 24.337141545454543 ], [ 67.839711636363631, 24.414136545454546 ], [ 67.839711636363631, 24.419635545454547 ], [ 67.848873636363635, 24.425134545454547 ], [ 67.907526636363627, 24.439795545454544 ], [ 67.936875636363624, 24.43063354545454 ], [ 67.951536636363642, 24.428806545454542 ], [ 67.962534636363642, 24.432469545454545 ], [ 67.968033636363629, 24.439795545454544 ], [ 68.013870636363635, 24.573625545454547 ], [ 68.015697636363626, 24.580960545454545 ], [ 68.015697636363626, 24.591967545454544 ], [ 68.006526636363645, 24.604792545454544 ], [ 67.982703636363624, 24.626788545454545 ], [ 67.969860636363649, 24.645121545454543 ], [ 67.968033636363629, 24.657955545454541 ], [ 67.97536863636364, 24.681778545454542 ], [ 67.991865636363627, 24.707455545454543 ], [ 68.050518636363648, 24.789949545454547 ], [ 68.05602663636364, 24.800947545454541 ], [ 68.05602663636364, 24.813772545454547 ], [ 68.068860636363638, 24.879769545454543 ], [ 68.127522636363636, 24.938440545454547 ], [ 68.18619363636364, 24.991603545454545 ], [ 68.199018636363633, 24.993430545454544 ], [ 68.268669636363626, 25.044757545454544 ], [ 68.331012636363624, 25.371061545454545 ], [ 68.320005636363646, 25.490230545454544 ], [ 68.327349636363635, 25.503055545454544 ], [ 68.378685636363628, 25.591048545454541 ], [ 68.417160636363633, 25.638721545454544 ], [ 68.332839636363644, 25.712035545454548 ], [ 68.325495636363627, 25.719370545454545 ], [ 68.321832636363638, 25.732195545454545 ], [ 68.354844636363651, 25.838530545454546 ], [ 68.325495636363627, 25.855027545454547 ], [ 68.243010636363636, 25.924687545454546 ], [ 68.129349636363628, 26.078677545454546 ], [ 68.125686636363639, 26.091511545454544 ], [ 68.133030636363628, 26.120842545454543 ], [ 68.133030636363628, 26.130013545454545 ], [ 68.12202363636365, 26.152009545454547 ], [ 68.032203636363647, 26.199673545454544 ], [ 67.94420163636363, 26.256499545454545 ], [ 67.931367636363632, 26.265661545454542 ], [ 67.924041636363626, 26.278495545454547 ], [ 67.889211636363626, 26.388493545454544 ], [ 67.885548636363637, 26.415979545454547 ], [ 67.887375636363629, 26.425150545454542 ], [ 67.909380636363636, 26.450818545454545 ], [ 67.918533636363634, 26.469142545454545 ], [ 67.924041636363626, 26.544310545454543 ], [ 67.924041636363626, 26.568142545454542 ], [ 67.891038636363646, 26.601136545454544 ], [ 67.867197636363642, 26.650636545454546 ], [ 67.869042636363645, 26.681803545454542 ], [ 67.924041636363626, 26.905444545454543 ], [ 67.957026636363651, 26.958607545454541 ], [ 67.969860636363649, 26.964106545454541 ], [ 68.061525636363626, 27.028276545454545 ], [ 68.07068763636363, 27.03561154545455 ], [ 68.120187636363625, 27.10159954545454 ], [ 68.167842636363645, 27.261088545454548 ], [ 68.155017636363624, 27.292255545454545 ], [ 68.158689636363647, 27.308752545454546 ], [ 68.169687636363648, 27.319750545454546 ], [ 68.193510636363641, 27.341746545454548 ], [ 68.248518636363627, 27.363742545454549 ], [ 68.305344636363628, 27.396745545454543 ], [ 68.301681636363639, 27.453571545454544 ], [ 68.290683636363639, 27.523240545454549 ], [ 68.288847636363641, 27.550726545454545 ], [ 68.29251063636363, 27.563560545454543 ], [ 68.299836636363636, 27.572731545454538 ], [ 68.371332636363633, 27.622231545454547 ], [ 68.433675636363631, 27.633229545454547 ], [ 68.638974636363628, 27.728557545454542 ], [ 68.657316636363646, 27.768877545454551 ], [ 68.679312636363647, 27.78172054545454 ], [ 68.69213763636364, 27.78172054545454 ], [ 68.708643636363632, 27.778048545454546 ], [ 68.72147763636363, 27.75238054545455 ], [ 68.734320636363634, 27.719386545454547 ], [ 68.754471636363633, 27.695554545454549 ], [ 68.774649636363648, 27.684556545454548 ], [ 68.822295636363634, 27.673558545454547 ], [ 68.855298636363642, 27.682720545454551 ], [ 68.888292636363644, 27.693718545454537 ], [ 68.93412963636365, 27.71205154545455 ], [ 68.946963636363648, 27.721222545454545 ], [ 68.946963636363648, 27.737719545454546 ], [ 68.943300636363631, 27.746881545454549 ], [ 68.919459636363626, 27.76337854545455 ], [ 68.886465636363624, 27.774385545454543 ], [ 68.862624636363648, 27.801880545454544 ], [ 68.862624636363648, 27.816541545454548 ], [ 68.877303636363649, 27.834874545454547 ], [ 68.952453636363629, 27.867868545454549 ], [ 69.007461636363644, 27.961369545454538 ], [ 69.036792636363629, 28.036528545454537 ], [ 69.044109636363629, 28.051189545454541 ], [ 69.053280636363638, 28.058524545454539 ], [ 69.071604636363645, 28.06036054545455 ], [ 69.086292636363652, 28.06036054545455 ], [ 69.10644363636365, 28.053025545454538 ], [ 69.133947636363644, 28.051189545454541 ], [ 69.154116636363625, 28.058524545454539 ], [ 69.161433636363626, 28.069531545454545 ], [ 69.166923636363634, 28.098196545454549 ], [ 69.223776636363624, 28.111687545454551 ], [ 69.245772636363625, 28.117186545454551 ], [ 69.412596636363645, 28.175848545454549 ], [ 69.597744636363643, 28.260178545454544 ], [ 69.61424163636363, 28.278511545454542 ], [ 69.674748636363631, 28.351834545454544 ], [ 69.70040763636365, 28.38300154545454 ], [ 69.713241636363648, 28.414159545454545 ], [ 69.766395636363626, 28.48932754545455 ], [ 69.78106563636365, 28.500325545454551 ], [ 69.922212636363639, 28.579156545454545 ], [ 69.960705636363627, 28.582819545454548 ], [ 70.00386063636364, 28.577329545454539 ], [ 70.052865636363634, 28.600855545454543 ], [ 70.097946636363645, 28.655737545454549 ], [ 70.329417636363644, 28.818331545454548 ], [ 70.364679636363633, 28.896100545454537 ], [ 70.491633636363645, 28.909150545454544 ], [ 70.583883636363652, 29.012218545454537 ], [ 70.699128636363639, 29.033053545454543 ], [ 70.658034636363624, 29.20609654545455 ], [ 70.696356636363646, 29.277214545454548 ], [ 70.683819636363637, 29.525065545454545 ], [ 70.657161636363639, 29.544937545454538 ], [ 70.682460636363629, 29.681665545454543 ], [ 70.85163363636363, 29.835259545454541 ], [ 70.859976636363626, 30.095269545454549 ], [ 70.820736636363648, 30.20324254545455 ], [ 70.807065636363632, 30.341491545454538 ], [ 70.852281636363642, 30.564601545454543 ], [ 70.786752636363644, 30.710185545454543 ], [ 70.86195663636363, 31.022422545454539 ], [ 70.807803636363644, 31.32566854545454 ], [ 70.864629636363645, 31.55236054545454 ], [ 71.06166663636364, 31.941286545454538 ], [ 71.149830636363646, 32.045947545454545 ], [ 71.157993636363642, 32.108371545454538 ], [ 71.229147636363649, 32.125264545454549 ], [ 71.318220636363634, 32.318575545454543 ], [ 71.33609463636364, 32.624152545454542 ], [ 71.475819636363639, 32.896087545454542 ], [ 71.590344636363625, 32.946307545454538 ], [ 71.68329663636365, 32.992207545454541 ], [ 71.754972636363647, 33.191089545454538 ], [ 71.697192636363638, 33.27136954545454 ], [ 71.739132636363649, 33.36914554545455 ], [ 71.855232636363638, 33.405253545454549 ], [ 71.953035636363637, 33.528589545454544 ], [ 72.038031636363627, 33.757765545454539 ], [ 72.242736636363645, 33.772210545454548 ], [ 72.23488863636365, 33.931933545454548 ], [ 72.450528636363629, 34.022212545454543 ], [ 72.611034636363627, 34.01553454545455 ], [ 72.715101636363642, 34.095166545454539 ], [ 72.73507263636364, 34.098766545454545 ], [ 72.764394636363647, 34.110484545454547 ], [ 72.80540763636364, 34.133929545454542 ], [ 72.82300263636364, 34.139779545454537 ], [ 72.840570636363651, 34.215982545454544 ], [ 72.858156636363645, 34.327339545454542 ], [ 72.840570636363651, 34.485577545454539 ], [ 72.799548636363625, 34.567639545454547 ], [ 72.78196263636363, 34.620379545454547 ], [ 72.834972636363631, 34.761373545454539 ], [ 72.988296636363629, 34.824436545454539 ], [ 72.863601636363626, 34.889983545454548 ], [ 72.962187636363637, 35.063314545454539 ], [ 73.283037636363645, 35.283868545454546 ], [ 73.263876636363648, 35.406376545454542 ], [ 73.323879636363642, 35.541376545454547 ], [ 73.50109863636365, 35.531656545454545 ], [ 73.611906636363642, 35.544157545454546 ], [ 74.185242636363625, 35.398330545454549 ], [ 74.629410636363644, 35.520820545454548 ], [ 74.640678636363646, 35.742805545454537 ], [ 74.626908636363652, 35.808316545454538 ], [ 74.73135363636365, 35.832211545454548 ], [ 74.733585636363642, 35.72164654545454 ], [ 75.333588636363629, 35.578330545454541 ], [ 75.36218163636363, 35.478322545454539 ], [ 75.660243636363646, 35.297485545454542 ], [ 75.813018636363637, 35.344141545454541 ], [ 75.860241636363639, 35.320831545454546 ], [ 75.922197636363649, 35.16637354545454 ], [ 76.226910636363641, 34.942480545454551 ], [ 76.188858636363648, 34.852759545454539 ], [ 76.22330163636363, 34.750825545454539 ], [ 76.306299636363633, 34.706257545454541 ], [ 76.493850636363646, 34.605547545454549 ], [ 76.69384863636364, 34.433872545454541 ], [ 77.076078636363633, 34.24581754545455 ], [ 77.594415636363635, 34.08165754545454 ], [ 77.751375636363633, 33.883603545454541 ], [ 78.159408636363651, 33.53693254545454 ], [ 78.138870636363635, 33.47803654545455 ], [ 78.602460636363645, 33.194428545454549 ], [ 78.801639636363632, 33.148600545454549 ], [ 78.950526636363634, 33.199711545454541 ], [ 79.177182636363625, 32.981371545454543 ], [ 79.26803763636363, 32.954155545454547 ], [ 79.276128636363637, 32.943418545454541 ], [ 79.431702636363639, 32.736931545454546 ], [ 79.509138636363645, 32.664580545454548 ], [ 79.751004636363632, 32.438563545454549 ], [ 80.199402636363629, 32.539984545454537 ], [ 80.600253636363647, 32.528869545454548 ], [ 81.152754636363625, 32.370820545454542 ], [ 81.281922636363646, 32.17331554545455 ], [ 81.267747636363652, 32.075818545454545 ], [ 81.36663963636363, 32.014438545454546 ], [ 81.37219263636365, 31.95109654545454 ], [ 81.203037636363632, 31.849720545454538 ], [ 81.164139636363643, 31.730830545454545 ], [ 81.192732636363644, 31.669153545454542 ], [ 81.305529636363644, 31.508323545454537 ], [ 81.448296636363636, 31.408882545454539 ], [ 81.57082263636363, 31.393600545454539 ], [ 81.722472636363648, 31.466095545454543 ] ] ] } },
{ "type": "Feature", "properties": { "NAME": "Shatt al Arab", "SYSTEM": "Tigris/Euphrates", "MILES": 121.09915, "KILOMETERS": 194.89058 }, "geometry": { "type": "LineString", "coordinates": [ [ 47.43045663636363, 31.013071545454544 ], [ 47.467545636363639, 30.976441545454541 ], [ 47.635557636363643, 30.770548545454538 ], [ 47.72970663636363, 30.739705545454548 ], [ 47.750955636363642, 30.621679545454548 ], [ 47.754618636363631, 30.59861254545455 ], [ 47.767920636363641, 30.577003545454538 ], [ 47.776218636363637, 30.572008545454544 ], [ 47.783940636363639, 30.564754545454541 ], [ 47.821110636363642, 30.532111545454548 ], [ 47.837733636363623, 30.515488545454538 ], [ 47.846058636363637, 30.507172545454544 ], [ 47.864346636363649, 30.492205545454546 ], [ 47.92253163636363, 30.465610545454545 ], [ 47.99234463636364, 30.465610545454545 ], [ 48.007311636363625, 30.463945545454543 ], [ 48.067521636363637, 30.463792545454545 ], [ 48.107544636363627, 30.454324545454547 ], [ 48.141384636363625, 30.439987545454549 ], [ 48.160428636363633, 30.427081545454548 ], [ 48.289434636363637, 30.329719545454545 ], [ 48.411942636363648, 30.199669545454547 ], [ 48.410124636363633, 30.169987545454539 ], [ 48.411096636363624, 30.103612545454546 ], [ 48.450129636363641, 30.005413545454537 ], [ 48.473385636363645, 29.982895545454546 ], [ 48.545556636363642, 29.96302354545454 ] ] } },
{ "type": "Feature", "properties": { "NAME": "Syr Darya", "SYSTEM": null, "MILES": 1746.06263, "KILOMETERS": 2810.02103 }, "geometry": { "type": "MultiLineString", "coordinates": [ [ [ 60.895545636363636, 46.105846545454547 ], [ 60.988596636363638, 46.103605545454549 ], [ 61.010556636363646, 46.103056545454542 ], [ 61.024164636363651, 46.100545545454544 ], [ 61.029717636363642, 46.096936545454547 ], [ 61.032489636363636, 46.091095545454543 ], [ 61.035558636363646, 46.075003545454543 ], [ 61.042497636363635, 46.062763545454551 ], [ 61.051938636363644, 46.05304354545455 ], [ 61.057491636363636, 46.04972254545455 ], [ 61.06972263636365, 46.04444854545455 ], [ 61.10277063636363, 46.036942545454544 ], [ 61.13610663636365, 46.029994545454549 ], [ 61.163322636363631, 46.028329545454547 ], [ 61.185822636363639, 46.028599545454547 ], [ 61.240272636363642, 46.032775545454548 ], [ 61.272222636363637, 46.036942545454544 ], [ 61.337769636363646, 46.061935545454538 ], [ 61.344150636363651, 46.06554454545455 ], [ 61.355274636363646, 46.07804554545455 ], [ 61.370826636363631, 46.084165545454546 ], [ 61.397772636363641, 46.092760545454546 ], [ 61.466100636363649, 46.11193954545454 ], [ 61.508328636363643, 46.123315545454538 ], [ 61.52333163636365, 46.12360354545455 ], [ 61.536948636363633, 46.121101545454543 ], [ 61.715823636363638, 46.065823545454542 ], [ 61.738323636363646, 46.052773545454549 ], [ 61.835541636363644, 45.97526554545454 ], [ 61.839438636363639, 45.96888454545455 ], [ 61.843605636363634, 45.95221654545454 ], [ 61.846656636363633, 45.925558545454543 ], [ 61.844433636363647, 45.92110354545455 ], [ 61.834164636363624, 45.913318545454551 ], [ 61.82527263636365, 45.910546545454544 ], [ 61.817217636363637, 45.909718545454545 ], [ 61.781379636363624, 45.91193254545454 ], [ 61.735263636363641, 45.893329545454542 ], [ 61.702494636363639, 45.860542545454543 ], [ 61.694988636363632, 45.846934545454538 ], [ 61.69027263636363, 45.827494545454549 ], [ 61.690542636363631, 45.817216545454549 ], [ 61.700001636363623, 45.799162545454543 ], [ 61.733877636363644, 45.74971654545454 ], [ 61.738881636363629, 45.745270545454538 ], [ 61.762218636363627, 45.733885545454548 ], [ 61.768599636363632, 45.73221154545454 ], [ 61.808325636363634, 45.733885545454548 ], [ 61.838601636363649, 45.735262545454539 ], [ 61.851939636363625, 45.732760545454546 ], [ 61.903599636363651, 45.70527454545455 ], [ 61.954440636363643, 45.67083154545454 ], [ 61.966383636363645, 45.665548545454548 ], [ 61.974438636363629, 45.666664545454545 ], [ 61.988325636363641, 45.673324545454541 ], [ 62.003058636363647, 45.700270545454551 ], [ 62.028870636363649, 45.730546545454551 ], [ 62.044152636363634, 45.736936545454547 ], [ 62.06166663636364, 45.741382545454549 ], [ 62.185821636363642, 45.761938545454548 ], [ 62.277774636363631, 45.766933545454542 ], [ 62.289159636363649, 45.742219545454539 ], [ 62.439711636363626, 45.750823545454544 ], [ 62.455551636363651, 45.754999545454545 ], [ 62.529162636363651, 45.777490545454548 ], [ 62.559717636363644, 45.789721545454547 ], [ 62.642220636363646, 45.748600545454543 ], [ 62.756097636363648, 45.678598545454541 ], [ 62.766933636363632, 45.671659545454538 ], [ 62.826099636363637, 45.68638354545454 ], [ 62.852217636363633, 45.69388054545454 ], [ 62.857500636363625, 45.697489545454538 ], [ 62.862207636363649, 45.707218545454545 ], [ 62.864718636363648, 45.716938545454546 ], [ 62.86970463636365, 45.725821545454544 ], [ 62.885274636363647, 45.731932545454548 ], [ 62.892771636363648, 45.731932545454548 ], [ 62.955555636363641, 45.724993545454545 ], [ 63.036105636363629, 45.701665545454539 ], [ 63.048048636363632, 45.696103545454541 ], [ 63.117492636363636, 45.661372545454547 ], [ 63.12444063636363, 45.649987545454543 ], [ 63.137499636363628, 45.60470854545455 ], [ 63.141936636363624, 45.59943454545455 ], [ 63.161664636363639, 45.594988545454548 ], [ 63.183876636363635, 45.594988545454548 ], [ 63.275829636363625, 45.600829545454538 ], [ 63.300831636363625, 45.605275545454539 ], [ 63.30721263636363, 45.608893545454542 ], [ 63.329163636363631, 45.633877545454546 ], [ 63.335544636363636, 45.637216545454542 ], [ 63.408327636363651, 45.668050545454541 ], [ 63.669444636363636, 45.747214545454547 ], [ 63.677490636363643, 45.748042545454545 ], [ 63.778596636363631, 45.742219545454539 ], [ 63.795003636363646, 45.73137454545455 ], [ 63.798612636363629, 45.724993545454545 ], [ 63.797217636363627, 45.715003545454543 ], [ 63.793329636363637, 45.710827545454542 ], [ 63.768885636363649, 45.702214545454545 ], [ 63.824721636363648, 45.659428545454539 ], [ 63.91027563636365, 45.619153545454544 ], [ 63.918051636363629, 45.606652545454544 ], [ 63.919158636363647, 45.590542545454547 ], [ 63.911103636363634, 45.571939545454548 ], [ 63.906099636363649, 45.56833054545455 ], [ 63.882204636363639, 45.560545545454538 ], [ 63.856941636363644, 45.547774545454551 ], [ 63.854439636363651, 45.54332854545455 ], [ 63.855555636363647, 45.537775545454544 ], [ 63.875823636363634, 45.505825545454549 ], [ 63.880548636363642, 45.501388545454539 ], [ 63.898323636363642, 45.485827545454548 ], [ 63.911103636363634, 45.482209545454545 ], [ 63.950001636363623, 45.484720545454543 ], [ 64.003875636363631, 45.488041545454543 ], [ 64.024701636363631, 45.485260545454544 ], [ 64.103586636363644, 45.471931545454545 ], [ 64.115259636363646, 45.466666545454551 ], [ 64.183875636363638, 45.427489545454542 ], [ 64.189419636363624, 45.423880545454544 ], [ 64.206375636363646, 45.404161545454549 ], [ 64.209156636363645, 45.399166545454541 ], [ 64.200003636363647, 45.375829545454543 ], [ 64.224150636363646, 45.29221954545455 ], [ 64.228047636363641, 45.28582954545454 ], [ 64.24248363636363, 45.27249154545455 ], [ 64.383324636363625, 45.167497545454545 ], [ 64.400820636363648, 45.159154545454548 ], [ 64.454991636363644, 45.122488545454551 ], [ 64.500549636363644, 45.098602545454547 ], [ 64.779711636363629, 44.992492545454546 ], [ 64.857750636363647, 44.973601545454549 ], [ 64.894434636363627, 44.971657545454541 ], [ 64.919148636363644, 44.975815545454545 ], [ 64.930821636363646, 44.983042545454545 ], [ 64.969710636363629, 45.018880545454543 ], [ 64.98664863636364, 45.02221954545454 ], [ 65.000823636363634, 45.021103545454544 ], [ 65.191929636363625, 44.97470854545454 ], [ 65.32192563636363, 44.941102545454548 ], [ 65.334156636363645, 44.92360654545454 ], [ 65.504436636363636, 44.791108545454541 ], [ 65.565267636363643, 44.744434545454546 ], [ 65.626080636363639, 44.732761545454544 ], [ 65.642208636363648, 44.735263545454551 ], [ 65.652477636363642, 44.742490545454551 ], [ 65.661099636363645, 44.744155545454539 ], [ 65.793876636363649, 44.73915154545454 ], [ 65.808024636363626, 44.738044545454549 ], [ 65.813874636363636, 44.735263545454551 ], [ 65.911101636363639, 44.62693954545454 ], [ 65.914431636363645, 44.622493545454539 ], [ 65.95776663636363, 44.55222154545455 ], [ 65.959719636363644, 44.494990545454549 ], [ 66.11971263636363, 44.475262545454548 ], [ 66.254163636363643, 44.39138254545454 ], [ 66.393330636363629, 44.276938545454549 ], [ 66.396651636363629, 44.272762545454547 ], [ 66.424146636363645, 44.230273545454544 ], [ 66.425262636363641, 44.224711545454547 ], [ 66.424425636363651, 44.184436545454538 ], [ 66.420258636363627, 44.175274545454549 ], [ 66.412203636363643, 44.167210545454545 ], [ 66.413319636363639, 44.161369545454541 ], [ 66.44581863636364, 44.139715545454543 ], [ 66.456645636363646, 44.13304654545454 ], [ 66.46748163636363, 44.126377545454538 ], [ 66.487200636363639, 44.139436545454551 ], [ 66.502563636363647, 44.147329545454546 ], [ 66.51554163636365, 44.14221754545455 ], [ 66.52053663636363, 44.07999154545454 ], [ 66.513606636363647, 44.058877545454543 ], [ 66.508611636363639, 44.036107545454549 ], [ 66.531102636363642, 44.007775545454543 ], [ 66.540822636363629, 43.999432545454546 ], [ 66.630534636363649, 43.962487545454543 ], [ 66.814422636363645, 43.937206545454551 ], [ 66.821658636363651, 43.937206545454551 ], [ 66.88804263636365, 43.95859954545454 ], [ 66.893055636363641, 43.962208545454551 ], [ 66.923034636363639, 43.984438545454545 ], [ 67.000542636363633, 44.014165545454539 ], [ 67.016391636363636, 44.018602545454549 ], [ 67.023879636363631, 44.018323545454543 ], [ 67.029432636363651, 44.015542545454544 ], [ 67.16360463636363, 43.921663545454543 ], [ 67.194699636363652, 43.897768545454547 ], [ 67.202484636363636, 43.886653545454543 ], [ 67.249419636363626, 43.814158545454539 ], [ 67.288884636363633, 43.758610545454538 ], [ 67.315812636363631, 43.734994545454548 ], [ 67.348329636363644, 43.71388054545455 ], [ 67.399719636363642, 43.680274545454544 ], [ 67.476651636363641, 43.596097545454548 ], [ 67.483869636363636, 43.583884545454545 ], [ 67.503876636363628, 43.549720545454541 ], [ 67.506945636363639, 43.538047545454539 ], [ 67.510275636363644, 43.493326545454543 ], [ 67.544142636363631, 43.455553545454542 ], [ 67.63498863636363, 43.411939545454551 ], [ 67.720263636363626, 43.372762545454542 ], [ 67.735806636363634, 43.373878545454538 ], [ 67.748595636363632, 43.370827545454539 ], [ 67.796097636363641, 43.337491545454547 ], [ 67.864155636363648, 43.219978545454545 ], [ 67.870527636363647, 43.17804754545454 ], [ 67.870257636363647, 43.137502545454545 ], [ 67.865532636363639, 43.123048545454544 ], [ 67.862760636363646, 43.118602545454543 ], [ 67.838046636363629, 43.099999545454544 ], [ 67.834986636363624, 43.090270545454551 ], [ 67.832493636363637, 43.069714545454538 ], [ 67.84470663636364, 43.053883545454546 ], [ 67.849719636363631, 43.049995545454543 ], [ 67.856370636363636, 43.048879545454547 ], [ 67.96832163636364, 43.031113545454538 ], [ 68.070831636363636, 43.00166554545455 ], [ 68.134722636363648, 42.981658545454543 ], [ 68.168589636363635, 42.965827545454538 ], [ 68.170821636363627, 42.959716545454548 ], [ 68.159427636363631, 42.904987545454539 ], [ 68.232480636363647, 42.799165545454549 ], [ 68.23441563636365, 42.793054545454545 ], [ 68.232183636363629, 42.789454545454539 ], [ 68.213607636363633, 42.756946545454547 ], [ 68.233317636363637, 42.727759545454539 ], [ 68.261937636363626, 42.635554545454546 ], [ 68.261658636363649, 42.630271545454541 ], [ 68.233596636363643, 42.561385545454549 ], [ 68.229150636363642, 42.551935545454548 ], [ 68.253324636363629, 42.36333154545455 ], [ 68.285265636363647, 42.284437545454544 ], [ 68.289423636363637, 42.27221554545455 ], [ 68.290818636363639, 42.260830545454546 ], [ 68.242200636363634, 42.11026954545455 ], [ 68.212491636363637, 42.06054454545454 ], [ 68.145540636363648, 41.954164545454539 ], [ 68.109711636363642, 41.818057545454543 ], [ 68.08137063636363, 41.77388554545454 ], [ 68.070831636363636, 41.76138454545454 ], [ 68.044146636363649, 41.731657545454546 ], [ 68.041653636363634, 41.694712545454543 ], [ 68.039430636363647, 41.648326545454545 ], [ 68.063037636363646, 41.616664545454547 ], [ 68.068329636363643, 41.603884545454541 ], [ 68.082216636363626, 41.562763545454551 ], [ 68.101377636363651, 41.480818545454547 ], [ 68.110809636363626, 41.43776254545454 ], [ 68.101089636363639, 41.360272545454542 ], [ 68.096940636363627, 41.350831545454547 ], [ 68.044704636363633, 41.309719545454548 ], [ 67.996644636363641, 41.301385545454544 ], [ 67.981650636363639, 41.29554454545454 ], [ 67.97053563636365, 41.288893545454549 ], [ 67.96193163636363, 41.269993545454547 ], [ 67.968015636363646, 41.24498254545454 ], [ 67.985178636363628, 41.214859545454551 ], [ 68.015103636363648, 41.16999454545455 ], [ 68.047620636363632, 41.13161854545455 ], [ 68.059968636363635, 41.123167545454542 ], [ 68.080128636363639, 41.113411545454547 ], [ 68.110044636363625, 41.112754545454543 ], [ 68.132805636363628, 41.117308545454542 ], [ 68.151030636363629, 41.123167545454542 ], [ 68.173782636363626, 41.124463545454539 ], [ 68.191989636363644, 41.123167545454542 ], [ 68.229708636363625, 41.114059545454545 ], [ 68.304498636363633, 41.091298545454542 ], [ 68.329221636363627, 41.091298545454542 ], [ 68.365626636363629, 41.095195545454551 ], [ 68.38319463636364, 41.101054545454538 ], [ 68.441082636363632, 41.106256545454549 ], [ 68.453430636363635, 41.10170254545455 ], [ 68.47164663636363, 41.073325545454544 ], [ 68.539155636363631, 41.021935545454546 ], [ 68.549712636363637, 41.01611254545454 ], [ 68.56276263636363, 41.013610545454547 ], [ 68.632476636363634, 40.968880545454546 ], [ 68.648937636363627, 40.946866545454547 ], [ 68.708706636363644, 40.904242545454544 ], [ 68.714997636363648, 40.893325545454537 ], [ 68.75915163636364, 40.851106545454549 ], [ 68.817489636363632, 40.822774545454543 ], [ 68.903871636363647, 40.761106545454545 ], [ 69.042480636363649, 40.656652545454541 ], [ 69.118044636363635, 40.575823545454547 ], [ 69.110538636363628, 40.508044545454545 ], [ 69.117756636363652, 40.329718545454547 ], [ 69.120258636363644, 40.324435545454541 ], [ 69.128583636363629, 40.314994545454546 ], [ 69.190260636363632, 40.26915754545454 ], [ 69.232758636363627, 40.24637854545454 ], [ 69.310527636363645, 40.21082854545454 ], [ 69.318186636363635, 40.208290545454538 ], [ 69.339984636363624, 40.201099545454547 ], [ 69.360810636363624, 40.200271545454548 ], [ 69.433872636363645, 40.221655545454546 ], [ 69.506655636363632, 40.24554154545455 ], [ 69.601380636363643, 40.293331545454542 ], [ 69.621090636363647, 40.302493545454546 ], [ 69.629154636363637, 40.303879545454542 ], [ 69.657477636363637, 40.303321545454544 ], [ 69.706374636363648, 40.301935545454548 ], [ 69.727200636363648, 40.300828545454543 ], [ 69.813600636363645, 40.27859854545455 ], [ 69.824616636363629, 40.271344545454546 ], [ 69.889767636363644, 40.257277545454549 ], [ 70.042794636363624, 40.294186545454544 ], [ 70.136412636363644, 40.311286545454543 ], [ 70.284939636363646, 40.340095545454538 ], [ 70.315539636363638, 40.346395545454548 ], [ 70.356048636363624, 40.372513545454545 ], [ 70.364157636363643, 40.389613545454544 ], [ 70.363347636363642, 40.402474545454545 ], [ 70.343079636363626, 40.445809545454544 ], [ 70.369980636363636, 40.471324545454543 ], [ 70.415259636363629, 40.491052545454544 ], [ 70.534986636363641, 40.559380545454538 ], [ 70.734012636363644, 40.675084545454546 ], [ 70.777482636363629, 40.706323545454545 ], [ 70.795284636363647, 40.724071545454542 ], [ 70.802475636363624, 40.729993545454541 ], [ 70.842750636363633, 40.739155545454544 ], [ 70.864152636363627, 40.739155545454544 ], [ 70.887768636363631, 40.741666545454542 ], [ 70.902771636363639, 40.746940545454542 ], [ 70.943037636363641, 40.781113545454538 ], [ 70.966662636363651, 40.799986545454551 ], [ 71.044143636363629, 40.852222545454545 ], [ 71.05554663636363, 40.857496545454545 ], [ 71.069721636363624, 40.858045545454537 ], [ 71.123874636363638, 40.851934545454547 ], [ 71.203875636363648, 40.852222545454545 ], [ 71.321928636363651, 40.874713545454547 ], [ 71.483595636363646, 40.875829545454543 ], [ 71.489697636363644, 40.873318545454545 ], [ 71.540817636363641, 40.873318545454545 ], [ 71.593872636363642, 40.873885545454549 ], [ 71.616381636363627, 40.875829545454543 ], [ 71.662002636363638, 40.882723545454546 ], [ 71.728863636363627, 40.901650545454551 ], [ 71.762208636363624, 40.911100545454538 ], [ 71.793870636363636, 40.926652545454537 ], [ 71.854980636363649, 40.957774545454548 ], [ 71.921373636363626, 41.004160545454546 ], [ 72.137499636363628, 41.170543545454542 ], [ 72.151377636363634, 41.181937545454538 ], [ 72.154437636363639, 41.191936545454546 ], [ 72.15459063636365, 41.203960545454542 ], [ 72.186648636363628, 41.228872545454543 ], [ 72.189969636363628, 41.232760545454546 ], [ 72.193866636363651, 41.24275954545454 ], [ 72.231369636363638, 41.366095545454549 ], [ 72.230541636363625, 41.374438545454545 ], [ 72.22526763636364, 41.397775545454543 ], [ 72.237759636363648, 41.426656545454541 ], [ 72.266388636363644, 41.453881545454543 ], [ 72.313872636363641, 41.486938545454542 ], [ 72.358314636363644, 41.502769545454548 ], [ 72.381651636363642, 41.50943854545455 ], [ 72.389985636363633, 41.510824545454547 ], [ 72.411369636363645, 41.50943854545455 ], [ 72.428037636363626, 41.512219545454549 ], [ 72.460536636363628, 41.527492545454542 ], [ 72.635820636363633, 41.627491545454539 ], [ 72.640824636363647, 41.631379545454543 ], [ 72.643326636363639, 41.635825545454544 ], [ 72.650274636363633, 41.654986545454541 ], [ 72.646026636363644, 41.659306545454548 ], [ 72.645594636363626, 41.66952154545455 ], [ 72.648681636363648, 41.673373545454545 ], [ 72.739653636363641, 41.752006545454542 ], [ 72.773574636363634, 41.781310545454538 ], [ 72.805965636363624, 41.80366654545454 ], [ 72.819834636363652, 41.810596545454551 ], [ 72.836025636363644, 41.812918545454544 ], [ 72.996387636363636, 41.808292545454542 ], [ 73.035708636363637, 41.805205545454548 ], [ 73.051899636363629, 41.801353545454539 ], [ 73.088907636363643, 41.785162545454547 ], [ 73.109724636363637, 41.778223545454544 ], [ 73.148271636363631, 41.768971545454541 ], [ 73.166010636363637, 41.767423545454541 ], [ 73.219983636363651, 41.765893545454539 ], [ 73.270095636363635, 41.767423545454541 ], [ 73.297077636363639, 41.768971545454541 ], [ 73.310244636363649, 41.774308545454538 ], [ 73.333050636363652, 41.77193254545454 ], [ 73.457493636363637, 41.768053545454542 ], [ 73.472217636363638, 41.768881545454541 ], [ 73.488039636363624, 41.77388554545454 ], [ 73.509990636363625, 41.793055545454543 ], [ 73.519143636363651, 41.795269545454538 ], [ 73.550265636363633, 41.798338545454548 ], [ 73.608315636363642, 41.79666454545454 ], [ 73.633605636363626, 41.789986545454546 ], [ 73.700547636363638, 41.768602545454549 ], [ 73.710537636363625, 41.76250054545455 ], [ 73.733046636363639, 41.742493545454543 ], [ 73.780818636363648, 41.725816545454542 ], [ 73.794984636363637, 41.723602545454547 ], [ 73.847490636363631, 41.71609654545454 ], [ 73.876371636363643, 41.715268545454542 ], [ 73.885272636363624, 41.706934545454551 ], [ 73.928859636363626, 41.644150545454544 ], [ 73.94192763636363, 41.619436545454541 ], [ 73.955553636363646, 41.55610354545454 ], [ 73.955553636363646, 41.54999254545455 ], [ 73.952484636363636, 41.534719545454543 ], [ 73.942746636363637, 41.516386545454544 ], [ 73.936095636363632, 41.508043545454548 ], [ 73.934709636363635, 41.497486545454542 ], [ 73.946094636363625, 41.481655545454551 ], [ 73.981653636363632, 41.44415254545455 ], [ 74.012496636363636, 41.424991545454539 ], [ 74.029434636363646, 41.41805254545455 ], [ 74.143050636363625, 41.390269545454551 ], [ 74.245524636363626, 41.367760545454551 ], [ 74.258880636363642, 41.366662545454538 ], [ 74.347215636363643, 41.383330545454548 ], [ 74.369139636363627, 41.391106545454541 ], [ 74.382468636363626, 41.402221545454545 ], [ 74.470263636363626, 41.434432545454548 ], [ 74.486103636363652, 41.438041545454546 ], [ 74.538879636363646, 41.439157545454542 ], [ 74.57361063636364, 41.436385545454549 ], [ 74.579712636363638, 41.433595545454544 ], [ 74.592204636363647, 41.420545545454551 ], [ 74.618862636363644, 41.405542545454544 ], [ 74.634153636363635, 41.405542545454544 ], [ 74.988312636363645, 41.421661545454548 ], [ 75.09348663636365, 41.427610545454549 ], [ 75.153876636363634, 41.434153545454542 ], [ 75.219432636363649, 41.441938545454541 ], [ 75.255558636363645, 41.441650545454543 ], [ 75.269994636363634, 41.440543545454538 ], [ 75.283053636363633, 41.437213545454547 ], [ 75.331095636363642, 41.421661545454548 ], [ 75.342210636363632, 41.41666654545454 ], [ 75.351930636363647, 41.409718545454545 ], [ 75.394149636363636, 41.395831545454548 ], [ 75.418593636363624, 41.38888354545454 ], [ 75.538320636363636, 41.379154545454547 ], [ 75.559704636363648, 41.378047545454542 ], [ 75.582492636363639, 41.378875545454541 ], [ 75.60860163636363, 41.383879545454541 ], [ 75.65248563636365, 41.39916154545454 ], [ 75.661926636363631, 41.406379545454548 ], [ 75.672762636363643, 41.419150545454549 ], [ 75.68221263636363, 41.42637754545455 ], [ 75.726087636363644, 41.441650545454543 ], [ 75.766101636363629, 41.453044545454539 ], [ 75.830550636363625, 41.460271545454539 ], [ 75.843600636363647, 41.456932545454542 ], [ 75.866658636363638, 41.447491545454547 ], [ 75.87137463636364, 41.44415254545455 ], [ 75.883605636363626, 41.440543545454538 ], [ 75.946929636363649, 41.434153545454542 ], [ 76.002207636363636, 41.42916754545454 ], [ 76.017489636363649, 41.42916754545454 ], [ 76.080831636363627, 41.434432545454548 ], [ 76.187481636363628, 41.44498954545454 ], [ 76.257492636363651, 41.45638354545455 ], [ 76.338042636363639, 41.472763545454548 ], [ 76.352478636363628, 41.478325545454545 ], [ 76.407765636363649, 41.490268545454548 ], [ 76.489152636363627, 41.493607545454545 ], [ 76.504434636363641, 41.493328545454538 ], [ 76.561647636363631, 41.482762545454541 ], [ 76.574706636363629, 41.479423545454544 ], [ 76.585533636363635, 41.474437545454542 ], [ 76.600266636363642, 41.464150545454551 ], [ 76.612200636363639, 41.460271545454539 ], [ 76.619427636363639, 41.459722545454547 ], [ 76.963884636363645, 41.49193354545455 ], [ 77.149158636363637, 41.478046545454539 ], [ 77.17803963636365, 41.476651545454551 ], [ 77.201664636363631, 41.482492545454541 ], [ 77.215272636363636, 41.488045545454547 ], [ 77.220267636363644, 41.49166354545455 ], [ 77.247753636363626, 41.502490545454542 ], [ 77.272764636363632, 41.506378545454545 ], [ 77.439417636363629, 41.515270545454548 ], [ 77.464158636363635, 41.516107545454538 ], [ 77.49775563636365, 41.511661545454551 ], [ 77.523036636363628, 41.50500154545454 ], [ 77.537202636363645, 41.503606545454538 ], [ 77.555256636363652, 41.507215545454549 ], [ 77.581662636363632, 41.518330545454539 ], [ 77.665542636363625, 41.566939545454538 ], [ 77.757486636363637, 41.645545545454546 ], [ 77.782767636363644, 41.67026854545454 ], [ 77.859420636363637, 41.723044545454549 ], [ 77.972217636363638, 41.787214545454539 ], [ 78.020259636363647, 41.812207545454548 ], [ 78.048600636363631, 41.827489545454547 ], [ 78.064143636363639, 41.843608545454551 ], [ 78.066078636363642, 41.848324545454538 ], [ 78.058869636363625, 41.858323545454546 ] ], [ [ 78.058869636363625, 41.858323545454546 ], [ 78.03969963636365, 41.873317545454547 ], [ 77.999712636363626, 41.890273545454541 ], [ 77.98664463636365, 41.893612545454538 ], [ 77.972487636363638, 41.894998545454548 ], [ 77.930547636363627, 41.889715545454543 ], [ 77.868321636363646, 41.878330545454538 ], [ 77.823042636363624, 41.86443454545455 ], [ 77.815806636363646, 41.86443454545455 ], [ 77.781102636363642, 41.86443454545455 ], [ 77.76554163636365, 41.864722545454548 ], [ 77.737488636363651, 41.874991545454542 ] ] ] } },
{ "type": "Feature", "properties": { "NAME": "Huang He", "SYSTEM": null, "MILES": 3371.55586, "KILOMETERS": 5426.00404 }, "geometry": { "type": "MultiLineString", "coordinates": [ [ [ 95.980524636363612, 35.118043545454547 ], [ 96.451080636363656, 35.105263545454541 ], [ 96.957195636363622, 34.992763545454544 ], [ 97.062747636363611, 34.92554254545454 ], [ 97.31108463636366, 34.829152545454541 ], [ 97.399140636363654, 34.814707545454546 ], [ 97.539108636363665, 34.876159545454549 ], [ 97.550304636363649, 34.876276545454537 ], [ 97.575810636363656, 34.880569545454541 ], [ 97.615869636363641, 34.895473545454543 ], [ 97.648008636363613, 34.913023545454543 ], [ 97.681785636363657, 34.938853545454542 ], [ 97.707273636363652, 34.969318545454549 ], [ 97.75396563636366, 35.060047545454545 ], [ 97.767204636363658, 35.089153545454543 ], [ 97.773036636363656, 35.099998545454547 ], [ 97.777212636363629, 35.103607545454544 ], [ 97.796373636363626, 35.109439545454542 ], [ 97.804698636363639, 35.109988545454549 ], [ 97.846098636363649, 35.10804454545454 ], [ 97.894437636363648, 35.100826545454545 ], [ 97.963881636363624, 35.089720545454547 ], [ 97.983600636363633, 35.085823545454538 ], [ 97.993590636363649, 35.080270545454546 ], [ 98.001933636363617, 35.072773545454545 ], [ 98.072772636363652, 34.974439545454551 ], [ 98.134719636363627, 34.890271545454546 ], [ 98.280825636363659, 34.839439545454546 ], [ 98.342205636363644, 34.829161545454546 ], [ 98.366658636363638, 34.822222545454544 ], [ 98.38165263636364, 34.813609545454547 ], [ 98.385549636363635, 34.809721545454543 ], [ 98.393325636363613, 34.79471854545455 ], [ 98.398608636363633, 34.76971654545455 ], [ 98.404980636363632, 34.647775545454543 ], [ 98.403594636363664, 34.641934545454539 ], [ 98.399157636363611, 34.631935545454546 ], [ 98.393055636363613, 34.623322545454549 ], [ 98.384154636363633, 34.616662545454538 ], [ 98.379150636363647, 34.547776545454546 ], [ 98.493315636363661, 34.411372545454547 ], [ 98.502207636363664, 34.404712545454551 ], [ 98.642760636363619, 34.349164545454549 ], [ 98.664153636363665, 34.346653545454551 ], [ 98.696931636363615, 34.347769545454547 ], [ 98.714427636363666, 34.35470854545455 ], [ 98.72442663636366, 34.36720954545455 ], [ 98.725821636363662, 34.372762545454542 ], [ 98.724993636363649, 34.385272545454548 ], [ 98.713878636363631, 34.434439545454545 ], [ 98.713878636363631, 34.447768545454544 ], [ 98.72442663636366, 34.453042545454544 ], [ 98.894994636363663, 34.46665954545454 ], [ 99.010275636363644, 34.431937545454538 ], [ 99.016098636363665, 34.429993545454543 ], [ 99.042756636363663, 34.410274545454548 ], [ 99.051657636363643, 34.40359654545454 ], [ 99.060810636363613, 34.382491545454549 ], [ 99.065805636363621, 34.35749854545454 ], [ 99.063033636363627, 34.346095545454538 ], [ 99.043044636363618, 34.225549545454548 ], [ 99.04165863636365, 34.048609545454546 ], [ 99.046932636363636, 34.031383545454538 ], [ 99.106368636363641, 33.911098545454543 ], [ 99.242484636363656, 33.778330545454544 ], [ 99.263049636363633, 33.760555545454544 ], [ 99.308319636363649, 33.735823545454544 ], [ 99.315267636363615, 33.734716545454539 ], [ 99.343599636363649, 33.735823545454544 ], [ 99.351087636363616, 33.73693954545454 ], [ 99.366657636363641, 33.745273545454545 ], [ 99.375540636363667, 33.751933545454541 ], [ 99.387501636363652, 33.776098545454538 ], [ 99.398994636363625, 33.819703545454537 ], [ 99.42081963636366, 33.82305154545454 ], [ 99.445254636363643, 33.823330545454546 ], [ 99.476088636363613, 33.814708545454543 ], [ 99.524157636363611, 33.800002545454539 ], [ 99.531375636363634, 33.791938545454549 ], [ 99.538035636363645, 33.776098545454538 ], [ 99.546099636363635, 33.768601545454551 ], [ 99.559707636363612, 33.766387545454542 ], [ 99.618045636363661, 33.761113545454542 ], [ 99.642210636363643, 33.761383545454542 ], [ 99.655548636363619, 33.764722545454539 ], [ 99.679155636363646, 33.780274545454539 ], [ 99.692475636363611, 33.796942545454549 ], [ 99.705264636363665, 33.807211545454543 ], [ 99.712770636363643, 33.808327545454539 ], [ 99.749148636363657, 33.806095545454546 ], [ 99.755259636363633, 33.804160545454543 ], [ 99.834990636363614, 33.774433545454549 ], [ 99.840273636363634, 33.771940545454548 ], [ 100.006944636363642, 33.671932545454546 ], [ 100.011381636363637, 33.66860254545454 ], [ 100.012497636363662, 33.662212545454544 ], [ 100.016664636363657, 33.648325545454547 ], [ 100.025817636363627, 33.634717545454542 ], [ 100.029435636363644, 33.630820545454547 ], [ 100.045257636363658, 33.615826545454546 ], [ 100.082220636363616, 33.583597545454545 ], [ 100.133880636363642, 33.572221545454546 ], [ 100.15498563636362, 33.569449545454539 ], [ 100.16331963636361, 33.56998954545454 ], [ 100.169142636363631, 33.572221545454546 ], [ 100.236102636363626, 33.628327545454546 ], [ 100.244139636363627, 33.635554545454546 ], [ 100.277484636363624, 33.672490545454544 ], [ 100.283874636363635, 33.681112545454546 ], [ 100.288320636363665, 33.690823545454542 ], [ 100.286376636363627, 33.69638554545454 ], [ 100.276089636363622, 33.716383545454541 ], [ 100.273317636363629, 33.721099545454543 ], [ 100.312485636363647, 33.744994545454539 ], [ 100.384719636363627, 33.779437545454549 ], [ 100.468599636363649, 33.822772545454548 ], [ 100.623876636363661, 33.903871545454543 ], [ 100.654161636363654, 33.92109754545455 ], [ 100.678317636363658, 33.929440545454547 ], [ 100.775274636363633, 33.924706545454548 ], [ 100.781376636363632, 33.922762545454539 ], [ 100.78553463636365, 33.919441545454539 ], [ 100.796649636363611, 33.900271545454551 ], [ 100.800267636363628, 33.889165545454539 ], [ 100.805820636363649, 33.879715545454538 ], [ 100.87692063636365, 33.795826545454538 ], [ 100.915548636363667, 33.757774545454545 ], [ 100.969440636363629, 33.729154545454541 ], [ 100.997484636363652, 33.724438545454539 ], [ 101.011938636363652, 33.724159545454548 ], [ 101.01666363636366, 33.727210545454547 ], [ 101.037489636363659, 33.771661545454542 ], [ 101.038038636363638, 33.778042545454547 ], [ 101.036103636363634, 33.78361354545455 ], [ 101.023881636363626, 33.801379545454544 ], [ 101.01416163636361, 33.829162545454544 ], [ 101.011938636363652, 33.841663545454544 ], [ 101.013045636363643, 33.854164545454545 ], [ 101.030541636363637, 33.88138054545454 ], [ 101.035536636363645, 33.879994545454544 ], [ 101.134428636363623, 33.849160545454545 ], [ 101.14332963636366, 33.842491545454543 ], [ 101.145264636363663, 33.836938545454551 ], [ 101.145534636363664, 33.824437545454551 ], [ 101.148324636363611, 33.819442545454542 ], [ 101.262498636363659, 33.717760545454546 ], [ 101.268330636363658, 33.715825545454543 ], [ 101.377473636363618, 33.692767545454551 ], [ 101.53776363636365, 33.696934545454546 ], [ 101.733873636363626, 33.683875545454548 ], [ 101.748318636363649, 33.682210545454545 ], [ 101.759991636363623, 33.678331545454547 ], [ 101.773032636363666, 33.668053545454548 ], [ 101.811102636363614, 33.629722545454548 ], [ 101.88860163636366, 33.545545545454537 ], [ 101.89045563636364, 33.535330545454549 ], [ 101.887773636363647, 33.514720545454544 ], [ 101.886936636363657, 33.489718545454544 ], [ 101.888583636363649, 33.484156545454546 ], [ 101.892210636363643, 33.479989545454551 ], [ 101.965542636363637, 33.403876545454544 ], [ 101.982750636363619, 33.390268545454539 ], [ 102.022215636363626, 33.360550545454551 ], [ 102.120819636363649, 33.332497545454551 ], [ 102.167484636363611, 33.333325545454549 ], [ 102.181650636363656, 33.33554854545455 ], [ 102.191658636363627, 33.342217545454538 ], [ 102.217758636363612, 33.362206545454548 ], [ 102.221097636363652, 33.36639154545454 ], [ 102.453603636363653, 33.469153545454539 ], [ 102.461109636363631, 33.469711545454551 ], [ 102.466986636363629, 33.467731545454548 ], [ 102.478605636363625, 33.460225545454541 ], [ 102.447204636363665, 33.52332454545455 ], [ 102.343326636363656, 33.618598545454539 ], [ 102.325821636363628, 33.646381545454538 ], [ 102.323319636363635, 33.65109754545454 ], [ 102.321924636363633, 33.664435545454545 ], [ 102.332220636363616, 33.697492545454544 ], [ 102.318882636363639, 33.757216545454547 ], [ 102.264162636363665, 33.82832554545454 ], [ 102.203871636363658, 33.905266545454545 ], [ 102.192747636363663, 33.916939545454547 ], [ 102.169149636363613, 33.939709545454541 ], [ 102.152211636363631, 33.953326545454537 ], [ 102.128307636363616, 33.961939545454548 ], [ 102.117750636363667, 33.94971754545454 ], [ 102.112494636363635, 33.948331545454543 ], [ 102.085539636363649, 33.953326545454537 ], [ 102.025275636363631, 33.968329545454544 ], [ 101.91080463636365, 33.997219545454548 ], [ 101.740263636363636, 34.079434545454539 ], [ 101.640543636363645, 34.135828545454551 ], [ 101.63610663636365, 34.139437545454548 ], [ 101.633604636363657, 34.14415354545455 ], [ 101.621643636363615, 34.16693254545455 ], [ 101.608764636363617, 34.189603545454538 ], [ 101.601384636363662, 34.191655545454545 ], [ 101.469435636363642, 34.226935545454545 ], [ 101.422761636363646, 34.229158545454546 ], [ 101.394717636363623, 34.233325545454541 ], [ 101.228316636363616, 34.298881545454542 ], [ 101.201100636363662, 34.33942654545455 ], [ 101.195817636363643, 34.370827545454539 ], [ 101.168592636363655, 34.437760545454545 ], [ 101.146380636363631, 34.48332754545455 ], [ 101.135940636363614, 34.494379545454542 ], [ 101.094711636363627, 34.501390545454548 ], [ 100.991094636363641, 34.546102545454538 ], [ 100.909149636363622, 34.617211545454545 ], [ 100.872483636363654, 34.700542545454546 ], [ 100.866930636363634, 34.710271545454539 ], [ 100.857480636363618, 34.716103545454551 ], [ 100.841937636363639, 34.717210545454542 ], [ 100.834431636363661, 34.716103545454551 ], [ 100.793868636363641, 34.693315545454546 ], [ 100.774158636363666, 34.674712545454547 ], [ 100.762503636363647, 34.669987545454539 ], [ 100.715001636363638, 34.66582954545455 ], [ 100.708323636363616, 34.665541545454538 ], [ 100.674987636363653, 34.672219545454546 ], [ 100.620528636363645, 34.692217545454547 ], [ 100.592484636363622, 34.709434545454549 ], [ 100.585266636363656, 34.717759545454548 ], [ 100.540815636363618, 34.758331545454546 ], [ 100.507218636363632, 34.786384545454546 ], [ 100.469436636363639, 34.809721545454543 ], [ 100.464153636363619, 34.812493545454551 ], [ 100.458033636363666, 34.814158545454539 ], [ 100.411098636363647, 34.816102545454548 ], [ 100.354704636363635, 34.824166545454538 ], [ 100.343319636363617, 34.82861254545454 ], [ 100.334427636363614, 34.835263545454545 ], [ 100.314699636363628, 34.854163545454547 ], [ 100.287195636363663, 34.911376545454537 ], [ 100.249710636363659, 35.029438545454546 ], [ 100.245255636363652, 35.116099545454539 ], [ 100.244706636363617, 35.146096545454547 ], [ 100.242753636363659, 35.196937545454539 ], [ 100.230549636363662, 35.305549545454546 ], [ 100.19608863636364, 35.393056545454549 ], [ 100.191363636363633, 35.40193054545454 ], [ 100.166379636363615, 35.438326545454551 ], [ 100.185252636363657, 35.552770545454543 ], [ 100.297761636363646, 35.753605545454541 ], [ 100.301091636363651, 35.758042545454551 ], [ 100.376079636363613, 35.784997545454537 ], [ 100.383882636363637, 35.78582554545455 ], [ 100.400271636363641, 35.78582554545455 ], [ 100.44165363636364, 35.784160545454547 ], [ 100.512501636363652, 35.84804254545454 ], [ 100.529709636363634, 35.868877545454545 ], [ 100.535532636363655, 35.871100545454546 ], [ 100.599990636363657, 35.876653545454538 ], [ 100.605822636363655, 35.878876545454538 ], [ 100.716936636363641, 35.975815545454545 ], [ 100.72581963636361, 35.989432545454541 ], [ 100.728519636363615, 35.999998545454538 ], [ 100.722489636363662, 36.022759545454541 ], [ 100.722759636363662, 36.036106545454551 ], [ 100.731651636363665, 36.049714545454542 ], [ 100.748868636363625, 36.070549545454547 ], [ 100.753053636363632, 36.07416754545455 ], [ 100.814703636363618, 36.101662545454538 ], [ 100.82666463636366, 36.10637854545454 ], [ 100.847220636363659, 36.111112545454539 ], [ 100.854978636363626, 36.111940545454537 ], [ 100.961106636363638, 36.115000545454542 ], [ 100.984416636363619, 36.11360554545454 ], [ 101.008041636363657, 36.105271545454549 ], [ 101.018058636363662, 36.099160545454545 ], [ 101.036931636363647, 36.079432545454544 ], [ 101.045814636363616, 36.072772545454548 ], [ 101.056362636363644, 36.067498545454548 ], [ 101.142204636363658, 36.039715545454548 ], [ 101.148324636363611, 36.03777154545454 ], [ 101.162202636363645, 36.035269545454547 ], [ 101.181930636363631, 36.05470954545455 ], [ 101.194971636363618, 36.058597545454539 ], [ 101.25637863636365, 36.053881545454537 ], [ 101.295537636363633, 36.044449545454547 ], [ 101.300262636363641, 36.041110545454551 ], [ 101.309145636363667, 36.027214545454548 ], [ 101.319153636363637, 36.021103545454544 ], [ 101.34248163636363, 36.019717545454547 ], [ 101.41387863636362, 36.027772545454546 ], [ 101.420538636363631, 36.029437545454549 ], [ 101.471649636363622, 36.044449545454547 ], [ 101.497758636363642, 36.065275545454547 ], [ 101.509431636363615, 36.076948545454549 ], [ 101.545818636363663, 36.096658545454538 ], [ 101.567220636363629, 36.107503545454541 ], [ 101.654979636363635, 36.136105545454548 ], [ 101.667750636363621, 36.139993545454551 ], [ 101.68830663636362, 36.144439545454539 ], [ 101.746932636363624, 36.149434545454547 ], [ 101.879151636363645, 36.096379545454546 ], [ 101.955264636363665, 36.041938545454549 ], [ 102.030630636363639, 35.958949545454537 ], [ 102.033402636363633, 35.954224545454544 ], [ 102.065649636363617, 35.878660545454544 ], [ 102.070680636363647, 35.854486545454542 ], [ 102.07846563636366, 35.83226554545454 ], [ 102.08820363636363, 35.818936545454541 ], [ 102.102369636363619, 35.80948654545454 ], [ 102.10986663636362, 35.808937545454548 ], [ 102.156261636363638, 35.813932545454541 ], [ 102.186528636363619, 35.83838554545455 ], [ 102.242103636363652, 35.856988545454549 ], [ 102.257664636363643, 35.858653545454551 ], [ 102.348825636363642, 35.85948154545455 ], [ 102.412779636363666, 35.859202545454544 ], [ 102.420564636363622, 35.858644545454545 ], [ 102.469776636363633, 35.850301545454549 ], [ 102.486453636363649, 35.84224654545455 ], [ 102.504804636363644, 35.829187545454538 ], [ 102.511761636363644, 35.827801545454541 ], [ 102.727464636363663, 35.804464545454543 ], [ 102.742188636363665, 35.806975545454542 ], [ 102.758325636363622, 35.814751545454548 ], [ 102.772779636363623, 35.823931545454549 ], [ 102.783615636363663, 35.836153545454543 ], [ 102.805008636363652, 35.839780545454538 ], [ 102.841431636363666, 35.838961545454545 ], [ 102.849207636363644, 35.838421545454544 ], [ 102.975387636363621, 35.812906545454545 ], [ 103.052355636363643, 35.792107545454549 ], [ 103.063461636363627, 35.787382545454541 ], [ 103.067088636363621, 35.783215545454546 ], [ 103.135164636363641, 35.774890545454546 ], [ 103.237674636363636, 35.825470545454543 ], [ 103.29045063636363, 35.854648545454545 ], [ 103.355178636363632, 35.906866545454541 ], [ 103.355178636363632, 35.908252545454538 ], [ 103.202133636363612, 35.954377545454541 ], [ 103.198515636363652, 35.958544545454551 ], [ 103.194897636363635, 35.964097545454543 ], [ 103.19906463636363, 35.974654545454548 ], [ 103.219638636363641, 35.992987545454547 ], [ 103.234758636363665, 36.000223545454539 ], [ 103.360029636363663, 36.106000545454542 ], [ 103.385814636363648, 36.112210545454538 ], [ 103.407477636363637, 36.12304654545455 ], [ 103.411653636363667, 36.126385545454546 ], [ 103.43886963636362, 36.160270545454544 ], [ 103.443864636363628, 36.163042545454537 ], [ 103.450002636363649, 36.165265545454538 ], [ 103.466382636363619, 36.16470754545454 ], [ 103.647489636363616, 36.126097545454549 ], [ 103.664697636363655, 36.118600545454548 ], [ 103.673310636363624, 36.111661545454545 ], [ 103.684983636363654, 36.099997545454549 ], [ 103.696089636363638, 36.081106545454539 ], [ 103.708329636363658, 36.076948545454549 ], [ 103.894143636363651, 36.036106545454551 ], [ 103.909722636363654, 36.034999545454546 ], [ 103.925265636363633, 36.036385545454543 ], [ 103.969149636363625, 36.042775545454539 ], [ 104.025273636363636, 36.053602545454545 ], [ 104.030547636363622, 36.056383545454544 ], [ 104.039151636363613, 36.063331545454538 ], [ 104.051094636363644, 36.081385545454545 ], [ 104.044704636363633, 36.121372545454541 ], [ 104.040546636363615, 36.124711545454538 ], [ 104.009991636363623, 36.134989545454538 ], [ 104.009154636363633, 36.139993545454551 ], [ 104.01360963636364, 36.150541545454551 ], [ 104.028045636363629, 36.173608545454549 ], [ 104.031375636363634, 36.177775545454544 ], [ 104.189973636363618, 36.322774545454543 ], [ 104.195256636363638, 36.325555545454542 ], [ 104.228862636363658, 36.340270545454551 ], [ 104.241093636363644, 36.344437545454547 ], [ 104.264439636363647, 36.346651545454542 ], [ 104.318052636363632, 36.34943254545454 ], [ 104.40192363636362, 36.372760545454547 ], [ 104.610804636363639, 36.496096545454542 ], [ 104.70832863636366, 36.574162545454548 ], [ 104.711658636363666, 36.578329545454544 ], [ 104.722494636363649, 36.662209545454537 ], [ 104.719146636363632, 36.673324545454541 ], [ 104.593875636363634, 36.817216545454549 ], [ 104.589708636363639, 36.82054654545454 ], [ 104.530272636363634, 36.851389545454545 ], [ 104.51832963636366, 36.85555654545454 ], [ 104.460540636363646, 36.872215545454544 ], [ 104.445816636363645, 36.874438545454545 ], [ 104.392761636363616, 36.877768545454551 ], [ 104.329986636363628, 36.881935545454546 ], [ 104.325549636363633, 36.885553545454549 ], [ 104.304426636363644, 37.026385545454538 ], [ 104.305821636363646, 37.13999254545454 ], [ 104.305821636363646, 37.145545545454546 ], [ 104.309421636363652, 37.149721545454547 ], [ 104.315262636363627, 37.15192654545455 ], [ 104.331939636363643, 37.152772545454546 ], [ 104.355546636363613, 37.15192654545455 ], [ 104.362764636363636, 37.153321545454538 ], [ 104.389710636363645, 37.15972054545454 ], [ 104.395830636363655, 37.161664545454549 ], [ 104.490267636363626, 37.193884545454544 ], [ 104.616384636363648, 37.258045545454543 ], [ 104.678592636363646, 37.300543545454538 ], [ 104.688312636363662, 37.306654545454542 ], [ 104.733870636363633, 37.333051545454545 ], [ 104.775270636363643, 37.333879545454543 ], [ 104.817219636363632, 37.340548545454546 ], [ 104.82332163636363, 37.342762545454541 ], [ 104.956935636363653, 37.39248754545455 ], [ 104.985267636363631, 37.417498545454542 ], [ 104.993322636363644, 37.425274545454549 ], [ 105.112203636363631, 37.481101545454543 ], [ 105.119133636363642, 37.482487545454539 ], [ 105.275544636363634, 37.491379545454542 ], [ 105.470538636363642, 37.496932545454548 ], [ 105.495819636363649, 37.497490545454546 ], [ 105.545679636363616, 37.49503354545454 ], [ 105.553860636363652, 37.49415154545455 ], [ 105.576666636363655, 37.496932545454548 ], [ 105.583056636363665, 37.498885545454549 ], [ 105.678321636363648, 37.534165545454549 ], [ 105.762210636363648, 37.557772545454547 ], [ 105.863595636363641, 37.574998545454541 ], [ 105.870525636363652, 37.576384545454538 ], [ 105.881361636363636, 37.581667545454543 ], [ 105.893601636363655, 37.59276454545455 ], [ 105.899154636363619, 37.602493545454543 ], [ 105.920817636363665, 37.64138254545454 ], [ 105.945531636363626, 37.698874545454551 ], [ 105.94748463636364, 37.704436545454548 ], [ 105.962487636363619, 37.748878545454538 ], [ 105.961650636363629, 37.798882545454539 ], [ 105.95999463636366, 37.811662545454546 ], [ 105.957069636363656, 37.823389545454539 ], [ 105.976653636363665, 37.854439545454547 ], [ 105.989424636363651, 37.872493545454539 ], [ 106.013049636363633, 37.902769545454539 ], [ 106.065807636363616, 37.94470954545455 ], [ 106.085535636363659, 37.957768545454549 ], [ 106.096371636363642, 37.963330545454546 ], [ 106.112202636363634, 37.97137654545454 ], [ 106.118592636363644, 37.973320545454548 ], [ 106.126368636363622, 37.97249254545455 ], [ 106.133604636363657, 37.973869545454541 ], [ 106.138878636363643, 37.97665054545454 ], [ 106.164987636363662, 37.997773545454542 ], [ 106.18914363636361, 38.020543545454551 ], [ 106.203048636363633, 38.044717545454539 ], [ 106.222488636363664, 38.085541545454539 ], [ 106.250829636363619, 38.16944854545455 ], [ 106.25109963636362, 38.178169545454544 ], [ 106.277694636363663, 38.227525545454547 ], [ 106.344141636363645, 38.298337545454551 ], [ 106.479708636363625, 38.395276545454543 ], [ 106.50971463636364, 38.420548545454544 ], [ 106.523322636363616, 38.435542545454545 ], [ 106.528875636363637, 38.445262545454547 ], [ 106.548603636363623, 38.487490545454541 ], [ 106.552203636363629, 38.523049545454548 ], [ 106.545255636363663, 38.524435545454544 ], [ 106.535535636363647, 38.53082554545454 ], [ 106.516932636363663, 38.564710545454538 ], [ 106.516095636363616, 38.570830545454548 ], [ 106.517490636363618, 38.584159545454547 ], [ 106.524699636363664, 38.59916254545454 ], [ 106.603593636363655, 38.719708545454544 ], [ 106.633428636363647, 38.783419545454542 ], [ 106.678131636363617, 38.83415254545455 ], [ 106.696365636363623, 38.840830545454544 ], [ 106.710819636363624, 38.85027154545454 ], [ 106.794438636363623, 38.931667545454538 ], [ 106.845261636363659, 38.989987545454547 ], [ 106.869705636363619, 39.026932545454549 ], [ 106.870821636363644, 39.033340545454543 ], [ 106.860381636363627, 39.056074545454543 ], [ 106.875537636363617, 39.097222545454549 ], [ 106.877454636363666, 39.10276654545455 ], [ 106.867203636363627, 39.122494545454551 ], [ 106.862766636363631, 39.125824545454542 ], [ 106.860264636363638, 39.13081954545455 ], [ 106.844982636363625, 39.160276545454543 ], [ 106.741653636363651, 39.407488545454548 ], [ 106.755558636363617, 39.508891545454539 ], [ 106.76327163636364, 39.533902545454545 ], [ 106.769994636363663, 39.546943545454546 ], [ 106.779435636363644, 39.560542545454545 ], [ 106.781370636363647, 39.566095545454537 ], [ 106.780335636363645, 39.580999545454539 ], [ 106.786923636363611, 39.661369545454541 ], [ 106.763604636363652, 39.759721545454546 ], [ 106.718325636363659, 40.014718545454549 ], [ 106.779435636363644, 40.099714545454539 ], [ 106.858320636363658, 40.178599545454539 ], [ 106.86913863636363, 40.18277554545454 ], [ 106.876374636363664, 40.175827545454545 ], [ 106.986642636363626, 40.238044545454549 ], [ 107.007486636363637, 40.250824545454542 ], [ 107.013048636363635, 40.261111545454547 ], [ 107.031939636363632, 40.308883545454542 ], [ 107.051370636363629, 40.324714545454547 ] ], [ [ 107.051370636363629, 40.324714545454547 ], [ 107.068056636363622, 40.332769545454546 ], [ 107.103588636363611, 40.33971754545454 ], [ 107.121372636363617, 40.346935545454549 ], [ 107.155257636363615, 40.383880545454538 ], [ 107.160261636363657, 40.394158545454538 ], [ 107.161656636363659, 40.407208545454544 ], [ 107.160810636363635, 40.413607545454546 ], [ 107.144952636363655, 40.45813954545455 ], [ 107.189142636363613, 40.490548545454551 ], [ 107.208330636363655, 40.52221954545454 ], [ 107.202480636363646, 40.531381545454543 ], [ 107.200275636363642, 40.55027254545454 ], [ 107.201103636363655, 40.570828545454539 ], [ 107.203047636363635, 40.576381545454545 ], [ 107.209716636363623, 40.585264545454542 ], [ 107.260548636363637, 40.62304654545455 ], [ 107.455551636363623, 40.702768545454539 ], [ 107.63582163636363, 40.773049545454548 ], [ 107.696094636363625, 40.816096545454549 ], [ 107.696364636363626, 40.823053545454549 ], [ 107.700270636363655, 40.826941545454538 ], [ 107.710260636363614, 40.836652545454548 ], [ 107.713878636363631, 40.839991545454545 ], [ 107.736927636363646, 40.849999545454544 ], [ 107.750823636363634, 40.85416654545454 ], [ 107.842758636363612, 40.86610054545455 ], [ 107.865816636363661, 40.868323545454551 ], [ 107.873871636363617, 40.867486545454547 ], [ 108.067767636363612, 40.842493545454538 ], [ 108.229155636363657, 40.813612545454539 ], [ 108.309417636363662, 40.803316545454543 ], [ 108.326103636363655, 40.80165154545454 ], [ 108.369132636363645, 40.809994545454551 ], [ 108.41804763636361, 40.816663545454539 ], [ 108.427200636363636, 40.816384545454547 ], [ 108.446361636363633, 40.809994545454551 ], [ 108.529161636363654, 40.738327545454545 ], [ 108.555549636363651, 40.708330545454551 ], [ 108.567222636363624, 40.682770545454538 ], [ 108.585267636363653, 40.662205545454547 ], [ 108.602196636363658, 40.65415954545454 ], [ 108.67489863636365, 40.635565545454547 ], [ 108.688578636363616, 40.613884545454546 ], [ 108.692196636363633, 40.609717545454551 ], [ 108.765276636363637, 40.558048545454547 ], [ 108.770532636363612, 40.554988545454542 ], [ 108.825270636363655, 40.538608545454544 ], [ 108.960261636363612, 40.518331545454551 ], [ 108.977478636363628, 40.516936545454548 ], [ 109.000545636363654, 40.519717545454547 ], [ 109.005261636363628, 40.523047545454538 ], [ 109.000275636363654, 40.546096545454539 ], [ 109.003326636363624, 40.550830545454538 ], [ 109.042485636363665, 40.551658545454551 ], [ 109.080276636363635, 40.542217545454541 ], [ 109.112766636363631, 40.532488545454548 ], [ 109.146381636363628, 40.51610854545455 ], [ 109.207221636363613, 40.482763545454539 ], [ 109.39193763636365, 40.467760545454546 ], [ 109.456935636363653, 40.486381545454542 ], [ 109.469148636363627, 40.490827545454543 ], [ 109.469436636363639, 40.496101545454543 ], [ 109.464711636363631, 40.519987545454548 ], [ 109.549707636363621, 40.537843545454542 ], [ 109.607793636363624, 40.544683545454539 ], [ 109.615020636363624, 40.54304554545454 ], [ 109.651983636363639, 40.509295545454542 ], [ 109.676994636363645, 40.486066545454541 ], [ 109.694220636363639, 40.471684545454544 ], [ 109.708953636363617, 40.47396154545455 ], [ 109.746744636363644, 40.49328454545455 ], [ 109.830984636363667, 40.51885354545454 ], [ 109.892112636363663, 40.521499545454539 ], [ 109.972383636363645, 40.518232545454545 ], [ 109.979601636363611, 40.516576545454548 ], [ 110.000184636363656, 40.508026545454548 ], [ 110.06052963636364, 40.512499545454538 ], [ 110.156937636363637, 40.518880545454543 ], [ 110.233869636363636, 40.508044545454545 ], [ 110.296932636363636, 40.472764545454545 ], [ 110.386653636363633, 40.425550545454549 ], [ 110.601087636363616, 40.321384545454542 ], [ 110.875263636363627, 40.252219545454544 ], [ 110.89054563636364, 40.249438545454545 ], [ 110.984145636363621, 40.256098545454542 ], [ 110.990535636363632, 40.25777254545455 ], [ 111.041655636363657, 40.279165545454539 ], [ 111.098598636363647, 40.251940545454538 ], [ 111.303591636363649, 40.149160545454542 ], [ 111.372756636363647, 40.078042545454544 ], [ 111.396381636363628, 40.034995545454542 ], [ 111.410259636363662, 40.006384545454544 ], [ 111.433317636363654, 39.93082954545455 ], [ 111.43969863636363, 39.908878545454549 ], [ 111.437484636363649, 39.903316545454551 ], [ 111.407478636363635, 39.843043545454542 ], [ 111.394149636363636, 39.817222545454548 ], [ 111.375537636363617, 39.788890545454542 ], [ 111.358032636363646, 39.766939545454541 ], [ 111.354981636363618, 39.762214545454547 ], [ 111.352767636363637, 39.756661545454541 ], [ 111.352767636363637, 39.737212545454547 ], [ 111.354153636363662, 39.731650545454549 ], [ 111.357483636363611, 39.727213545454539 ], [ 111.389982636363641, 39.696937545454539 ], [ 111.402771636363639, 39.685822545454549 ], [ 111.419142636363631, 39.677488545454544 ], [ 111.423309636363626, 39.673609545454546 ], [ 111.456645636363646, 39.621652545454545 ], [ 111.458040636363648, 39.616099545454539 ], [ 111.457491636363613, 39.60916054545455 ], [ 111.42499263636364, 39.519718545454545 ], [ 111.422760636363648, 39.514165545454539 ], [ 111.343596636363657, 39.434722545454541 ], [ 111.326667636363652, 39.427216545454549 ], [ 111.307479636363666, 39.421933545454543 ], [ 111.283053636363661, 39.421096545454539 ], [ 111.222762636363655, 39.426379545454544 ], [ 111.188580636363611, 39.426658545454551 ], [ 111.173307636363631, 39.42527254545454 ], [ 111.143445636363651, 39.415786545454544 ], [ 111.118587636363657, 39.398047545454538 ], [ 111.105546636363613, 39.380821545454545 ], [ 111.108597636363641, 39.376384545454549 ], [ 111.113871636363626, 39.373315545454538 ], [ 111.136938636363652, 39.369436545454541 ], [ 111.169707636363626, 39.361381545454542 ], [ 111.232482636363613, 39.30610354545454 ], [ 111.233868636363638, 39.300271545454542 ], [ 111.232212636363613, 39.294151545454547 ], [ 111.13136763636362, 39.077773545454541 ], [ 111.124977636363667, 39.06832354545454 ], [ 111.103863636363656, 39.049720545454541 ], [ 111.079986636363628, 39.033610545454543 ], [ 111.062481636363657, 39.026932545454549 ], [ 111.01972263636361, 39.019993545454547 ], [ 111.002775636363651, 39.01221754545454 ], [ 110.993316636363659, 39.005827545454544 ], [ 110.977197636363655, 38.983048545454544 ], [ 110.974425636363662, 38.970547545454544 ], [ 110.993586636363659, 38.93054254545455 ], [ 111.002208636363662, 38.90359654545454 ], [ 111.000831636363614, 38.889718545454549 ], [ 110.994711636363661, 38.846095545454538 ], [ 110.993316636363659, 38.83999354545454 ], [ 110.968323636363664, 38.787496545454538 ], [ 110.943861636363636, 38.739994545454543 ], [ 110.933871636363619, 38.725819545454549 ], [ 110.91665463636366, 38.711383545454545 ], [ 110.903586636363627, 38.693041545454541 ], [ 110.869980636363664, 38.633326545454544 ], [ 110.867757636363649, 38.61471454545454 ], [ 110.872482636363657, 38.60470654545454 ], [ 110.87776563636362, 38.595274545454551 ], [ 110.898609636363631, 38.576941545454538 ], [ 110.900814636363634, 38.571937545454539 ], [ 110.891373636363653, 38.520826545454547 ], [ 110.858316636363611, 38.46111154545455 ], [ 110.851089636363611, 38.452219545454547 ], [ 110.673033636363641, 38.313610545454544 ], [ 110.663610636363615, 38.307211545454543 ], [ 110.651658636363663, 38.302774545454547 ], [ 110.637501636363652, 38.300830545454538 ], [ 110.603859636363666, 38.302216545454549 ], [ 110.597487636363667, 38.30054254545454 ], [ 110.588046636363629, 38.293882545454544 ], [ 110.57361063636364, 38.277214545454548 ], [ 110.507766636363613, 38.193046545454543 ], [ 110.503329636363617, 38.182210545454545 ], [ 110.501664636363614, 38.162761545454551 ], [ 110.494707636363614, 38.08138354545455 ], [ 110.499999636363611, 38.021938545454539 ], [ 110.512212636363643, 37.957768545454549 ], [ 110.514435636363658, 37.952773545454541 ], [ 110.519439636363643, 37.949722545454541 ], [ 110.560254636363652, 37.938877545454538 ], [ 110.571378636363647, 37.933324545454546 ], [ 110.591934636363646, 37.91443354545455 ], [ 110.603859636363666, 37.896379545454543 ], [ 110.630535636363618, 37.852486545454546 ], [ 110.656932636363649, 37.805263545454544 ], [ 110.664150636363615, 37.797217545454551 ], [ 110.673600636363631, 37.790269545454542 ], [ 110.711382636363624, 37.77748954545455 ], [ 110.733603636363625, 37.766662545454544 ], [ 110.742756636363652, 37.75971454545455 ], [ 110.749146636363662, 37.751110545454544 ], [ 110.787486636363667, 37.666096545454543 ], [ 110.789979636363626, 37.654990545454545 ], [ 110.784993636363652, 37.567222545454548 ], [ 110.783058636363648, 37.553884545454544 ], [ 110.744709636363666, 37.46915854545454 ], [ 110.739696636363647, 37.459159545454547 ], [ 110.735808636363629, 37.454992545454537 ], [ 110.720265636363649, 37.446658545454547 ], [ 110.652477636363642, 37.433329545454548 ], [ 110.646942636363633, 37.430827545454541 ], [ 110.639166636363655, 37.422763545454551 ], [ 110.636934636363662, 37.417210545454545 ], [ 110.627763636363625, 37.388329545454546 ], [ 110.627475636363613, 37.381381545454538 ], [ 110.629428636363627, 37.375828545454546 ], [ 110.632758636363633, 37.371373545454539 ], [ 110.648607636363636, 37.363057545454545 ], [ 110.681367636363632, 37.353058545454537 ], [ 110.686371636363617, 37.349998545454547 ], [ 110.689422636363645, 37.345543545454539 ], [ 110.690808636363613, 37.339990545454548 ], [ 110.689422636363645, 37.333600545454537 ], [ 110.676093636363646, 37.293883545454541 ], [ 110.671647636363616, 37.282768545454537 ], [ 110.512770636363655, 37.10609854545455 ], [ 110.460534636363661, 37.049164545454538 ], [ 110.444973636363613, 37.040839545454538 ], [ 110.435406636363666, 37.03810354545454 ], [ 110.416074636363646, 37.028869545454548 ], [ 110.397489636363616, 36.987775545454546 ], [ 110.396382636363626, 36.899989545454538 ], [ 110.412492636363652, 36.799432545454543 ], [ 110.430546636363658, 36.699433545454546 ], [ 110.486373636363624, 36.581380545454543 ], [ 110.487759636363648, 36.575827545454551 ], [ 110.494977636363615, 36.521665545454546 ], [ 110.496642636363617, 36.496384545454539 ], [ 110.494419636363659, 36.476098545454541 ], [ 110.48082063636366, 36.398041545454539 ], [ 110.473035636363647, 36.37526254545454 ], [ 110.461929636363664, 36.35555254545455 ], [ 110.45722263636361, 36.337489545454538 ], [ 110.445531636363626, 36.163321545454544 ], [ 110.44832163636363, 36.132487545454545 ], [ 110.459157636363614, 36.087208545454551 ], [ 110.483808636363619, 35.999998545454538 ], [ 110.56001163636364, 35.81751454545455 ], [ 110.561919636363655, 35.795824545454543 ], [ 110.569992636363622, 35.72887354545454 ], [ 110.574708636363653, 35.699434545454544 ], [ 110.613912636363636, 35.612206545454548 ], [ 110.611923636363656, 35.607499545454537 ], [ 110.612490636363646, 35.594710545454539 ], [ 110.615262636363639, 35.58359554545455 ], [ 110.614767636363638, 35.577556545454549 ], [ 110.555664636363645, 35.457406545454539 ], [ 110.547762636363643, 35.437210545454541 ], [ 110.537493636363649, 35.42443954545454 ], [ 110.424426636363648, 35.29193254545455 ], [ 110.416092636363658, 35.284435545454549 ], [ 110.397066636363661, 35.26999054545454 ], [ 110.371092636363642, 35.251666545454547 ], [ 110.359977636363624, 35.23971454545454 ], [ 110.337486636363622, 35.200825545454542 ], [ 110.33332863636366, 35.189710545454538 ], [ 110.318595636363625, 35.138041545454548 ], [ 110.298597636363638, 35.059993545454539 ], [ 110.274765636363611, 34.982845545454545 ], [ 110.261940636363647, 34.939150545454545 ], [ 110.236641636363629, 34.806652545454547 ], [ 110.235534636363639, 34.792774545454542 ], [ 110.235264636363638, 34.726381545454551 ], [ 110.235264636363638, 34.713052545454538 ], [ 110.243319636363651, 34.65665854545454 ], [ 110.281128636363633, 34.623349545454538 ], [ 110.286861636363653, 34.619659545454546 ], [ 110.294979636363621, 34.61499754545455 ], [ 110.308317636363654, 34.611667545454544 ], [ 110.526927636363666, 34.58082454545454 ], [ 110.534424636363667, 34.57998754545455 ], [ 110.652207636363642, 34.59859954545454 ], [ 110.658327636363651, 34.600273545454549 ], [ 110.712201636363659, 34.617211545454545 ], [ 110.740263636363636, 34.650826545454542 ], [ 110.750001636363663, 34.65665854545454 ], [ 110.772222636363665, 34.658323545454543 ], [ 110.846103636363637, 34.65386854545455 ], [ 110.869710636363664, 34.65386854545455 ], [ 110.883606636363652, 34.656100545454542 ], [ 110.902479636363637, 34.668331545454542 ], [ 110.914431636363645, 34.680274545454544 ], [ 110.963049636363621, 34.717759545454548 ], [ 111.13611063636364, 34.806652545454547 ], [ 111.209991636363611, 34.801936545454545 ], [ 111.389433636363663, 34.820827545454542 ], [ 111.396381636363628, 34.821664545454546 ], [ 111.474429636363652, 34.836937545454539 ], [ 111.492753636363659, 34.842220545454545 ], [ 111.543045636363615, 34.862488545454546 ], [ 111.57332163636363, 34.885276545454538 ], [ 111.619707636363614, 34.939987545454549 ], [ 111.673599636363633, 35.002222545454551 ], [ 111.678315636363664, 35.00527354545455 ], [ 111.834150636363631, 35.079433545454542 ], [ 111.847218636363664, 35.082214545454541 ], [ 111.94080963636361, 35.093608545454551 ], [ 111.956937636363648, 35.091934545454542 ], [ 112.13582163636363, 35.018881545454541 ], [ 112.154163636363648, 35.005831545454548 ], [ 112.16276763636364, 34.997776545454549 ], [ 112.168869636363638, 34.988884545454546 ], [ 112.17110163636363, 34.977481545454545 ], [ 112.176375636363616, 34.968049545454541 ], [ 112.180263636363634, 34.964440545454543 ], [ 112.19165763636363, 34.959436545454544 ], [ 112.235811636363621, 34.944991545454549 ], [ 112.241364636363642, 34.943884545454544 ], [ 112.288317636363615, 34.941652545454538 ], [ 112.479711636363618, 34.899991545454547 ], [ 112.496091636363644, 34.891936545454548 ], [ 112.570827636363617, 34.859716545454539 ], [ 112.623306636363623, 34.838044545454544 ], [ 112.666092636363658, 34.82277154545455 ], [ 112.774695636363617, 34.791109545454539 ], [ 112.79054463636362, 34.789165545454544 ], [ 112.816662636363617, 34.79444854545455 ], [ 112.901928636363664, 34.818883545454547 ], [ 112.953327636363611, 34.829989545454545 ], [ 112.991928636363639, 34.831663545454539 ], [ 113.062002636363616, 34.828270545454551 ], [ 113.214291636363612, 34.898803545454548 ], [ 113.348121636363658, 34.963954545454548 ], [ 113.366607636363653, 34.967545545454549 ], [ 113.418762636363624, 35.001916545454542 ], [ 113.480070636363621, 34.988443545454551 ], [ 113.514171636363642, 34.969921545454547 ], [ 113.538039636363635, 34.973044545454549 ], [ 113.551089636363656, 34.969156545454545 ], [ 113.560809636363615, 34.963054545454547 ], [ 113.581932636363661, 34.944712545454543 ], [ 113.592210636363632, 34.938331545454538 ], [ 113.661654636363664, 34.90165654545455 ], [ 113.724987636363664, 34.886932545454549 ], [ 113.740260636363644, 34.884439545454548 ], [ 113.854704636363635, 34.869706545454541 ], [ 113.867754636363657, 34.872217545454539 ], [ 113.944695636363633, 34.887220545454547 ], [ 113.957763636363666, 34.89748954545454 ], [ 113.963316636363629, 34.907776545454546 ], [ 113.971641636363643, 34.929988545454542 ], [ 113.979426636363655, 34.938043545454541 ], [ 113.991090636363651, 34.94194054545455 ], [ 114.008325636363622, 34.944154545454545 ], [ 114.185256636363647, 34.936099545454546 ], [ 114.192744636363614, 34.934722545454541 ], [ 114.204165636363655, 34.929718545454541 ], [ 114.21748563636362, 34.919449545454547 ], [ 114.228861636363661, 34.914436545454542 ], [ 114.292212636363615, 34.899433545454549 ], [ 114.32248863636363, 34.894438545454541 ], [ 114.329436636363653, 34.895275545454545 ], [ 114.366381636363656, 34.912492545454548 ], [ 114.403587636363625, 34.922221545454541 ], [ 114.418041636363625, 34.923328545454545 ], [ 114.426654636363651, 34.922491545454541 ], [ 114.459720636363613, 34.912762545454548 ], [ 114.521379636363633, 34.898884545454543 ], [ 114.649719636363614, 34.892494545454547 ], [ 114.712494636363658, 34.904167545454548 ], [ 114.722493636363652, 34.90972054545454 ], [ 114.839430636363659, 35.017207545454546 ], [ 114.848331636363639, 35.031940545454539 ], [ 114.851382636363667, 35.044153545454542 ], [ 114.864153636363653, 35.13304654545454 ], [ 115.009152636363638, 35.288323545454539 ], [ 115.015542636363648, 35.29777354545454 ], [ 115.020267636363656, 35.308600545454546 ], [ 115.025271636363641, 35.334718545454542 ], [ 115.03719663636366, 35.354167545454551 ], [ 115.044432636363638, 35.362771545454542 ], [ 115.060812636363664, 35.377486545454538 ], [ 115.076382636363633, 35.38527154545455 ], [ 115.140543636363645, 35.40693454545454 ], [ 115.169433636363635, 35.410822545454543 ], [ 115.193859636363641, 35.408041545454545 ], [ 115.215819636363619, 35.410543545454537 ], [ 115.241361636363649, 35.415826545454543 ], [ 115.252206636363667, 35.420542545454545 ], [ 115.334151636363629, 35.479429545454543 ], [ 115.34275563636362, 35.486377545454538 ], [ 115.345266636363647, 35.491939545454549 ], [ 115.32721263636364, 35.531377545454539 ], [ 115.32721263636364, 35.537776545454541 ], [ 115.332765636363661, 35.547775545454549 ], [ 115.401651636363624, 35.63221354545454 ], [ 115.414989636363657, 35.642221545454539 ], [ 115.534149636363622, 35.712493545454542 ], [ 115.631925636363633, 35.731933545454545 ], [ 115.656099636363649, 35.738881545454539 ], [ 115.669707636363626, 35.748880545454547 ], [ 115.689696636363635, 35.775826545454542 ], [ 115.704438636363648, 35.800549545454551 ], [ 115.723599636363645, 35.828323545454545 ], [ 115.736370636363631, 35.839150545454551 ], [ 115.747485636363649, 35.84388454545455 ], [ 115.759986636363635, 35.846935545454549 ], [ 115.831932636363661, 35.85443254545455 ], [ 115.864989636363646, 35.86054354545454 ], [ 115.875807636363618, 35.864998545454547 ], [ 115.879974636363613, 35.868877545454545 ], [ 115.884150636363643, 35.880541545454541 ], [ 115.857483636363611, 35.90109754545454 ], [ 115.855548636363665, 35.91249154545455 ], [ 115.866087636363659, 35.92582954545454 ], [ 115.918593636363653, 35.967211545454539 ], [ 115.928322636363646, 35.973322545454543 ], [ 115.974150636363618, 35.980549545454544 ], [ 115.989972636363632, 35.980549545454544 ], [ 115.99664163636362, 35.978326545454543 ], [ 116.006100636363612, 35.971927545454541 ], [ 116.044800636363618, 35.999809545454546 ], [ 116.049138636363637, 36.018412545454545 ], [ 116.076921636363636, 36.104254545454545 ], [ 116.083860636363625, 36.108979545454538 ], [ 116.181366636363634, 36.159820545454544 ], [ 116.190942636363616, 36.163879545454542 ], [ 116.206647636363641, 36.174832545454542 ], [ 116.271384636363621, 36.235141545454546 ], [ 116.283057636363651, 36.248218545454542 ], [ 116.304981636363664, 36.281563545454539 ], [ 116.31303663636362, 36.289897545454544 ], [ 116.333052636363618, 36.300742545454547 ], [ 116.370528636363645, 36.311578545454545 ], [ 116.413035636363645, 36.315196545454548 ], [ 116.460267636363653, 36.339109545454541 ], [ 116.470824636363659, 36.344662545454547 ], [ 116.48749263636364, 36.359125545454539 ], [ 116.54192463636366, 36.406627545454548 ], [ 116.593602636363642, 36.466657545454545 ], [ 116.60137863636362, 36.518884545454547 ], [ 116.604150636363613, 36.524437545454539 ], [ 116.647764636363661, 36.575557545454551 ], [ 116.767491636363616, 36.692494545454544 ], [ 116.799990636363646, 36.708046545454543 ], [ 116.858868636363638, 36.735829545454543 ], [ 116.871090636363647, 36.739150545454542 ], [ 116.878308636363613, 36.739717545454546 ], [ 116.920815636363614, 36.736378545454549 ], [ 116.927763636363636, 36.734722545454538 ], [ 116.975301636363611, 36.72268954545455 ], [ 116.988306636363632, 36.722761545454539 ], [ 116.994426636363642, 36.725263545454546 ], [ 117.096936636363637, 36.787768545454547 ], [ 117.101652636363667, 36.791935545454542 ], [ 117.126078636363616, 36.82998754545455 ], [ 117.173598636363636, 36.909988545454546 ], [ 117.22553763636364, 36.999160545454551 ], [ 117.339981636363632, 37.055824545454549 ], [ 117.357477636363626, 37.061665545454538 ], [ 117.40887663636363, 37.080826545454549 ], [ 117.420252636363614, 37.085542545454551 ], [ 117.549141636363629, 37.14721954545454 ], [ 117.563307636363618, 37.156102545454537 ], [ 117.570543636363652, 37.16499454545454 ], [ 117.576096636363616, 37.17527254545454 ], [ 117.585816636363631, 37.205827545454547 ], [ 117.618594636363639, 37.244986545454545 ], [ 117.631365636363626, 37.255003545454549 ], [ 117.637503636363647, 37.257775545454543 ], [ 117.654162636363651, 37.256659545454546 ], [ 117.683592636363642, 37.246381545454547 ], [ 117.743046636363658, 37.239433545454538 ], [ 117.873024636363652, 37.255552545454542 ], [ 117.87942363636364, 37.256659545454546 ], [ 117.89166363636366, 37.260556545454541 ], [ 117.902481636363632, 37.266667545454546 ], [ 117.924144636363621, 37.283605545454542 ], [ 117.969711636363627, 37.308877545454543 ], [ 118.072221636363622, 37.349161545454542 ], [ 118.096935636363639, 37.355551545454539 ], [ 118.150548636363624, 37.356946545454541 ], [ 118.163607636363622, 37.359439545454542 ], [ 118.196637636363619, 37.36970854545455 ], [ 118.215276636363626, 37.37554954545454 ], [ 118.224429636363652, 37.382488545454542 ], [ 118.280544636363629, 37.48971454545454 ], [ 118.296375636363621, 37.538044545454547 ], [ 118.303863636363644, 37.570831545454546 ], [ 118.308723636363652, 37.578598545454547 ], [ 118.324995636363667, 37.589722545454542 ], [ 118.360806636363634, 37.601386545454538 ], [ 118.38638463636363, 37.60694854545455 ], [ 118.408596636363654, 37.609162545454545 ], [ 118.476924636363663, 37.601665545454544 ], [ 118.556925636363644, 37.621933545454546 ], [ 118.618863636363642, 37.664710545454547 ], [ 118.684149636363657, 37.727764545454541 ], [ 118.82138163636364, 37.776940545454543 ], [ 118.85525763636366, 37.791664545454545 ], [ 118.891095636363616, 37.819159545454546 ], [ 118.913316636363618, 37.829167545454546 ], [ 118.925538636363626, 37.82500054545455 ], [ 118.950000636363654, 37.808323545454549 ], [ 118.971645636363633, 37.797775545454549 ], [ 118.985811636363621, 37.794715545454544 ], [ 119.002488636363637, 37.793608545454539 ], [ 119.017491636363616, 37.795543545454542 ], [ 119.043222636363623, 37.809628545454551 ] ] ] } },
{ "type": "Feature", "properties": { "NAME": "Irrawaddy", "SYSTEM": null, "MILES": 1297.67231, "KILOMETERS": 2088.40532 }, "geometry": { "type": "MultiLineString", "coordinates": [ [ [ 94.988517636363611, 16.236169545454544 ], [ 95.12437263636366, 16.390303545454543 ], [ 95.323866636363618, 16.626103545454541 ], [ 95.324982636363643, 16.748323545454546 ], [ 95.474274636363646, 16.814383545454547 ], [ 95.503848636363614, 16.820809545454544 ], [ 95.602596636363614, 16.85084254545454 ], [ 95.663859636363611, 16.818595545454542 ], [ 95.65414863636363, 16.741933545454543 ], [ 95.882739636363624, 16.624987545454545 ], [ 95.889147636363646, 16.546939545454542 ], [ 95.832744636363657, 16.487494545454545 ], [ 95.878842636363629, 16.418329545454547 ], [ 96.011367636363616, 16.379809545454542 ] ], [ [ 95.602596636363614, 16.85084254545454 ], [ 95.602065636363648, 16.888453545454546 ], [ 95.554959636363662, 17.005552545454542 ], [ 95.640702636363642, 17.093140545454546 ], [ 95.579421636363634, 17.280268545454547 ], [ 95.678025636363657, 17.436652545454542 ], [ 95.598591636363665, 17.449432545454542 ], [ 95.534970636363653, 17.540557545454547 ], [ 95.564769636363621, 17.610433545454541 ], [ 95.464581636363619, 17.704753545454544 ], [ 95.446014636363657, 17.815822545454544 ], [ 95.453259636363612, 18.028978545454542 ], [ 95.392473636363661, 18.208042545454546 ], [ 95.060517636363613, 18.557215545454547 ], [ 95.079147636363643, 18.664990545454543 ], [ 95.210250636363639, 18.793879545454544 ], [ 95.106921636363666, 19.025269545454542 ], [ 95.174412636363627, 19.156651545454544 ], [ 95.169417636363619, 19.651939545454546 ], [ 95.131635636363626, 19.736377545454545 ], [ 95.146089636363627, 19.847221545454545 ], [ 95.078040636363653, 19.905271545454546 ], [ 94.916643636363631, 20.108329545454545 ], [ 94.720245636363643, 20.840830545454544 ], [ 94.81886763636362, 20.958325545454542 ], [ 94.806915636363613, 21.180823545454544 ], [ 94.846362636363665, 21.225544545454547 ], [ 94.940520636363658, 21.231655545454544 ], [ 95.020242636363662, 21.307768545454543 ], [ 95.144703636363658, 21.311665545454545 ], [ 95.275068636363642, 21.423850545454542 ], [ 95.352153636363653, 21.629356545454542 ], [ 95.53219863636366, 21.921658545454541 ], [ 95.810514636363621, 21.925546545454544 ], [ 95.915256636363665, 21.853042545454542 ], [ 95.984277636363629, 21.875668545454545 ], [ 96.051363636363646, 21.982768545454547 ], [ 96.011583636363639, 22.079752545454546 ], [ 96.000090636363666, 22.153453545454546 ], [ 95.993088636363666, 22.295995545454545 ], [ 95.980236636363657, 22.356223545454547 ], [ 95.957475636363654, 22.415830545454547 ], [ 95.993025636363654, 22.522273545454546 ], [ 95.895528636363622, 22.725817545454547 ], [ 95.96469363636362, 22.766938545454543 ], [ 95.972748636363633, 23.227765545454545 ], [ 96.030807636363647, 23.581384545454547 ], [ 96.128754636363624, 23.672059545454545 ], [ 96.190989636363611, 23.745472545454547 ], [ 96.28442763636366, 23.954020545454547 ], [ 96.310788636363611, 24.124435545454546 ], [ 96.403965636363637, 24.220447545454547 ], [ 96.442467636363631, 24.306100545454541 ], [ 96.563850636363611, 24.304993545454543 ], [ 96.598311636363633, 24.354988545454546 ], [ 96.681354636363665, 24.338041545454544 ], [ 96.928026636363654, 24.119161545454546 ], [ 97.096029636363653, 24.142129545454544 ], [ 97.202751636363644, 24.259714545454543 ], [ 97.162719636363647, 24.322327545454542 ], [ 97.033308636363643, 24.823042545454541 ], [ 97.228851636363629, 25.016938545454543 ], [ 97.208304636363664, 25.075825545454542 ], [ 97.298853636363617, 25.078048545454543 ], [ 97.322757636363633, 25.117774545454544 ], [ 97.269702636363661, 25.111663545454547 ], [ 97.228023636363616, 25.175275545454546 ], [ 97.312470636363628, 25.354438545454542 ], [ 97.422468636363647, 25.330273545454546 ], [ 97.499688636363658, 25.561384545454544 ], [ 97.503783636363664, 25.709902545454547 ], [ 97.675800636363647, 25.711936545454542 ], [ 97.815246636363611, 25.590274545454541 ], [ 98.11524363636363, 25.887220545454547 ], [ 98.267469636363614, 26.296936545454543 ], [ 98.379951636363614, 26.809990545454546 ], [ 98.351907636363649, 27.053602545454545 ], [ 98.208591636363622, 27.232486545454542 ], [ 98.032200636363655, 27.645271545454541 ], [ 98.030535636363652, 27.723598545454543 ], [ 98.110518636363622, 27.724165545454547 ], [ 98.144700636363666, 27.661381545454539 ], [ 98.202471636363612, 27.653884545454538 ], [ 98.267685636363638, 27.686959545454549 ], [ 98.316366636363625, 27.711655545454541 ], [ 98.311623636363663, 28.136383545454542 ], [ 98.154141636363647, 28.253608545454547 ], [ 98.05662663636366, 28.391101545454539 ], [ 97.96885863636362, 28.429990545454551 ], [ 97.743030636363642, 28.696939545454548 ], [ 97.759707636363657, 28.748041545454548 ] ] ] } },
{ "type": "Feature", "properties": { "NAME": "Mekong", "SYSTEM": null, "MILES": 2942.45095, "KILOMETERS": 4735.42525 }, "geometry": { "type": "MultiLineString", "coordinates": [ [ [ 93.885531636363623, 33.267760545454543 ], [ 93.889149636363641, 33.230806545454548 ], [ 94.064973636363618, 33.153307545454545 ], [ 94.322211636363647, 33.147205545454547 ], [ 94.571637636363619, 33.207208545454542 ], [ 95.077473636363663, 33.05970754545455 ], [ 95.089146636363637, 32.947477545454539 ], [ 95.538570636363659, 32.852761545454548 ], [ 95.620515636363621, 32.803315545454545 ], [ 95.645526636363627, 32.712766545454549 ], [ 95.932734636363648, 32.548597545454548 ], [ 96.161361636363665, 32.573041545454551 ], [ 96.422199636363644, 32.415532545454546 ], [ 96.531918636363628, 32.154982545454537 ], [ 96.753867636363623, 32.114707545454543 ], [ 96.769698636363614, 32.049988545454546 ], [ 96.84385863636362, 32.041375545454549 ], [ 96.851904636363656, 31.976935545454545 ], [ 96.939006636363615, 31.955434545454544 ], [ 97.013868636363611, 31.766650545454546 ], [ 97.200807636363663, 31.501384545454549 ], [ 97.221084636363628, 31.346656545454543 ], [ 97.158021636363628, 31.281937545454547 ], [ 97.211922636363624, 31.056667545454538 ], [ 97.370799636363643, 30.942493545454546 ], [ 97.374129636363648, 30.721939545454539 ], [ 97.671084636363616, 30.392773545454538 ], [ 97.861353636363617, 30.26554954545454 ], [ 98.145807636363656, 29.809438545454547 ], [ 98.209140636363657, 29.801653545454549 ], [ 98.342475636363645, 29.630275545454545 ], [ 98.391084636363644, 29.459158545454549 ], [ 98.630799636363633, 29.152762545454543 ], [ 98.583306636363659, 29.04109954545455 ], [ 98.626065636363649, 28.961656545454538 ], [ 98.684403636363641, 28.703599545454544 ], [ 98.862468636363644, 28.344157545454543 ], [ 98.843856636363626, 28.251934545454539 ], [ 98.935242636363625, 27.949156545454549 ], [ 99.031083636363633, 27.866095545454549 ], [ 99.051639636363632, 27.719710545454539 ], [ 98.996352636363611, 27.67526854545455 ], [ 99.168855636363617, 27.092491545454543 ], [ 99.18608163636361, 26.889991545454542 ], [ 99.100797636363666, 26.558044545454543 ], [ 99.146931636363661, 26.340271545454542 ], [ 99.129138636363621, 26.090827545454545 ], [ 99.189951636363617, 25.815544545454543 ], [ 99.355524636363612, 25.567216545454542 ], [ 99.347469636363655, 25.420831545454547 ], [ 99.287475636363638, 25.385830545454546 ], [ 99.464982636363629, 25.163044545454547 ], [ 99.643866636363612, 25.087219545454545 ], [ 99.886362636363629, 24.765550545454545 ], [ 100.118850636363618, 24.668611545454546 ], [ 100.204143636363654, 24.741655545454542 ], [ 100.36718763636361, 24.750547545454545 ], [ 100.51164663636365, 24.567487545454547 ], [ 100.508586636363646, 24.094150545454546 ], [ 100.384701636363616, 24.066106545454545 ], [ 100.409703636363645, 23.907490545454543 ], [ 100.193847636363614, 23.659990545454541 ], [ 100.135527636363634, 23.468326545454545 ], [ 100.044420636363611, 23.211106545454541 ], [ 100.235778636363648, 22.998049545454542 ], [ 100.359411636363632, 22.778044545454541 ], [ 100.364145636363617, 22.672492545454546 ], [ 100.576077636363664, 22.481098545454543 ], [ 100.561083636363662, 22.418323545454541 ], [ 100.654134636363665, 22.316110545454542 ], [ 100.618854636363665, 22.260823545454542 ], [ 100.693842636363627, 22.243048545454542 ], [ 100.916925636363658, 21.860269545454543 ], [ 101.023854636363637, 21.851656545454546 ], [ 101.077476636363656, 21.784435545454542 ], [ 101.171805636363615, 21.812182545454547 ], [ 101.122341636363615, 21.765319545454545 ], [ 101.167062636363653, 21.634855545454542 ], [ 101.169429636363645, 21.603670545454541 ], [ 101.148234636363611, 21.572638545454545 ], [ 101.162139636363634, 21.53638654545454 ], [ 101.127201636363623, 21.490828545454541 ], [ 101.10082263636366, 21.465412545454541 ], [ 101.001363636363635, 21.398326545454545 ], [ 100.862484636363661, 21.316660545454546 ], [ 100.839156636363612, 21.304303545454545 ], [ 100.818168636363623, 21.299578545454544 ], [ 100.774374636363632, 21.300973545454546 ], [ 100.727205636363635, 21.307813545454543 ], [ 100.703175636363653, 21.227488545454541 ], [ 100.699638636363659, 21.182632545454545 ], [ 100.671918636363614, 21.128056545454541 ], [ 100.62456063636364, 21.054715545454542 ], [ 100.602906636363628, 21.038605545454544 ], [ 100.570677636363655, 21.032080545454541 ], [ 100.546773636363639, 21.026113545454542 ], [ 100.520682636363631, 20.951935545454546 ], [ 100.521717636363633, 20.876659545454544 ], [ 100.543875636363623, 20.867776545454547 ], [ 100.57554663636364, 20.876659545454544 ], [ 100.610538636363628, 20.888611545454545 ], [ 100.642524636363646, 20.884894545454543 ], [ 100.640544636363643, 20.861737545454545 ], [ 100.617864636363663, 20.840452545454546 ], [ 100.60470663636363, 20.833882545454543 ], [ 100.560534636363627, 20.81389354545454 ], [ 100.526100636363651, 20.804578545454547 ], [ 100.496940636363661, 20.805838545454542 ], [ 100.462200636363661, 20.813056545454543 ], [ 100.44165363636364, 20.818330545454543 ], [ 100.371714636363663, 20.826178545454546 ], [ 100.290543636363623, 20.771665545454546 ], [ 100.258746636363639, 20.749030545454545 ], [ 100.209435636363651, 20.693050545454547 ], [ 100.172760636363648, 20.627908545454545 ], [ 100.149423636363622, 20.544721545454543 ], [ 100.141368636363666, 20.489434545454543 ], [ 100.125672636363618, 20.401243545454541 ], [ 100.112622636363653, 20.375692545454541 ], [ 100.091373636363642, 20.348611545454546 ], [ 100.105260636363653, 20.309434545454543 ], [ 100.165542636363625, 20.291938545454542 ], [ 100.227201636363645, 20.356666545454544 ], [ 100.260888636363632, 20.386105545454541 ], [ 100.287492636363652, 20.392774545454543 ], [ 100.321098636363615, 20.391523545454547 ], [ 100.343319636363617, 20.382217545454544 ], [ 100.359906636363633, 20.365549545454542 ], [ 100.379283636363652, 20.337082545454543 ], [ 100.387617636363643, 20.308471545454545 ], [ 100.418730636363648, 20.238190545454543 ], [ 100.457862636363643, 20.188078545454545 ], [ 100.52102463636362, 20.145823545454547 ], [ 100.574826636363639, 20.162464545454547 ], [ 100.578471636363645, 20.159431545454545 ], [ 100.582494636363663, 20.160430545454545 ], [ 100.585797636363623, 19.822489545454545 ], [ 100.673574636363639, 19.811932545454546 ], [ 100.796352636363622, 19.893598545454545 ], [ 101.125239636363631, 19.886101545454544 ], [ 101.251644636363665, 19.812769545454543 ], [ 101.603031636363653, 19.83388354545454 ], [ 101.700258636363628, 19.924162545454543 ], [ 101.850522636363621, 19.951657545454545 ], [ 102.115248636363617, 20.081932545454542 ], [ 102.223185636363667, 20.049757545454547 ], [ 102.246351636363613, 19.961656545454545 ], [ 101.987178636363637, 19.788325545454541 ], [ 101.810787636363614, 19.572775545454547 ], [ 101.866911636363625, 19.361932545454543 ], [ 101.818590636363638, 19.140829545454544 ], [ 101.80523463636365, 18.878047545454542 ], [ 101.856921636363666, 18.818053545454546 ], [ 101.814405636363631, 18.641383545454545 ], [ 101.726637636363648, 18.480274545454542 ], [ 101.583033636363666, 18.385270545454546 ], [ 101.40080163636361, 18.168883545454541 ], [ 101.450526636363634, 17.878327545454546 ], [ 101.550246636363624, 17.872486545454542 ], [ 101.559192636363662, 17.814184545454545 ], [ 101.560299636363652, 17.815417545454544 ], [ 101.577210636363645, 17.860066545454544 ], [ 101.636088636363638, 17.889577545454543 ], [ 101.68914363636361, 17.905831545454546 ], [ 101.741658636363638, 17.972773545454544 ], [ 101.76193563636366, 18.038338545454543 ], [ 101.784147636363627, 18.063538545454541 ], [ 101.850810636363633, 18.044161545454543 ], [ 101.885055636363631, 18.031390545454542 ], [ 101.91066963636365, 18.036799545454542 ], [ 101.999418636363657, 18.127492545454544 ], [ 102.047766636363633, 18.191662545454541 ], [ 102.070824636363625, 18.208330545454544 ], [ 102.089391636363644, 18.214981545454542 ], [ 102.108228636363663, 18.209446545454547 ], [ 102.157062636363662, 18.204226545454546 ], [ 102.179985636363654, 18.190960545454544 ], [ 102.213321636363617, 18.138328545454542 ], [ 102.25776363636362, 18.087775545454541 ], [ 102.299145636363619, 18.047635545454547 ], [ 102.423732636363638, 17.981935545454547 ], [ 102.472494636363649, 17.970550545454543 ], [ 102.523326636363663, 17.973331545454542 ], [ 102.544143636363629, 17.971666545454546 ], [ 102.604218636363612, 17.946799545454546 ], [ 102.612759636363648, 17.918611545454546 ], [ 102.610680636363611, 17.886733545454547 ], [ 102.683589636363649, 17.819998545454546 ], [ 102.730551636363657, 17.883052545454547 ], [ 102.841368636363654, 17.962486545454546 ], [ 102.858603636363625, 17.974717545454546 ], [ 102.946506636363665, 18.005974545454542 ], [ 102.978384636363614, 17.998819545454545 ], [ 103.01588763636363, 17.979991545454546 ], [ 103.047126636363657, 17.997010545454543 ], [ 103.068411636363635, 18.028825545454545 ], [ 103.069419636363648, 18.123028545454545 ], [ 103.120260636363639, 18.148741545454541 ], [ 103.140825636363616, 18.165274545454544 ], [ 103.256655636363632, 18.275002545454541 ], [ 103.241094636363641, 18.339028545454546 ], [ 103.242192636363654, 18.365416545454543 ], [ 103.276383636363619, 18.40221754545454 ], [ 103.301088636363659, 18.419029545454542 ], [ 103.371369636363625, 18.431107545454545 ], [ 103.397217636363621, 18.434986545454542 ], [ 103.417485636363665, 18.434437545454543 ], [ 103.507764636363618, 18.421666545454542 ], [ 103.61922063636365, 18.388402545454547 ], [ 103.759431636363615, 18.337768545454544 ], [ 103.842483636363625, 18.311110545454547 ], [ 103.940673636363613, 18.326662545454546 ], [ 103.976151636363625, 18.326869545454542 ], [ 104.046927636363648, 18.238327545454545 ], [ 104.07192963636362, 18.199717545454547 ], [ 104.091936636363641, 18.14638354545454 ], [ 104.101791636363657, 18.109438545454545 ], [ 104.195535636363616, 18.015001545454545 ], [ 104.21575863636366, 17.989018545454542 ], [ 104.239437636363618, 17.937214545454545 ], [ 104.256996636363624, 17.887633545454541 ], [ 104.266383636363628, 17.864998545454547 ], [ 104.285814636363625, 17.845558545454544 ], [ 104.335539636363649, 17.826379545454543 ], [ 104.401653636363619, 17.728117545454545 ], [ 104.417484636363611, 17.703880545454545 ], [ 104.461368636363659, 17.649295545454542 ], [ 104.64102663636362, 17.557711545454545 ], [ 104.692056636363645, 17.528533545454543 ], [ 104.718327636363654, 17.503324545454547 ], [ 104.793036636363638, 17.408194545454542 ], [ 104.805546636363658, 17.381932545454546 ], [ 104.809416636363665, 17.361385545454546 ], [ 104.813601636363614, 17.286109545454543 ], [ 104.81442063636365, 17.242486545454547 ], [ 104.809146636363664, 17.190268545454543 ], [ 104.802459636363665, 17.152774545454541 ], [ 104.797491636363645, 17.133325545454547 ], [ 104.774424636363619, 17.091106545454544 ], [ 104.746371636363619, 17.037637545454544 ], [ 104.741079636363622, 17.010691545454542 ], [ 104.739963636363655, 16.973188545454541 ], [ 104.742420636363647, 16.946719545454542 ], [ 104.745525636363652, 16.910269545454547 ], [ 104.760816636363643, 16.753327545454546 ], [ 104.768736636363656, 16.724716545454541 ], [ 104.767971636363654, 16.691380545454543 ], [ 104.760132636363664, 16.657774545454544 ], [ 104.753058636363619, 16.63638154545454 ], [ 104.742618636363659, 16.566244545454545 ], [ 104.749575636363659, 16.524448545454547 ], [ 104.909982636363623, 16.346248545454543 ], [ 104.961930636363661, 16.299718545454546 ], [ 104.978850636363632, 16.287586545454545 ], [ 104.992485636363654, 16.276948545454545 ], [ 105.012501636363652, 16.251667545454545 ], [ 105.024291636363614, 16.226665545454544 ], [ 105.028674636363633, 16.175554545454546 ], [ 105.044856636363647, 16.132912545454545 ], [ 105.057483636363656, 16.115002545454544 ], [ 105.080676636363648, 16.094986545454546 ], [ 105.188874636363664, 16.056385545454546 ], [ 105.220266636363647, 16.050274545454542 ], [ 105.24524163636363, 16.046386545454546 ], [ 105.276381636363624, 16.043893545454544 ], [ 105.308592636363642, 16.038610545454546 ], [ 105.422721636363633, 16.009369545454547 ], [ 105.429741636363644, 16.000459545454547 ], [ 105.385542636363652, 15.989929545454544 ], [ 105.371376636363664, 15.973324545454545 ], [ 105.345951636363623, 15.926038545454546 ], [ 105.389430636363613, 15.828055545454546 ], [ 105.401094636363666, 15.807220545454541 ], [ 105.442332636363631, 15.761320545454545 ], [ 105.484497636363642, 15.761869545454545 ], [ 105.507762636363623, 15.766531545454541 ], [ 105.557478636363612, 15.748882545454542 ], [ 105.603864636363653, 15.720064545454541 ], [ 105.635130636363613, 15.669160545454545 ], [ 105.639288636363631, 15.639442545454543 ], [ 105.631233636363618, 15.585694545454544 ], [ 105.606375636363623, 15.471106545454546 ], [ 105.600327636363659, 15.43668154545454 ], [ 105.599994636363647, 15.433054545454546 ], [ 105.583317636363631, 15.416944545454541 ], [ 105.576009636363665, 15.412309545454541 ], [ 105.508563636363647, 15.391465545454544 ], [ 105.488646636363626, 15.381853545454547 ], [ 105.479196636363611, 15.369514545454543 ], [ 105.478323636363655, 15.367822545454544 ], [ 105.47729763636363, 15.349435545454547 ], [ 105.496395636363616, 15.332641545454543 ], [ 105.508095636363635, 15.326719545454544 ], [ 105.510084636363615, 15.324820545454543 ], [ 105.550908636363658, 15.327601545454542 ], [ 105.588249636363628, 15.335755545454546 ], [ 105.588339636363628, 15.335755545454546 ], [ 105.603117636363663, 15.335755545454546 ], [ 105.650844636363615, 15.293446545454543 ], [ 105.660618636363665, 15.276085545454542 ], [ 105.663867636363648, 15.263062545454545 ], [ 105.660618636363665, 15.251137545454547 ], [ 105.669303636363622, 15.21967354545454 ], [ 105.682308636363643, 15.204481545454541 ], [ 105.733293636363612, 15.157834545454541 ], [ 105.776691636363637, 15.119863545454542 ], [ 105.795132636363633, 15.107929545454546 ], [ 105.813582636363662, 15.104671545454543 ], [ 105.824436636363657, 15.099253545454545 ], [ 105.830934636363622, 15.09382654545454 ], [ 105.860229636363613, 15.047170545454541 ], [ 105.875412636363649, 15.020053545454545 ], [ 105.891693636363641, 14.982082545454546 ], [ 105.899271636363665, 14.953876545454541 ], [ 105.932904636363617, 14.780302545454546 ], [ 105.932904636363617, 14.752087545454543 ], [ 105.913392636363653, 14.70977854545454 ], [ 105.905787636363641, 14.698933545454544 ], [ 105.891693636363641, 14.683741545454545 ], [ 105.879759636363644, 14.660962545454545 ], [ 105.866745636363646, 14.618653545454542 ], [ 105.858060636363632, 14.576344545454546 ], [ 105.851544636363656, 14.530768545454542 ], [ 105.869994636363629, 14.378893545454545 ], [ 105.875412636363649, 14.348518545454546 ], [ 105.875133636363614, 14.303410545454547 ], [ 105.854532636363615, 14.265439545454541 ], [ 105.833931636363616, 14.19383554545454 ], [ 105.828486636363664, 14.13850354545454 ], [ 105.844776636363633, 14.087518545454543 ], [ 105.864288636363653, 14.046289545454542 ], [ 105.881658636363625, 14.027848545454546 ], [ 105.904437636363639, 14.007238545454541 ], [ 105.953262636363661, 13.988788545454547 ], [ 105.966285636363637, 13.975774545454541 ], [ 105.971694636363623, 13.959502545454541 ], [ 105.973458636363659, 13.915744545454544 ], [ 105.989064636363651, 13.890067545454542 ], [ 105.987975636363615, 13.851007545454543 ], [ 105.97386363636366, 13.826059545454541 ], [ 105.96844563636364, 13.804360545454543 ], [ 105.97386363636366, 13.777243545454546 ], [ 105.986886636363636, 13.755544545454541 ], [ 106.007487636363635, 13.726258545454542 ], [ 106.022688636363625, 13.700221545454546 ], [ 106.028106636363646, 13.679602545454543 ], [ 106.028106636363646, 13.650307545454545 ], [ 106.022688636363625, 13.623190545454541 ], [ 106.012923636363666, 13.603660545454545 ], [ 105.966285636363637, 13.548337545454544 ], [ 105.954342636363663, 13.53640354545454 ], [ 105.936981636363612, 13.511446545454547 ], [ 105.930465636363635, 13.497343545454541 ], [ 105.93264363636365, 13.436593545454542 ], [ 105.939141636363615, 13.368247545454544 ], [ 105.960849636363662, 13.276024545454547 ], [ 105.977130636363654, 13.234813545454543 ], [ 105.991224636363654, 13.207678545454542 ], [ 106.000989636363613, 13.193584545454542 ], [ 106.021608636363624, 13.170796545454543 ], [ 106.029186636363647, 13.156693545454544 ], [ 106.041120636363644, 13.123060545454543 ], [ 106.078020636363647, 13.056892545454545 ], [ 106.074438636363652, 13.056109545454547 ], [ 106.064421636363647, 13.045552545454541 ], [ 106.050804636363637, 13.030558545454547 ], [ 106.042479636363623, 13.018606545454546 ], [ 105.988038636363626, 12.902776545454543 ], [ 105.983043636363618, 12.887773545454543 ], [ 105.964152636363622, 12.813613545454544 ], [ 105.964647636363622, 12.805855545454541 ], [ 105.961929636363664, 12.793930545454543 ], [ 105.964647636363622, 12.772771545454546 ], [ 105.971694636363623, 12.750523545454541 ], [ 106.010205636363651, 12.687064545454547 ], [ 106.012923636363666, 12.665905545454542 ], [ 106.019970636363666, 12.593230545454546 ], [ 106.019970636363666, 12.572611545454542 ], [ 106.006407636363633, 12.551452545454545 ], [ 105.999360636363633, 12.536809545454545 ], [ 105.997191636363652, 12.530842545454547 ], [ 105.997191636363652, 12.520537545454545 ], [ 106.005327636363631, 12.502087545454543 ], [ 106.018890636363665, 12.478768545454543 ], [ 106.038951636363663, 12.422356545454541 ], [ 106.056321636363634, 12.355090545454544 ], [ 106.048716636363622, 12.324175545454544 ], [ 106.034073636363644, 12.297058545454547 ], [ 106.024848636363629, 12.283486545454544 ], [ 106.012365636363654, 12.269923545454546 ], [ 105.990666636363642, 12.263965545454546 ], [ 105.897903636363651, 12.257998545454541 ], [ 105.834003636363661, 12.258097545454547 ], [ 105.721143636363649, 12.271021545454545 ], [ 105.655155636363645, 12.282406545454542 ], [ 105.619110636363644, 12.295969545454547 ], [ 105.605565636363622, 12.295969545454547 ], [ 105.592470636363657, 12.293251545454545 ], [ 105.575523636363641, 12.287293545454546 ], [ 105.559530636363661, 12.274810545454542 ], [ 105.548352636363632, 12.260167545454543 ], [ 105.540369636363664, 12.242806545454542 ], [ 105.535014636363655, 12.202675545454547 ], [ 105.537471636363648, 12.172840545454541 ], [ 105.536652636363613, 12.140827545454542 ], [ 105.52125363636361, 12.060007545454546 ], [ 105.481041636363614, 12.029092545454546 ], [ 105.469998636363641, 12.010642545454544 ], [ 105.468270636363627, 11.999995545454546 ], [ 105.470583636363642, 11.99216554545454 ], [ 105.454770636363662, 11.956345545454546 ], [ 105.44174763636363, 11.93169454545454 ], [ 105.424053636363624, 11.913082545454543 ], [ 105.414747636363643, 11.910292545454546 ], [ 105.374283636363657, 11.92005754545454 ], [ 105.334269636363615, 11.928895545454544 ], [ 105.209610636363664, 11.942386545454546 ], [ 105.200763636363661, 11.942386545454546 ], [ 105.190989636363611, 11.939596545454542 ], [ 105.170064636363634, 11.929363545454542 ], [ 105.156096636363657, 11.918203545454546 ], [ 105.148653636363633, 11.908429545454545 ], [ 105.132372636363641, 11.864698545454544 ], [ 105.126783636363655, 11.855392545454542 ], [ 105.120276636363656, 11.850739545454545 ], [ 105.106326636363633, 11.844223545454547 ], [ 105.056070636363643, 11.846554545454545 ], [ 105.022581636363611, 11.845159545454543 ], [ 105.001170636363611, 11.83585354545454 ], [ 104.990019636363627, 11.821903545454546 ], [ 104.939772636363614, 11.639068545454542 ], [ 104.938377636363612, 11.614417545454543 ], [ 104.943975636363632, 11.559517545454547 ], [ 105.050967636363623, 11.533003545454541 ], [ 105.067716636363627, 11.526955545454541 ], [ 105.150525636363625, 11.475322545454546 ], [ 105.235197636363637, 11.417623545454546 ], [ 105.247752636363657, 11.403205545454547 ], [ 105.255186636363646, 11.388328545454542 ], [ 105.259848636363643, 11.373901545454544 ], [ 105.272214636363628, 11.305555545454546 ], [ 105.277209636363636, 11.274721545454547 ], [ 105.278586636363627, 11.245552545454544 ], [ 105.277209636363636, 11.232772545454544 ], [ 105.273033636363664, 11.218327545454542 ], [ 105.267759636363621, 11.207221545454544 ], [ 105.236880636363651, 11.152015545454546 ], [ 105.212202636363656, 11.101660545454543 ], [ 105.203868636363666, 11.081941545454541 ], [ 105.196362636363631, 11.046112545454541 ], [ 105.184419636363657, 10.937221545454541 ], [ 105.186642636363615, 10.913335545454544 ], [ 105.187767636363617, 10.909717545454541 ], [ 105.189603636363643, 10.908070545454542 ], [ 105.193455636363637, 10.904605545454544 ], [ 105.19525563636364, 10.89971854545454 ], [ 105.209988636363619, 10.851946545454545 ], [ 105.214155636363614, 10.816666545454545 ], [ 105.220536636363647, 10.805002545454542 ], [ 105.229707636363628, 10.799998545454542 ], [ 105.238032636363641, 10.798612545454546 ], [ 105.267210636363643, 10.796389545454545 ], [ 105.297090636363635, 10.793527545454545 ], [ 105.317412636363656, 10.789891545454545 ], [ 105.341352636363638, 10.776112545454545 ], [ 105.349353636363617, 10.766671545454543 ], [ 105.356607636363663, 10.749256545454543 ], [ 105.358794636363655, 10.719502545454546 ], [ 105.356607636363663, 10.699909545454545 ], [ 105.364581636363653, 10.662172545454546 ], [ 105.386361636363631, 10.604113545454545 ], [ 105.397242636363615, 10.587427545454545 ], [ 105.416115636363656, 10.570012545454546 ], [ 105.584487636363633, 10.432843545454546 ], [ 105.621486636363613, 10.413979545454545 ], [ 105.682443636363644, 10.405996545454542 ], [ 105.697680636363657, 10.398013545454546 ], [ 105.711486636363645, 10.388581545454542 ], [ 105.77250663636363, 10.328056545454544 ], [ 105.794646636363666, 10.31357554545454 ], [ 105.851391636363644, 10.289743545454542 ], [ 105.862488636363651, 10.285270545454544 ], [ 105.900819636363622, 10.276108545454541 ], [ 105.908325636363656, 10.278331545454542 ], [ 105.93924063636365, 10.289266545454545 ] ], [ [ 104.943975636363632, 11.559517545454547 ], [ 104.935137636363663, 11.539978545454545 ], [ 104.93372463636365, 11.525560545454546 ], [ 104.94024963636366, 11.501368545454547 ], [ 104.951868636363656, 11.480434545454543 ], [ 104.963496636363629, 11.467870545454545 ], [ 104.980704636363612, 11.461831545454544 ], [ 104.989092636363637, 11.460427545454543 ], [ 105.003051636363637, 11.462758545454541 ], [ 105.02816163636362, 11.462758545454541 ], [ 105.035622636363655, 11.457169545454541 ], [ 105.048627636363619, 11.443219545454546 ], [ 105.050508636363645, 11.433922545454543 ], [ 105.048627636363619, 11.424148545454543 ], [ 105.036549636363645, 11.339485545454544 ], [ 105.035154636363643, 11.259466545454544 ], [ 105.035154636363643, 11.25294154545454 ], [ 105.036072636363656, 11.237128545454546 ], [ 105.03841263636366, 11.226895545454546 ], [ 105.064458636363611, 11.176657545454546 ], [ 105.067716636363627, 11.164552545454541 ], [ 105.073584636363648, 11.056957545454544 ], [ 105.065610636363658, 11.027923545454541 ], [ 105.065610636363658, 11.009050545454542 ], [ 105.068508636363617, 10.971322545454541 ], [ 105.071397636363656, 10.963339545454545 ], [ 105.083736636363653, 10.953898545454543 ], [ 105.096075636363651, 10.953052545454547 ], [ 105.098865636363655, 10.954168545454543 ], [ 105.109125636363615, 10.955554545454547 ], [ 105.119430636363631, 10.941388545454544 ], [ 105.118179636363664, 10.931722545454541 ], [ 105.117684636363663, 10.930147545454545 ], [ 105.112779636363655, 10.924396545454542 ], [ 105.112491636363643, 10.924162545454543 ], [ 105.088839636363616, 10.900924545454544 ], [ 105.087372636363625, 10.837060545454541 ], [ 105.087372636363625, 10.829077545454545 ], [ 105.090270636363641, 10.819645545454541 ], [ 105.135999636363636, 10.704265545454547 ], [ 105.225981636363656, 10.594681545454542 ], [ 105.242676636363626, 10.577986545454543 ], [ 105.357327636363664, 10.468411545454543 ], [ 105.483606636363618, 10.340683545454546 ], [ 105.506385636363632, 10.310272545454545 ], [ 105.515268636363658, 10.300273545454544 ], [ 105.63809163636364, 10.174948545454541 ], [ 105.664317636363648, 10.149820545454546 ], [ 105.708588636363629, 10.120066545454542 ], [ 105.780426636363643, 10.059109545454547 ], [ 105.823716636363656, 10.00422754545454 ] ], [ [ 105.93924063636365, 10.289266545454545 ], [ 106.114812636363638, 10.234078545454544 ] ], [ [ 105.93924063636365, 10.289266545454545 ], [ 105.96914763636363, 10.316662545454541 ], [ 105.97553763636364, 10.319722545454546 ], [ 105.987489636363648, 10.320829545454544 ], [ 106.03692663636366, 10.315555545454544 ], [ 106.064421636363647, 10.308607545454542 ], [ 106.078047636363635, 10.30389154545454 ], [ 106.083330636363655, 10.300273545454544 ], [ 106.220823636363662, 10.304998545454545 ], [ 106.370529636363642, 10.328884545454542 ], [ 106.378863636363633, 10.329163545454541 ], [ 106.394433636363658, 10.325824545454545 ], [ 106.424322636363627, 10.311388545454541 ] ] ] } },
{ "type": "Feature", "properties": { "NAME": "Salween", "SYSTEM": null, "MILES": 1795.43718, "KILOMETERS": 2889.48183 }, "geometry": { "type": "LineString", "coordinates": [ [ 91.455036636363616, 32.110315545454547 ], [ 91.459779636363635, 32.089075545454541 ], [ 91.473774636363657, 32.016283545454549 ], [ 91.505112636363663, 31.948045545454541 ], [ 91.512024636363662, 31.946344545454544 ], [ 91.536405636363611, 31.861780545454543 ], [ 91.550517636363622, 31.770268545454549 ], [ 91.729959636363617, 31.669432545454548 ], [ 91.813290636363661, 31.41332854545454 ], [ 92.013873636363655, 31.420546545454549 ], [ 92.101632636363661, 31.280830545454542 ], [ 92.231079636363631, 31.294150545454549 ], [ 92.314140636363618, 31.382773545454548 ], [ 92.327190636363639, 31.464988545454538 ], [ 92.926068636363652, 31.568317545454541 ], [ 93.700257636363631, 31.463044545454544 ], [ 94.026363636363612, 31.506937545454541 ], [ 94.139970636363614, 31.452208545454546 ], [ 94.52858163636364, 31.44554854545455 ], [ 94.595514636363646, 31.398595545454548 ], [ 94.471359636363616, 31.252210545454538 ], [ 94.624404636363636, 31.146379545454543 ], [ 94.671627636363667, 31.06081654545455 ], [ 94.80802263636366, 31.055263545454544 ], [ 94.859124636363617, 31.102774545454544 ], [ 95.180802636363637, 31.141096545454538 ], [ 95.398593636363614, 31.106095545454544 ], [ 95.563851636363665, 30.906655545454548 ], [ 95.760258636363631, 30.917770545454538 ], [ 95.831079636363654, 30.983326545454538 ], [ 96.354420636363614, 30.806377545454545 ], [ 96.536094636363657, 30.42443554545455 ], [ 96.704421636363634, 30.425830545454538 ], [ 96.739962636363657, 30.244993545454541 ], [ 96.879138636363621, 30.235264545454548 ], [ 97.291644636363628, 30.044716545454541 ], [ 97.577754636363636, 29.475817545454539 ], [ 97.831077636363659, 29.379715545454538 ], [ 98.086362636363617, 29.011939545454545 ], [ 98.141352636363649, 28.868596545454544 ], [ 98.339964636363618, 28.709431545454542 ], [ 98.372463636363648, 28.525831545454544 ], [ 98.448855636363646, 28.438603545454548 ], [ 98.474685636363631, 28.151935545454542 ], [ 98.681352636363613, 27.955276545454545 ], [ 98.698299636363629, 27.718324545454543 ], [ 98.823867636363616, 27.570274545454545 ], [ 98.893032636363614, 26.436103545454543 ], [ 98.827476636363656, 25.923049545454546 ], [ 98.884419636363646, 25.657486545454546 ], [ 98.883861636363633, 25.328878545454543 ], [ 98.84580963636364, 25.227493545454543 ], [ 98.891358636363634, 24.879436545454546 ], [ 99.05496063636366, 24.622774545454547 ], [ 98.971908636363651, 24.413047545454546 ], [ 99.09385863636362, 24.334162545454546 ], [ 99.104964636363661, 24.285823545454541 ], [ 99.18524463636362, 24.326098545454542 ], [ 99.104145636363626, 24.250003545454547 ], [ 98.890197636363666, 24.160462545454543 ], [ 98.890728636363633, 24.160075545454546 ], [ 98.87496963636363, 24.146062545454541 ], [ 98.852028636363627, 24.130438545454545 ], [ 98.58653763636363, 24.095338545454545 ], [ 98.498580636363613, 24.048880545454544 ], [ 98.408022636363626, 23.946667545454545 ], [ 98.442456636363659, 23.835544545454546 ], [ 98.564136636363628, 23.755552545454542 ], [ 98.650257636363619, 23.609437545454547 ], [ 98.607192636363663, 23.420824545454543 ], [ 98.718855636363628, 23.386651545454541 ], [ 98.728575636363644, 23.264161545454542 ], [ 98.444409636363616, 23.183602545454541 ], [ 98.551068636363652, 23.103601545454545 ], [ 98.494962636363653, 23.03665954545454 ], [ 98.510253636363643, 22.972219545454543 ], [ 98.658312636363632, 22.903882545454543 ], [ 98.641356636363639, 22.832494545454544 ], [ 98.55218463636362, 22.828885545454547 ], [ 98.521908636363662, 22.788331545454547 ], [ 98.640807636363661, 22.483879545454542 ], [ 98.57081463636365, 22.287769545454545 ], [ 98.633319636363638, 22.149151545454544 ], [ 98.769426636363619, 22.050268545454543 ], [ 98.704419636363639, 21.956650545454544 ], [ 98.549970636363639, 21.878611545454547 ], [ 98.577474636363661, 21.722767545454545 ], [ 98.651922636363622, 21.611095545454546 ], [ 98.640258636363626, 21.562774545454545 ], [ 98.574414636363656, 21.546097545454543 ], [ 98.709405636363613, 21.155542545454544 ], [ 98.804688636363665, 21.054715545454542 ], [ 98.743569636363645, 20.989438545454547 ], [ 98.504637636363611, 20.951719545454544 ], [ 98.498580636363613, 20.823613545454542 ], [ 98.648322636363616, 20.473603545454544 ], [ 98.693574636363621, 20.208877545454541 ], [ 98.620521636363662, 20.147776545454541 ], [ 98.121354636363662, 19.978882545454546 ], [ 97.882467636363629, 19.954150545454546 ], [ 97.819971636363618, 19.846663545454547 ], [ 97.754856636363627, 19.856077545454546 ], [ 97.518039636363653, 19.36276954545454 ], [ 97.538865636363653, 19.143889545454542 ], [ 97.470249636363633, 18.868597545454541 ], [ 97.434402636363643, 18.822490545454542 ], [ 97.336500636363667, 18.873574545454545 ], [ 97.359981636363614, 18.583054545454544 ], [ 97.358964636363623, 18.580255545454541 ], [ 97.357875636363644, 18.577267545454546 ], [ 97.354077636363627, 18.575206545454542 ], [ 97.347273636363639, 18.542221545454545 ], [ 97.367541636363626, 18.521800545454546 ], [ 97.393596636363611, 18.493459545454542 ], [ 97.437480636363659, 18.410551545454545 ], [ 97.44594963636365, 18.390823545454545 ], [ 97.450269636363657, 18.370276545454544 ], [ 97.450953636363636, 18.336868545454543 ], [ 97.497906636363666, 18.279160545454545 ], [ 97.519290636363621, 18.266389545454544 ], [ 97.538937636363642, 18.275479545454544 ], [ 97.554363636363632, 18.319579545454545 ], [ 97.586097636363661, 18.326662545454546 ], [ 97.618452636363656, 18.314998545454543 ], [ 97.643355636363651, 18.280483545454544 ], [ 97.623456636363642, 18.25277254545454 ], [ 97.620954636363649, 18.225484545454542 ], [ 97.652481636363632, 18.174994545454545 ], [ 97.687194636363643, 18.128608545454547 ], [ 97.751112636363644, 17.974852545454546 ], [ 97.743948636363655, 17.954854545454545 ], [ 97.706994636363618, 17.928187545454541 ], [ 97.687275636363665, 17.867698545454545 ], [ 97.701855636363632, 17.841382545454543 ], [ 97.697967636363614, 17.830447545454547 ], [ 97.696914636363658, 17.827486545454541 ], [ 97.763874636363653, 17.406097545454543 ], [ 97.67884263636364, 17.352214545454544 ], [ 97.598589636363613, 16.692217545454547 ], [ 97.675737636363635, 16.555768545454541 ] ] } },
{ "type": "Feature", "properties": { "NAME": "Xi Jiang", "SYSTEM": null, "MILES": 1258.96091, "KILOMETERS": 2026.10524 }, "geometry": { "type": "MultiLineString", "coordinates": [ [ [ 103.918857636363612, 25.878328545454544 ], [ 103.826085636363644, 25.742491545454541 ], [ 103.892199636363614, 25.256662545454546 ], [ 103.859970636363641, 25.191097545454546 ], [ 103.741341636363643, 25.064161545454546 ], [ 103.523856636363632, 24.945829545454544 ], [ 103.426908636363635, 24.924166545454547 ], [ 103.427466636363647, 24.991936545454543 ], [ 103.251372636363612, 25.015543545454541 ], [ 103.165800636363656, 24.985546545454547 ], [ 103.141356636363639, 24.785269545454547 ], [ 103.02747063636366, 24.652222545454542 ], [ 103.042104636363661, 24.564310545454546 ], [ 103.106085636363616, 24.565831545454543 ], [ 103.108857636363666, 24.472762545454543 ], [ 103.059123636363665, 24.421939545454542 ], [ 103.143309636363654, 24.146377545454541 ], [ 103.121358636363652, 24.043606545454544 ], [ 103.178841636363643, 23.815276545454545 ], [ 103.251372636363612, 23.792776545454544 ], [ 103.299405636363645, 23.851663545454542 ], [ 103.604145636363626, 23.886934545454544 ], [ 103.630245636363611, 23.994439545454547 ], [ 103.573860636363634, 24.073612545454544 ], [ 103.639137636363614, 24.170542545454545 ], [ 103.77468663636364, 24.206650545454544 ], [ 103.940799636363636, 24.433324545454546 ], [ 104.064135636363631, 24.431659545454544 ], [ 104.350515636363639, 24.561934545454541 ], [ 104.53969563636366, 24.742978545454541 ], [ 104.642646636363622, 24.672841545454546 ], [ 104.724258636363629, 24.633043545454541 ], [ 104.799174636363659, 24.682291545454547 ], [ 104.88484563636365, 24.758305545454547 ], [ 104.988777636363636, 24.781831545454544 ], [ 105.021510636363644, 24.803692545454545 ], [ 105.030096636363623, 24.830683545454541 ], [ 105.041562636363665, 24.875188545454542 ], [ 105.055116636363664, 24.901792545454541 ], [ 105.079317636363612, 24.928666545454547 ], [ 105.111672636363664, 24.958069545454542 ], [ 105.190161636363655, 25.002952545454541 ], [ 105.423477636363657, 24.937765545454546 ], [ 105.444690636363646, 24.914005545454543 ], [ 105.453042636363648, 24.876943545454544 ], [ 105.464985636363622, 24.853606545454547 ], [ 105.501120636363623, 24.812305545454542 ], [ 105.748800636363626, 24.741619545454547 ], [ 105.845793636363624, 24.721360545454544 ], [ 105.869805636363651, 24.732151545454542 ], [ 105.917604636363649, 24.730405545454545 ], [ 105.93519963636362, 24.715159545454547 ], [ 105.994437636363614, 24.648046545454541 ], [ 106.022409636363648, 24.643942545454543 ], [ 106.044045636363649, 24.669520545454546 ], [ 106.061631636363643, 24.698455545454543 ], [ 106.079289636363626, 24.713485545454546 ], [ 106.113552636363636, 24.726625545454546 ], [ 106.122831636363628, 24.732259545454546 ], [ 106.17319563636363, 24.773794545454543 ], [ 106.191699636363637, 24.802225545454547 ], [ 106.201491636363642, 24.827767545454542 ], [ 106.20023163636364, 24.870193545454541 ], [ 106.191123636363614, 24.895735545454542 ], [ 106.166949636363654, 24.942472545454542 ], [ 106.246509636363612, 24.97290154545454 ], [ 106.315827636363622, 24.978526545454542 ], [ 106.41692463636366, 25.019161545454544 ], [ 106.448811636363644, 25.031509545454547 ], [ 106.500129636363624, 25.060606545454547 ], [ 106.543257636363649, 25.090234545454543 ], [ 106.620504636363648, 25.130806545454547 ], [ 106.630854636363665, 25.135063545454543 ], [ 106.721232636363652, 25.172215545454542 ], [ 106.79388063636361, 25.175860545454547 ], [ 106.897299636363641, 25.208989545454543 ], [ 106.958706636363615, 25.229158545454546 ], [ 107.022750636363639, 25.045828545454548 ], [ 107.091348636363648, 24.997489545454542 ], [ 107.159973636363645, 25.00277254545454 ], [ 107.329146636363646, 24.763327545454544 ], [ 107.329974636363659, 24.639163545454544 ], [ 107.512485636363635, 24.400825545454545 ], [ 107.516643636363654, 24.320275545454543 ], [ 107.56302063636366, 24.350542545454545 ], [ 107.602755636363611, 24.317773545454543 ], [ 107.603574636363646, 24.207487545454541 ], [ 107.483307636363634, 24.105553545454541 ], [ 107.61551763636362, 23.933878545454547 ], [ 107.691351636363663, 23.971102545454542 ], [ 107.842749636363635, 23.723881545454546 ], [ 107.882466636363631, 23.706097545454547 ], [ 108.276072636363665, 23.954155545454547 ], [ 108.465810636363642, 24.024715545454541 ], [ 108.642750636363644, 23.954155545454547 ], [ 108.703851636363652, 23.860276545454546 ], [ 108.864690636363662, 23.825275545454545 ], [ 108.845808636363643, 23.740828545454541 ], [ 108.963024636363627, 23.629435545454541 ], [ 109.167738636363651, 23.737210545454545 ], [ 109.318866636363623, 23.696377545454546 ], [ 109.425246636363624, 23.762491545454544 ], [ 109.42857663636363, 23.850547545454546 ], [ 109.529547636363645, 23.795467545454542 ], [ 109.566654636363637, 23.760556545454541 ], [ 109.538565636363614, 23.704711545454543 ], [ 109.650795636363625, 23.683597545454546 ], [ 109.726062636363622, 23.481385545454543 ], [ 109.759983636363643, 23.458327545454544 ], [ 109.811625636363658, 23.486938545454542 ], [ 109.936077636363621, 23.421103545454542 ], [ 110.000805636363623, 23.466103545454544 ], [ 110.085954636363624, 23.399260545454545 ], [ 110.100624636363648, 23.406172545454545 ], [ 110.110992636363619, 23.416531545454546 ], [ 110.15932263636364, 23.473501545454546 ], [ 110.162805636363657, 23.479540545454547 ], [ 110.160186636363619, 23.505424545454545 ], [ 110.161923636363611, 23.515783545454546 ], [ 110.166243636363617, 23.524414545454547 ], [ 110.199039636363636, 23.572744545454547 ], [ 110.203368636363621, 23.577064545454547 ], [ 110.225814636363623, 23.586550545454543 ], [ 110.283648636363637, 23.575336545454547 ], [ 110.482998636363618, 23.485588545454547 ], [ 110.520105636363667, 23.464015545454544 ], [ 110.525280636363618, 23.459713545454541 ], [ 110.532210636363629, 23.440714545454547 ], [ 110.640093636363645, 23.456257545454541 ], [ 110.766084636363644, 23.466607545454544 ], [ 110.779017636363619, 23.461423545454544 ], [ 110.797143636363614, 23.451073545454541 ], [ 110.842026636363642, 23.420005545454543 ], [ 110.84720163636365, 23.395840545454547 ], [ 110.84720163636365, 23.382889545454546 ], [ 110.851539636363611, 23.369947545454544 ], [ 110.865345636363656, 23.364772545454542 ], [ 110.911947636363664, 23.379433545454546 ], [ 110.949054636363655, 23.396713545454546 ], [ 110.967162636363639, 23.415694545454542 ], [ 110.97753063636361, 23.420860545454545 ], [ 111.050016636363637, 23.448490545454547 ], [ 111.103548636363655, 23.451073545454541 ], [ 111.144957636363642, 23.435539545454546 ], [ 111.190686636363637, 23.426908545454545 ], [ 111.212259636363626, 23.430364545454545 ], [ 111.232968636363637, 23.439850545454547 ], [ 111.245073636363657, 23.458849545454541 ], [ 111.254559636363638, 23.468335545454543 ], [ 111.26578263636361, 23.473519545454543 ], [ 111.363297636363654, 23.477830545454545 ], [ 111.396975636363663, 23.473519545454543 ], [ 111.435792636363658, 23.461423545454544 ], [ 111.46686963636364, 23.449345545454541 ], [ 111.552306636363653, 23.266393545454541 ], [ 111.549723636363638, 23.257753545454541 ], [ 111.531579636363631, 23.238772545454545 ], [ 111.526395636363645, 23.227558545454542 ], [ 111.526395636363645, 23.219782545454542 ], [ 111.53072463636363, 23.212015545454541 ], [ 111.542820636363615, 23.199937545454546 ], [ 111.565248636363663, 23.185267545454543 ], [ 111.629112636363629, 23.156782545454547 ], [ 111.652422636363667, 23.146423545454546 ], [ 111.764598636363644, 23.133481545454543 ], [ 111.861267636363664, 23.130025545454544 ], [ 111.877656636363611, 23.130025545454544 ], [ 111.949287636363636, 23.116219545454541 ], [ 111.971733636363638, 23.098966545454545 ], [ 112.013151636363659, 23.086015545454543 ], [ 112.033005636363612, 23.081695545454544 ], [ 112.054578636363658, 23.079112545454542 ], [ 112.177986636363642, 23.079976545454542 ], [ 112.205607636363652, 23.092918545454545 ], [ 112.261722636363629, 23.124850545454542 ], [ 112.272918636363613, 23.131753545454544 ], [ 112.287597636363614, 23.153326545454547 ], [ 112.308297636363648, 23.162830545454547 ], [ 112.316955636363616, 23.162830545454547 ], [ 112.33074363636365, 23.157646545454547 ], [ 112.378218636363613, 23.126578545454542 ], [ 112.387704636363651, 23.117083545454541 ], [ 112.387704636363651, 23.086015545454543 ], [ 112.41447063636366, 23.059267545454546 ], [ 112.424838636363631, 23.054083545454546 ], [ 112.445547636363642, 23.051491545454546 ], [ 112.510275636363644, 23.064433545454541 ], [ 112.522353636363619, 23.076529545454541 ], [ 112.52923863636363, 23.087743545454543 ], [ 112.533558636363637, 23.101558545454544 ], [ 112.578441636363664, 23.150743545454546 ], [ 112.588791636363624, 23.161102545454547 ], [ 112.617267636363636, 23.174908545454542 ], [ 112.680285636363635, 23.171452545454542 ], [ 112.732926636363629, 23.166268545454543 ], [ 112.782102636363618, 23.157646545454547 ], [ 112.789869636363619, 23.149879545454546 ], [ 112.788789636363617, 23.147233545454547 ], [ 112.801101636363626, 23.098966545454545 ], [ 112.841664636363646, 22.992811545454543 ], [ 112.913277636363659, 22.844365545454544 ], [ 112.936596636363618, 22.821064545454547 ], [ 112.965927636363631, 22.803811545454543 ], [ 113.00044263636363, 22.793452545454542 ], [ 113.077275636363652, 22.708870545454545 ], [ 113.090208636363627, 22.664860545454545 ], [ 113.099703636363643, 22.639840545454547 ], [ 113.107461636363666, 22.628608545454547 ], [ 113.168724636363663, 22.567012545454546 ] ], [ [ 112.788789636363617, 23.147233545454547 ], [ 112.881912636363666, 23.146378545454546 ], [ 112.973397636363643, 23.035732545454543 ], [ 113.479278636363631, 23.050825545454543 ] ] ] } },
{ "type": "Feature", "properties": { "NAME": "Yangtze", "SYSTEM": null, "MILES": 3513.65086, "KILOMETERS": 5654.68424 }, "geometry": { "type": "LineString", "coordinates": [ [ 90.566070636363634, 34.268047545454543 ], [ 91.218579636363643, 34.325818545454545 ], [ 91.820256636363638, 34.242208545454538 ], [ 91.99997763636361, 34.129150545454543 ], [ 92.165523636363616, 34.239427545454539 ], [ 92.601636636363651, 34.199710545454543 ], [ 92.649696636363615, 34.119142545454544 ], [ 92.821920636363643, 34.077481545454539 ], [ 92.940243636363618, 34.092889545454547 ], [ 93.192738636363629, 34.235260545454544 ], [ 93.658308636363643, 34.21053754545455 ], [ 93.80691663636361, 34.257211545454545 ], [ 94.05218463636362, 34.551376545454538 ], [ 94.254702636363618, 34.57471354545455 ], [ 94.547742636363637, 34.756657545454537 ], [ 94.921629636363662, 34.680724545454545 ], [ 95.002197636363633, 34.581373545454547 ], [ 95.306631636363647, 34.454986545454538 ], [ 95.333307636363656, 34.484425545454549 ], [ 95.483040636363626, 34.348876545454537 ], [ 95.563581636363665, 34.327483545454548 ], [ 95.570250636363653, 34.231093545454549 ], [ 95.667459636363617, 34.211653545454546 ], [ 95.924679636363635, 33.890542545454544 ], [ 96.178029636363647, 33.763048545454545 ], [ 96.212193636363622, 33.784153545454551 ], [ 96.260523636363644, 33.720820545454551 ], [ 96.371628636363653, 33.765541545454546 ], [ 96.40052763636362, 33.68415454545454 ], [ 96.619965636363645, 33.586369545454538 ], [ 96.696627636363644, 33.54721054545454 ], [ 96.74608263636361, 33.39276154545454 ], [ 96.852462636363612, 33.320266545454551 ], [ 97.014687636363647, 33.31582054545455 ], [ 97.018035636363663, 33.21943054545455 ], [ 97.384416636363653, 32.843869545454545 ], [ 97.384137636363619, 32.77720654545454 ], [ 97.464417636363635, 32.672212545454549 ], [ 98.210796636363625, 32.342479545454545 ], [ 98.216916636363635, 32.245540545454539 ], [ 98.449692636363636, 31.983595545454541 ], [ 98.446623636363654, 31.898041545454539 ], [ 98.40997563636364, 31.879438545454541 ], [ 98.62274463636362, 31.570828545454539 ], [ 98.877183636363611, 31.354441545454542 ], [ 98.77746363636362, 31.229710545454545 ], [ 98.644425636363621, 31.311097545454551 ], [ 98.606625636363617, 31.227487545454544 ], [ 98.799972636363634, 30.984154545454551 ], [ 98.77746363636362, 30.89443354545454 ], [ 98.952756636363631, 30.74498854545454 ], [ 98.905812636363635, 30.679153545454547 ], [ 99.049137636363639, 29.933044545454543 ], [ 98.983851636363624, 29.675545545454547 ], [ 99.096405636363613, 29.249971545454549 ], [ 99.116070636363645, 28.716100545454545 ], [ 99.179412636363622, 28.518595545454538 ], [ 99.155535636363652, 28.431664545454545 ], [ 99.398517636363636, 28.121056545454543 ], [ 99.458862636363619, 27.850831545454547 ], [ 99.438018636363665, 27.760273545454545 ], [ 99.648321636363619, 27.323323545454549 ], [ 99.933027636363647, 27.040831545454544 ], [ 99.965805636363655, 26.882773545454548 ], [ 100.059693636363647, 26.949436545454546 ], [ 100.057740636363633, 27.16666054545454 ], [ 100.235238636363647, 27.334438545454539 ], [ 100.185522636363658, 27.51027154545455 ], [ 100.296915636363622, 27.825271545454548 ], [ 100.40136063636362, 27.843046545454548 ], [ 100.433301636363637, 27.801106545454537 ], [ 100.442175636363629, 27.510550545454542 ], [ 100.539411636363639, 27.437488545454549 ], [ 100.539690636363616, 27.219706545454549 ], [ 100.43496663636364, 27.189709545454541 ], [ 100.488570636363647, 27.138877545454541 ], [ 100.453038636363658, 26.818603545454543 ], [ 100.389975636363658, 26.787769545454545 ], [ 100.449402636363629, 26.361097545454541 ], [ 100.407201636363652, 26.317222545454541 ], [ 100.448295636363639, 26.214154545454541 ], [ 100.938858636363648, 26.198044545454543 ], [ 101.055795636363655, 26.309158545454544 ], [ 101.455251636363641, 26.415259545454546 ], [ 101.444118636363612, 26.516941545454543 ], [ 101.508324636363625, 26.590543545454544 ], [ 101.614146636363614, 26.593882545454541 ], [ 101.683581636363613, 26.559718545454544 ], [ 101.79888963636364, 26.602558545454542 ], [ 101.83997463636365, 26.583595545454543 ], [ 101.941908636363621, 26.344150545454546 ], [ 101.877027636363664, 26.181448545454543 ], [ 101.828040636363653, 25.993042545454543 ], [ 101.864688636363667, 25.971100545454547 ], [ 102.06665763636363, 25.988596545454541 ], [ 102.107121636363615, 26.081602545454544 ], [ 102.25080663636362, 26.224720545454545 ], [ 102.564681636363616, 26.374714545454545 ], [ 102.623865636363632, 26.344987545454543 ], [ 102.602463636363666, 26.261665545454541 ], [ 102.675795636363659, 26.218600545454542 ], [ 102.980526636363663, 26.353330545454547 ], [ 103.059402636363643, 26.541097545454541 ], [ 102.872193636363647, 27.024991545454547 ], [ 102.914691636363614, 27.121939545454545 ], [ 102.882462636363641, 27.275272545454548 ], [ 102.945507636363629, 27.412774545454546 ], [ 102.993855636363662, 27.373885545454549 ], [ 103.141050636363616, 27.420460545454539 ], [ 103.178301636363642, 27.525274545454543 ], [ 103.49969163636365, 27.834721545454549 ], [ 103.565517636363666, 27.978046545454539 ], [ 103.504965636363636, 27.976939545454549 ], [ 103.448301636363624, 28.119436545454541 ], [ 103.636086636363643, 28.266379545454548 ], [ 103.710534636363661, 28.20776254545455 ], [ 103.875234636363643, 28.31860654545455 ], [ 103.789959636363619, 28.52721754545454 ], [ 103.847748636363633, 28.663045545454544 ], [ 103.951635636363619, 28.604437545454537 ], [ 104.24858163636361, 28.661938545454539 ], [ 104.305803636363635, 28.62165454545454 ], [ 104.458587636363632, 28.63832254545455 ], [ 104.600256636363611, 28.779721545454542 ], [ 104.816940636363654, 28.826665545454539 ], [ 104.918298636363659, 28.77748954545455 ], [ 104.984412636363629, 28.83638554545454 ], [ 105.019971636363664, 28.821652545454548 ], [ 105.011088636363638, 28.758328545454539 ], [ 105.101061636363625, 28.711933545454549 ], [ 105.147753636363632, 28.723597545454545 ], [ 105.153027636363618, 28.782772545454542 ], [ 105.250263636363627, 28.746655545454537 ], [ 105.350514636363641, 28.79055754545454 ], [ 105.36551763636362, 28.853044545454544 ], [ 105.440406636363662, 28.897531545454548 ], [ 105.552744636363627, 28.905541545454547 ], [ 105.55330263636364, 28.95999154545455 ], [ 105.589968636363665, 28.96805554545454 ], [ 105.628569636363636, 28.884715545454547 ], [ 105.766647636363643, 28.923046545454547 ], [ 105.832689636363625, 28.81365154545454 ], [ 105.901647636363634, 28.877488545454547 ], [ 105.818586636363648, 28.958596545454547 ], [ 105.873288636363611, 29.045545545454537 ], [ 106.023858636363627, 29.100823545454539 ], [ 106.139976636363656, 29.093605545454544 ], [ 106.115514636363628, 29.160817545454542 ], [ 106.24802163636366, 29.291101545454545 ], [ 106.364409636363632, 29.288599545454538 ], [ 106.455804636363666, 29.388877545454541 ], [ 106.519974636363656, 29.400262545454545 ], [ 106.492191636363657, 29.469706545454549 ], [ 106.585800636363615, 29.610817545454545 ], [ 106.68385563636366, 29.568607545454547 ], [ 106.75080663636362, 29.61471454545454 ], [ 106.835532636363666, 29.584438545454539 ], [ 107.075526636363634, 29.820544545454545 ], [ 107.165526636363666, 29.690269545454548 ], [ 107.304963636363652, 29.74276654545455 ], [ 107.396592636363664, 29.724325545454541 ], [ 107.48026563636364, 29.832487545454548 ], [ 107.458026636363627, 29.88054754545454 ], [ 107.490795636363657, 29.900545545454541 ], [ 107.612475636363627, 29.844439545454541 ], [ 107.718036636363649, 29.876938545454543 ], [ 107.849985636363613, 30.008608545454543 ], [ 107.942172636363637, 30.20749054545454 ], [ 108.072744636363666, 30.327487545454538 ], [ 108.089421636363625, 30.359986545454539 ], [ 108.224412636363638, 30.435829545454546 ], [ 108.417732636363667, 30.728878545454542 ], [ 108.400803636363662, 30.820273545454548 ], [ 108.624399636363648, 30.946660545454542 ], [ 108.986640636363632, 30.93694054545454 ], [ 109.608306636363636, 31.02221554545455 ], [ 109.654971636363655, 30.998599545454546 ], [ 109.949982636363643, 31.068331545454548 ], [ 110.243580636363617, 31.019722545454549 ], [ 110.544693636363661, 31.029154545454539 ], [ 111.136920636363641, 30.843043545454542 ], [ 111.426072636363642, 30.50638054545454 ], [ 111.445512636363617, 30.415264545454541 ], [ 111.515532636363616, 30.40888354545455 ], [ 111.50276163636363, 30.309712545454538 ], [ 111.55191063636363, 30.268330545454539 ], [ 111.614001636363639, 30.310729545454542 ], [ 111.659973636363645, 30.38415154545455 ], [ 111.854427636363653, 30.423877545454538 ], [ 112.01387163636366, 30.282487545454551 ], [ 112.214688636363633, 30.30304354545455 ], [ 112.273593636363614, 30.236101545454538 ], [ 112.189956636363661, 30.123043545454543 ], [ 112.206921636363631, 30.077215545454543 ], [ 112.331643636363651, 30.064714545454542 ], [ 112.423020636363617, 29.950261545454545 ], [ 112.371630636363648, 29.726656545454539 ], [ 112.571907636363619, 29.841667545454548 ], [ 112.599699636363653, 29.714425545454539 ], [ 112.632459636363649, 29.712220545454549 ], [ 112.662186636363629, 29.823316545454539 ], [ 112.760529636363628, 29.782222545454538 ], [ 112.686630636363645, 29.75888554545454 ], [ 112.699131636363632, 29.73832954545454 ], [ 112.783380636363631, 29.737195545454547 ], [ 112.868853636363667, 29.787217545454546 ], [ 112.908570636363663, 29.773888545454547 ], [ 112.921629636363662, 29.693329545454539 ], [ 113.020242636363662, 29.773600545454549 ], [ 112.996284636363612, 29.685931545454544 ], [ 112.909407636363653, 29.640274545454538 ], [ 112.904916636363623, 29.58804754545455 ], [ 112.93468863636366, 29.475817545454539 ], [ 113.031645636363635, 29.516938545454543 ], [ 113.050797636363654, 29.440816545454545 ], [ 113.084385636363663, 29.496688545454539 ], [ 113.125821636363639, 29.463667545454548 ], [ 113.381286636363654, 29.734873545454541 ], [ 113.587863636363636, 29.875570545454543 ], [ 113.664408636363646, 29.951935545454539 ], [ 113.762193636363634, 29.923324545454541 ], [ 113.883765636363648, 30.018733545454545 ], [ 114.063855636363655, 30.086656545454538 ], [ 114.068859636363641, 30.118327545454541 ], [ 113.961633636363615, 30.19498954545454 ], [ 113.864964636363652, 30.183046545454538 ], [ 113.853570636363656, 30.213322545454538 ], [ 113.906355636363628, 30.282775545454548 ], [ 113.958024636363632, 30.289156545454539 ], [ 114.030537636363647, 30.225274545454546 ], [ 114.066483636363614, 30.253651545454538 ], [ 114.099108636363667, 30.338494545454544 ], [ 114.194346636363662, 30.447907545454548 ], [ 114.268776636363611, 30.521212545454539 ], [ 114.278838636363616, 30.562765545454546 ], [ 114.304155636363646, 30.589162545454549 ], [ 114.315990636363665, 30.608386545454543 ], [ 114.369423636363649, 30.651928545454545 ], [ 114.401085636363632, 30.661828545454547 ], [ 114.438678636363647, 30.66973954545454 ], [ 114.488034636363636, 30.671341545454545 ], [ 114.502164636363659, 30.670162545454538 ], [ 114.517473636363661, 30.66428554545454 ], [ 114.537489636363659, 30.647788545454539 ], [ 114.566937636363662, 30.59479654545455 ], [ 114.577530636363633, 30.580666545454541 ], [ 114.588114636363628, 30.57242254545455 ], [ 114.603432636363664, 30.568894545454548 ], [ 114.637587636363662, 30.568894545454548 ], [ 114.682326636363655, 30.574771545454546 ], [ 114.704727636363657, 30.581845545454549 ], [ 114.757719636363618, 30.610105545454537 ], [ 114.776565636363614, 30.612463545454538 ], [ 114.797742636363637, 30.610105545454537 ], [ 114.809523636363622, 30.606568545454543 ], [ 114.817785636363624, 30.59479654545455 ], [ 114.822465636363631, 30.58420354545455 ], [ 114.823653636363645, 30.568894545454548 ], [ 114.822465636363631, 30.531202545454541 ], [ 114.817785636363624, 30.517072545454546 ], [ 114.816588636363633, 30.482926545454539 ], [ 114.817785636363624, 30.467617545454537 ], [ 114.823653636363645, 30.453478545454537 ], [ 114.834246636363616, 30.439357545454548 ], [ 114.863694636363618, 30.41579554545455 ], [ 114.89666163636366, 30.407551545454545 ], [ 114.914337636363655, 30.404014545454551 ], [ 114.952011636363636, 30.398137545454539 ], [ 114.963792636363621, 30.402844545454549 ], [ 114.989703636363629, 30.406381545454543 ], [ 115.006191636363667, 30.404014545454551 ], [ 115.049751636363624, 30.38047054545455 ], [ 115.062711636363645, 30.371056545454543 ], [ 115.075653636363654, 30.343966545454542 ], [ 115.079190636363649, 30.325129545454537 ], [ 115.072125636363637, 30.307453545454543 ], [ 115.060344636363652, 30.261526545454551 ], [ 115.063998636363635, 30.240331545454545 ], [ 115.069938636363645, 30.22252054545455 ], [ 115.08774963636364, 30.210649545454551 ], [ 115.119411636363623, 30.206680545454539 ], [ 115.147122636363633, 30.208660545454542 ], [ 115.178775636363639, 30.20470054545455 ], [ 115.202517636363666, 30.190858545454539 ], [ 115.250019636363618, 30.153256545454546 ], [ 115.26189063636366, 30.141385545454547 ], [ 115.295532636363646, 30.097843545454545 ], [ 115.303443636363625, 30.074101545454546 ], [ 115.309383636363634, 30.04045054545454 ], [ 115.313334636363663, 30.026608545454543 ], [ 115.346985636363627, 29.998897545454547 ], [ 115.386558636363645, 29.957344545454539 ], [ 115.394469636363624, 29.941522545454539 ], [ 115.402389636363637, 29.909851545454551 ], [ 115.412280636363619, 29.892049545454547 ], [ 115.426140636363641, 29.874238545454538 ], [ 115.451853636363637, 29.860378545454545 ], [ 115.471644636363635, 29.852467545454537 ], [ 115.507275636363659, 29.844556545454545 ], [ 115.538937636363642, 29.842576545454541 ], [ 115.584441636363636, 29.844556545454545 ], [ 115.618092636363656, 29.852467545454537 ], [ 115.655685636363614, 29.854447545454541 ], [ 115.685367636363651, 29.844556545454545 ], [ 115.71306063636365, 29.82674554545455 ], [ 115.752642636363646, 29.791114545454541 ], [ 115.78233363636366, 29.775292545454541 ], [ 115.873359636363659, 29.73571954545455 ], [ 115.903032636363662, 29.731750545454538 ], [ 115.952514636363617, 29.73571954545455 ], [ 115.988127636363629, 29.743630545454543 ], [ 116.024316636363665, 29.756761545454545 ], [ 116.043963636363628, 29.768227545454543 ], [ 116.06362863636366, 29.777227545454544 ], [ 116.113551636363638, 29.78623654545455 ], [ 116.148750636363616, 29.790331545454542 ], [ 116.188854636363658, 29.790331545454542 ], [ 116.260485636363626, 29.789665545454547 ], [ 116.26828863636365, 29.792788545454549 ], [ 116.279223636363611, 29.80060054545455 ], [ 116.301111636363657, 29.81779054545455 ], [ 116.330793636363637, 29.845906545454547 ], [ 116.343294636363623, 29.853727545454539 ], [ 116.383920636363655, 29.863096545454546 ], [ 116.472984636363663, 29.872474545454544 ], [ 116.501118636363628, 29.88653254545455 ], [ 116.524554636363632, 29.89903354545455 ], [ 116.533914636363647, 29.909968545454539 ], [ 116.54486763636362, 29.931856545454544 ], [ 116.551104636363618, 29.955292545454547 ], [ 116.560482636363645, 29.975596545454543 ], [ 116.580795636363632, 29.997484545454547 ], [ 116.602674636363645, 30.01310854545455 ], [ 116.641734636363651, 30.03185554545454 ], [ 116.693304636363621, 30.045922545454538 ], [ 116.736657636363645, 30.059809545454549 ], [ 116.760840636363639, 30.074290545454538 ], [ 116.789109636363662, 30.096664545454537 ], [ 116.831499636363617, 30.141421545454541 ], [ 116.852694636363651, 30.172039545454545 ], [ 116.897442636363621, 30.245047545454547 ], [ 116.912751636363623, 30.282730545454548 ], [ 116.911590636363655, 30.314527545454546 ], [ 116.903337636363631, 30.342787545454549 ], [ 116.900970636363638, 30.361624545454539 ], [ 116.903337636363631, 30.37812154545454 ], [ 116.911590636363655, 30.404014545454551 ], [ 116.920986636363637, 30.422860545454547 ], [ 116.972808636363652, 30.468796545454545 ], [ 117.010500636363645, 30.491170545454544 ], [ 117.029274636363652, 30.495958545454549 ], [ 117.041064636363615, 30.497083545454551 ], [ 117.088323636363612, 30.49631854545455 ], [ 117.159198636363612, 30.50035954545455 ], [ 117.182319636363616, 30.505732545454542 ], [ 117.203991636363639, 30.51511054545454 ], [ 117.211776636363652, 30.523768545454537 ], [ 117.226392636363641, 30.546403545454545 ], [ 117.230298636363614, 30.56589754545454 ], [ 117.229326636363623, 30.590269545454539 ], [ 117.227373636363666, 30.60295054545454 ], [ 117.221505636363645, 30.61854754545454 ], [ 117.220551636363666, 30.633172545454549 ], [ 117.225420636363651, 30.64585354545455 ], [ 117.234186636363631, 30.653656545454545 ], [ 117.249783636363645, 30.660478545454545 ], [ 117.28780863636365, 30.677047545454549 ], [ 117.313170636363623, 30.686803545454545 ], [ 117.411657636363657, 30.705325545454549 ], [ 117.455532636363614, 30.71702554545454 ], [ 117.667122636363615, 30.788197545454544 ], [ 117.68757063636366, 30.79795354545454 ], [ 117.709737636363627, 30.812506545454546 ], [ 117.718296636363618, 30.838201545454545 ], [ 117.735423636363635, 30.952411545454545 ], [ 117.738285636363628, 30.995233545454546 ], [ 117.735423636363635, 31.035211545454551 ], [ 117.755421636363621, 31.092316545454544 ], [ 117.772548636363638, 31.118011545454543 ], [ 117.806811636363648, 31.132285545454543 ], [ 117.835350636363614, 31.132285545454543 ], [ 117.861063636363667, 31.118011545454543 ], [ 117.875337636363611, 31.098031545454539 ], [ 117.886758636363652, 31.086601545454549 ], [ 117.909600636363621, 31.078033545454538 ], [ 117.935286636363628, 31.08088654545454 ], [ 117.960990636363647, 31.089454545454551 ], [ 117.978117636363663, 31.106590545454544 ], [ 117.980970636363622, 31.12942354545455 ], [ 117.980970636363622, 31.172254545454543 ], [ 118.000959636363632, 31.19509654545454 ], [ 118.018086636363648, 31.206517545454538 ], [ 118.140864636363631, 31.266484545454539 ], [ 118.189401636363641, 31.286464545454542 ], [ 118.306464636363614, 31.297885545454541 ], [ 118.323591636363631, 31.30930654545454 ], [ 118.32930663636364, 31.326433545454542 ], [ 118.326453636363624, 31.360696545454537 ], [ 118.320738636363615, 31.400674545454542 ], [ 118.317894636363633, 31.446358545454551 ], [ 118.323591636363631, 31.469200545454548 ], [ 118.337874636363665, 31.500610545454542 ], [ 118.37784363636365, 31.583410545454548 ], [ 118.403547636363612, 31.617664545454538 ], [ 118.414959636363619, 31.643359545454551 ], [ 118.423527636363644, 31.677631545454538 ], [ 118.423527636363644, 31.703317545454546 ], [ 118.432086636363636, 31.72902154545455 ], [ 118.472496636363644, 31.804198545454547 ], [ 118.511493636363639, 31.870510545454543 ], [ 118.618764636363665, 31.983595545454541 ], [ 118.644099636363649, 32.013835545454548 ], [ 118.68992763636362, 32.074279545454537 ], [ 118.718196636363643, 32.105482545454542 ], [ 118.75915563636363, 32.145460545454547 ], [ 118.78451763636366, 32.158141545454548 ], [ 118.811805636363658, 32.166907545454542 ], [ 118.83617763636363, 32.171794545454539 ], [ 118.862520636363627, 32.167879545454547 ], [ 118.899564636363664, 32.165935545454538 ], [ 118.916133636363611, 32.168860545454542 ], [ 119.00975163636366, 32.201035545454538 ], [ 119.063094636363644, 32.23438954545454 ], [ 119.088780636363651, 32.240086545454538 ], [ 119.157306636363614, 32.231527545454547 ], [ 119.362884636363617, 32.218540545454537 ], [ 119.387103636363634, 32.229313545454538 ], [ 119.403924636363627, 32.23132954545455 ], [ 119.491359636363654, 32.231527545454547 ], [ 119.55903963636365, 32.218036545454545 ], [ 119.567193636363641, 32.212690545454542 ], [ 119.569209636363667, 32.209711545454546 ], [ 119.613111636363612, 32.190649545454541 ] ] } },
{ "type": "Feature", "properties": { "NAME": "Aldan", "SYSTEM": "Lena", "MILES": 2225.39997, "KILOMETERS": 3581.44125 }, "geometry": { "type": "LineString", "coordinates": [ [ 123.795249636363621, 56.40748054545454 ], [ 123.749970636363628, 56.461930545454543 ], [ 123.09580563636365, 56.538610545454539 ], [ 123.04801563636363, 56.591089545454544 ], [ 123.260523636363644, 57.071662545454551 ], [ 123.352188636363621, 57.114718545454544 ], [ 123.345807636363645, 57.167494545454538 ], [ 123.495801636363637, 57.224698545454551 ], [ 123.634977636363658, 57.458320545454548 ], [ 123.519975636363654, 57.509152545454548 ], [ 123.483579636363629, 57.57942454545455 ], [ 123.582741636363664, 57.664429545454546 ], [ 123.719415636363635, 57.632479545454551 ], [ 123.857187636363619, 57.734152545454542 ], [ 123.703584636363644, 57.915259545454539 ], [ 123.740241636363635, 58.092478545454547 ], [ 124.012482636363643, 58.237207545454545 ], [ 124.006632636363634, 58.301926545454542 ], [ 124.170522636363614, 58.333876545454551 ], [ 124.154421636363622, 58.398874545454539 ], [ 124.263024636363639, 58.36666354545455 ], [ 124.319427636363628, 58.38275554545455 ], [ 124.296351636363624, 58.470532545454539 ], [ 124.389690636363639, 58.496371545454544 ], [ 124.441818636363621, 58.620022545454539 ], [ 124.614141636363627, 58.739425545454544 ], [ 124.733850636363627, 58.736383545454551 ], [ 124.791351636363629, 58.815259545454545 ], [ 124.913850636363634, 58.800535545454544 ], [ 125.009133636363629, 58.84747954545454 ], [ 125.016918636363641, 58.888600545454544 ], [ 125.152764636363656, 58.944148545454546 ], [ 125.128572636363629, 58.981372545454541 ], [ 125.186361636363642, 59.021368545454543 ], [ 125.30246163636366, 59.016103545454548 ], [ 125.326374636363653, 59.182207545454538 ], [ 125.285514636363644, 59.252209545454541 ], [ 125.323296636363636, 59.267203545454542 ], [ 125.557458636363663, 59.237494545454545 ], [ 125.758032636363623, 59.100262545454548 ], [ 126.209697636363614, 58.988590545454549 ], [ 126.542193636363663, 58.851385545454541 ], [ 126.903579636363645, 58.790824545454548 ], [ 127.083309636363651, 58.721371545454538 ], [ 127.246353636363665, 58.810822545454549 ], [ 127.435497636363664, 58.783048545454541 ], [ 127.604688636363619, 58.844428545454541 ], [ 127.785516636363639, 58.78915054545454 ], [ 127.805235636363648, 58.70526154545454 ], [ 127.926645636363617, 58.686370545454544 ], [ 128.120478636363657, 58.786369545454541 ], [ 128.19494463636363, 58.792210545454545 ], [ 128.321871636363653, 58.719157545454543 ], [ 128.403015636363648, 58.750261545454542 ], [ 128.325498636363648, 58.850269545454545 ], [ 128.476590636363653, 58.811101545454541 ], [ 128.541903636363656, 58.684993545454539 ], [ 128.650236636363616, 58.66443754545454 ], [ 128.70605463636366, 58.557490545454549 ], [ 129.146055636363656, 58.477201545454541 ], [ 129.273837636363623, 58.543603545454552 ], [ 129.514128636363637, 58.53472054545454 ], [ 129.696045636363635, 58.474699545454548 ], [ 129.829650636363624, 58.490827545454543 ], [ 130.087977636363632, 58.641370545454542 ], [ 130.19967663636362, 58.648876545454549 ], [ 130.545231636363667, 58.596379545454546 ], [ 130.621578636363665, 58.666372545454543 ], [ 130.567443636363635, 58.80692554545454 ], [ 130.660764636363638, 58.873039545454539 ], [ 131.094393636363634, 58.951384545454552 ], [ 131.186616636363624, 58.939414545454547 ], [ 131.233272636363665, 58.876927545454542 ], [ 131.319402636363634, 58.917211545454542 ], [ 131.326044636363633, 58.969978545454545 ], [ 131.516052636363611, 58.933051545454539 ], [ 131.563266636363664, 58.987213545454544 ], [ 131.821044636363638, 59.004160545454546 ], [ 131.969940636363617, 59.104150545454551 ], [ 131.950500636363643, 59.184151545454547 ], [ 132.101862636363649, 59.128045545454547 ], [ 132.164403636363659, 59.133328545454539 ], [ 132.212706636363635, 59.188588545454543 ], [ 132.393831636363643, 59.23359754545455 ], [ 132.431334636363658, 59.287498545454547 ], [ 132.577431636363656, 59.269435545454549 ], [ 132.656622636363636, 59.349706545454545 ], [ 132.962433636363642, 59.359156545454546 ], [ 133.065762636363615, 59.427763545454546 ], [ 133.107144636363614, 59.613595545454551 ], [ 133.333827636363651, 59.641099545454544 ], [ 134.181879636363647, 60.240814545454548 ], [ 134.549952636363628, 60.437203545454544 ], [ 134.588436636363667, 60.460144545454547 ], [ 134.659140636363645, 60.475030545454551 ], [ 134.770740636363655, 60.463861545454542 ], [ 134.811663636363619, 60.437824545454539 ], [ 134.89350963636366, 60.389467545454544 ], [ 134.990232636363658, 60.359695545454549 ], [ 135.060909636363647, 60.352261545454546 ], [ 135.112992636363629, 60.396901545454547 ], [ 135.14648163636366, 60.448984545454543 ], [ 135.131586636363636, 60.486190545454541 ], [ 135.001392636363619, 60.568027545454548 ], [ 134.930706636363652, 60.594073545454542 ], [ 134.912112636363645, 60.623836545454544 ], [ 134.919537636363657, 60.701965545454549 ], [ 134.941866636363613, 60.728002545454551 ], [ 135.101832636363667, 60.761482545454548 ], [ 135.116718636363657, 60.80984854545455 ], [ 135.153915636363649, 60.832168545454543 ], [ 135.261807636363642, 60.850771545454542 ], [ 135.306447636363657, 60.865657545454546 ], [ 135.33621063636366, 60.887968545454548 ], [ 135.358539636363616, 60.973540545454547 ], [ 135.432933636363657, 61.036783545454547 ], [ 135.52593963636366, 61.137223545454539 ], [ 135.533337636363626, 61.159939545454542 ], [ 135.504393636363659, 61.209088545454541 ], [ 135.496851636363658, 61.218178545454542 ], [ 135.464892636363629, 61.234153545454539 ], [ 135.455226636363648, 61.24049854545455 ], [ 135.448206636363636, 61.249921545454548 ], [ 135.43808163636362, 61.271845545454546 ], [ 135.434616636363614, 61.283176545454545 ], [ 135.434220636363648, 61.29537154545455 ], [ 135.439368636363668, 61.305451545454538 ], [ 135.493161636363652, 61.330831545454551 ], [ 135.512466636363627, 61.345168545454548 ], [ 135.519225636363615, 61.354483545454549 ], [ 135.52228563636362, 61.366534545454549 ], [ 135.520809636363651, 61.377730545454547 ], [ 135.512439636363638, 61.386586545454541 ], [ 135.502638636363656, 61.393597545454547 ], [ 135.492126636363651, 61.399249545454545 ], [ 135.469527636363637, 61.406179545454542 ], [ 135.434157636363636, 61.408717545454543 ], [ 135.386781636363651, 61.404469545454539 ], [ 135.375180636363666, 61.404838545454545 ], [ 135.363444636363624, 61.407421545454547 ], [ 135.352221636363652, 61.412110545454546 ], [ 135.342636636363636, 61.418545545454542 ], [ 135.337533636363617, 61.429813545454543 ], [ 135.354705636363633, 61.48748554545454 ], [ 135.359439636363618, 61.497790545454542 ], [ 135.366882636363641, 61.505539545454546 ], [ 135.377943636363625, 61.509949545454539 ], [ 135.481965636363611, 61.537138545454546 ], [ 135.504303636363659, 61.545436545454542 ], [ 135.524760636363624, 61.55711854545455 ], [ 135.532671636363659, 61.566037545454542 ], [ 135.537855636363645, 61.576720545454542 ], [ 135.539763636363659, 61.588528545454544 ], [ 135.538728636363658, 61.600183545454549 ], [ 135.528333636363641, 61.621918545454541 ], [ 135.519468636363627, 61.629235545454542 ], [ 135.508011636363619, 61.632943545454545 ], [ 135.496203636363646, 61.63342954545454 ], [ 135.378951636363638, 61.617427545454539 ], [ 135.355272636363622, 61.617076545454545 ], [ 135.332124636363631, 61.62204454545455 ], [ 135.320910636363635, 61.626355545454551 ], [ 135.200814636363646, 61.713268545454547 ], [ 135.191877636363643, 61.721377545454551 ], [ 135.185271636363666, 61.73098054545455 ], [ 135.181590636363637, 61.742851545454549 ], [ 135.183111636363662, 61.753777545454547 ], [ 135.191571636363619, 61.762831545454539 ], [ 135.211821636363652, 61.774963545454547 ], [ 135.233961636363631, 61.783459545454541 ], [ 135.256929636363623, 61.788886545454538 ], [ 135.280563636363638, 61.791073545454545 ], [ 135.304197636363654, 61.791154545454539 ], [ 135.434265636363648, 61.786159545454545 ], [ 135.457926636363652, 61.787743545454539 ], [ 135.469455636363648, 61.79005654545454 ], [ 135.501873636363655, 61.804600545454541 ], [ 135.531933636363647, 61.823716545454552 ], [ 135.539448636363659, 61.832545545454543 ], [ 135.540330636363649, 61.843516545454541 ], [ 135.515067636363653, 61.869634545454538 ], [ 135.509802636363645, 61.879732545454551 ], [ 135.508524636363632, 61.891801545454548 ], [ 135.510279636363634, 61.903366545454539 ], [ 135.522123636363631, 61.924084545454541 ], [ 135.52960263636362, 61.932994545454541 ], [ 135.567600636363636, 61.961362545454541 ], [ 135.587571636363634, 61.974124545454551 ], [ 135.609054636363624, 61.983853545454544 ], [ 135.708324636363614, 62.022409545454543 ], [ 135.749634636363623, 62.046070545454548 ], [ 135.754944636363632, 62.056321545454544 ], [ 135.75341463636363, 62.068246545454549 ], [ 135.746466636363664, 62.07742654545455 ], [ 135.72382263636365, 62.085103545454551 ], [ 135.700521636363646, 62.088982545454549 ], [ 135.68894763636365, 62.092564545454543 ], [ 135.677886636363667, 62.097145545454545 ], [ 135.669750636363631, 62.104624545454548 ], [ 135.647511636363618, 62.160532545454551 ], [ 135.647898636363664, 62.171305545454551 ], [ 135.65520663636363, 62.181241545454547 ], [ 135.664701636363645, 62.188126545454544 ], [ 135.696993636363629, 62.203210545454546 ], [ 135.756177636363645, 62.205073545454546 ], [ 135.779433636363649, 62.208376545454549 ], [ 135.834018636363624, 62.231470545454549 ], [ 135.843567636363616, 62.23834654545454 ], [ 135.86000163636362, 62.255401545454539 ], [ 135.873447636363665, 62.27544454545454 ], [ 135.874599636363655, 62.287126545454548 ], [ 135.868407636363656, 62.296756545454549 ], [ 135.82824063636366, 62.349154545454546 ], [ 135.818376636363666, 62.35504054545455 ], [ 135.773376636363651, 62.371906545454543 ], [ 135.714912636363636, 62.380375545454548 ], [ 135.703509636363663, 62.383606545454548 ], [ 135.68172063636365, 62.392957545454543 ], [ 135.672117636363623, 62.399905545454551 ], [ 135.664494636363656, 62.40893254545454 ], [ 135.644568636363658, 62.45170054545455 ], [ 135.605373636363652, 62.537416545454541 ], [ 135.545991636363624, 62.648395545454541 ], [ 135.537756636363667, 62.65681054545454 ], [ 135.526920636363627, 62.661886545454543 ], [ 135.504177636363636, 62.66863654545454 ], [ 135.480822636363655, 62.671930545454551 ], [ 135.409911636363631, 62.676331545454552 ], [ 135.374451636363631, 62.675530545454542 ], [ 135.362895636363646, 62.672893545454549 ], [ 135.332025636363653, 62.655307545454541 ], [ 135.322782636363627, 62.648089545454546 ], [ 135.298203636363667, 62.62228654545455 ], [ 135.288141636363662, 62.616274545454552 ], [ 135.255192636363631, 62.60291854545455 ], [ 135.220839636363621, 62.59338754545454 ], [ 135.209202636363614, 62.593000545454551 ], [ 135.186243636363656, 62.59959754545455 ], [ 135.175803636363639, 62.605276545454551 ], [ 135.073986636363657, 62.635588545454546 ], [ 135.05024463636363, 62.634940545454548 ], [ 134.898756636363657, 62.635912545454552 ], [ 134.829366636363659, 62.650492545454547 ], [ 134.783889636363654, 62.663569545454543 ], [ 134.584719636363616, 62.727595545454541 ], [ 134.574828636363634, 62.733562545454539 ], [ 134.566314636363643, 62.742301545454545 ], [ 134.553633636363656, 62.762308545454552 ], [ 134.545452636363621, 62.770642545454542 ], [ 134.524446636363621, 62.781847545454546 ], [ 134.469951636363646, 62.80523854545455 ], [ 134.458818636363617, 62.808487545454547 ], [ 134.411523636363654, 62.803267545454538 ], [ 134.399823636363635, 62.802628545454546 ], [ 134.388222636363651, 62.804050545454551 ], [ 134.308518636363658, 62.825740545454543 ], [ 134.285307636363655, 62.832085545454539 ], [ 134.179521636363631, 62.872369545454539 ], [ 134.168946636363614, 62.877364545454547 ], [ 134.163240636363639, 62.887957545454547 ], [ 134.164464636363618, 62.899468545454546 ], [ 134.205063636363661, 62.94288454545454 ], [ 134.209653636363612, 62.953954545454543 ], [ 134.209068636363611, 62.965735545454542 ], [ 134.19777363636365, 62.96974954545454 ], [ 134.139264636363635, 62.979730545454551 ], [ 134.127537636363627, 62.980567545454541 ], [ 134.068434636363634, 62.977516545454542 ], [ 134.032677636363644, 62.979307545454539 ], [ 134.009556636363641, 62.98296154545455 ], [ 133.999890636363659, 62.989549545454544 ], [ 133.934235636363667, 63.03972454545454 ], [ 133.933200636363665, 63.051622545454542 ], [ 133.938708636363629, 63.062152545454545 ], [ 133.94744763636362, 63.070270545454541 ], [ 133.986750636363638, 63.097819545454549 ], [ 133.993680636363649, 63.106747545454546 ], [ 133.993617636363638, 63.118321545454542 ], [ 133.985733636363648, 63.141847545454546 ], [ 133.978074636363658, 63.149893545454539 ], [ 133.954998636363655, 63.155716545454545 ], [ 133.907928636363636, 63.160621545454539 ], [ 133.860624636363639, 63.161242545454549 ], [ 133.754244636363637, 63.156814545454544 ], [ 133.707003636363652, 63.152854545454538 ], [ 133.68412563636366, 63.147472545454541 ], [ 133.640295636363646, 63.12933754545454 ], [ 133.598004636363612, 63.108124545454551 ], [ 133.568097636363632, 63.088720545454542 ], [ 133.557693636363638, 63.083392545454551 ], [ 133.546371636363631, 63.080395545454543 ], [ 133.406916636363633, 63.053647545454545 ], [ 133.359891636363614, 63.047869545454539 ], [ 133.324512636363636, 63.049282545454538 ], [ 133.278423636363641, 63.06064054545454 ], [ 133.234053636363626, 63.076786545454546 ], [ 133.130922636363664, 63.13447654545454 ], [ 133.12232763636365, 63.141325545454542 ], [ 133.120095636363658, 63.153727545454551 ], [ 133.125675636363667, 63.164374545454542 ], [ 133.215405636363641, 63.221758545454541 ], [ 133.234296636363638, 63.236095545454539 ], [ 133.240983636363637, 63.24630154545455 ], [ 133.237563636363632, 63.256921545454539 ], [ 133.221705636363652, 63.274894545454551 ], [ 133.207566636363651, 63.294298545454545 ], [ 133.204749636363658, 63.304882545454539 ], [ 133.210149636363667, 63.315952545454543 ], [ 133.235520636363617, 63.340999545454544 ], [ 133.24296363636364, 63.350476545454548 ], [ 133.247436636363659, 63.36087154545455 ], [ 133.244241636363654, 63.371860545454545 ], [ 133.232973636363624, 63.376927545454542 ], [ 133.221210636363651, 63.378655545454542 ], [ 133.043442636363636, 63.388042545454546 ], [ 132.972675636363647, 63.388483545454541 ], [ 132.925965636363628, 63.383920545454551 ], [ 132.810684636363646, 63.355786545454542 ], [ 132.680886636363653, 63.346300545454547 ], [ 132.528120636363667, 63.338371545454542 ], [ 132.468900636363628, 63.343447545454545 ], [ 132.433629636363662, 63.343906545454551 ], [ 132.422091636363632, 63.34220554545454 ], [ 132.25312563636362, 63.287197545454539 ], [ 132.229914636363617, 63.282382545454546 ], [ 132.194490636363639, 63.280888545454552 ], [ 132.147294636363654, 63.28405654545454 ], [ 132.019044636363617, 63.306277545454542 ], [ 131.868303636363635, 63.336724545454551 ], [ 131.811558636363657, 63.354319545454551 ], [ 131.78860863636362, 63.359215545454539 ], [ 131.753355636363665, 63.360790545454542 ], [ 131.670276636363667, 63.358810545454538 ], [ 131.634933636363655, 63.361564545454549 ], [ 131.600256636363667, 63.369448545454539 ], [ 131.545428636363624, 63.392209545454541 ], [ 131.522991636363656, 63.398950545454547 ], [ 131.511381636363637, 63.400768545454547 ], [ 131.404758636363624, 63.405043545454539 ], [ 131.333739636363646, 63.405196545454551 ], [ 131.310204636363665, 63.402946545454547 ], [ 131.28715563636365, 63.397258545454541 ], [ 131.266311636363639, 63.386368545454552 ], [ 131.185455636363656, 63.336949545454551 ], [ 131.15414463636364, 63.320173545454544 ], [ 131.121942636363656, 63.305170545454551 ], [ 131.088183636363624, 63.29412754545455 ], [ 131.053173636363624, 63.288925545454539 ], [ 130.899084636363625, 63.286432545454538 ], [ 130.851879636363662, 63.286549545454541 ], [ 130.828506636363613, 63.288457545454541 ], [ 130.805547636363656, 63.294496545454543 ], [ 130.772094636363647, 63.306808545454551 ], [ 130.707060636363622, 63.335491545454552 ], [ 130.684533636363653, 63.342835545454541 ], [ 130.672968636363635, 63.34486954545455 ], [ 130.649316636363665, 63.346336545454541 ], [ 130.601976636363645, 63.345940545454546 ], [ 130.389072636363665, 63.338245545454548 ], [ 130.329924636363614, 63.340216545454545 ], [ 130.295427636363627, 63.347353545454546 ], [ 130.171128636363619, 63.38688154545455 ], [ 130.148187636363616, 63.392578545454548 ], [ 130.089066636363611, 63.392731545454545 ], [ 130.04187963636366, 63.396592545454546 ], [ 130.006995636363627, 63.402892545454542 ], [ 129.90297363636364, 63.42597754545455 ], [ 129.855786636363632, 63.426193545454545 ], [ 129.749460636363665, 63.41857054545455 ], [ 129.714018636363619, 63.420370545454539 ], [ 129.667344636363623, 63.428128545454548 ], [ 129.62131863636364, 63.439396545454549 ], [ 129.508800636363617, 63.475864545454549 ], [ 129.45137163636366, 63.491533545454551 ], [ 129.428187636363646, 63.493171545454551 ], [ 129.416577636363627, 63.491659545454546 ], [ 129.379731636363658, 63.481399545454543 ] ] } },
{ "type": "Feature", "properties": { "NAME": "Amur", "SYSTEM": null, "MILES": 3199.18145, "KILOMETERS": 5148.59377 }, "geometry": { "type": "MultiLineString", "coordinates": [ [ [ 122.428014636363628, 49.932205545454543 ], [ 122.382186636363656, 49.93470754545455 ], [ 122.165799636363658, 49.772752545454544 ], [ 121.815519636363661, 49.640533545454538 ], [ 121.636914636363656, 49.641100545454542 ], [ 121.199694636363631, 49.459426545454541 ], [ 120.267195636363624, 49.189417545454539 ], [ 119.848587636363618, 49.28387254545455 ], [ 119.369427636363639, 49.256377545454548 ], [ 119.241906636363638, 49.193881545454538 ], [ 118.999689636363655, 49.184710545454543 ], [ 118.831092636363621, 49.237207545454545 ], [ 118.74329763636365, 49.20582454545454 ], [ 118.635801636363624, 49.218316545454549 ], [ 118.560786636363616, 49.388884545454538 ], [ 118.398858636363627, 49.445539545454544 ], [ 118.106079636363631, 49.281370545454543 ], [ 117.925242636363635, 49.393600545454539 ], [ 117.879909636363664, 49.499224545454545 ], [ 117.883392636363624, 49.524739545454544 ], [ 118.049424636363653, 49.604281545454548 ], [ 118.172211636363613, 49.668883545454541 ], [ 118.205961636363611, 49.690960545454551 ], [ 118.365810636363619, 49.778323545454548 ], [ 118.480668636363646, 49.841728545454551 ], [ 118.492332636363642, 49.86998854545454 ], [ 118.526379636363629, 49.896664545454549 ], [ 118.57457463636365, 49.922638545454539 ], [ 118.640823636363621, 49.948873545454539 ], [ 118.674699636363641, 49.955272545454541 ], [ 118.715892636363662, 49.949359545454548 ], [ 118.870818636363651, 49.972489545454543 ], [ 118.921506636363631, 49.986313545454543 ], [ 118.956237636363653, 49.982911545454549 ], [ 119.000265636363622, 49.976935545454545 ], [ 119.066793636363627, 49.983046545454549 ], [ 119.099634636363646, 49.990444545454544 ], [ 119.135814636363648, 49.994989545454551 ], [ 119.174145636363619, 50.001388545454539 ], [ 119.216580636363631, 50.017084545454544 ], [ 119.321025636363629, 50.096311545454547 ], [ 119.346477636363659, 50.150194545454546 ], [ 119.345946636363635, 50.193259545454545 ], [ 119.329008636363653, 50.21041354545455 ], [ 119.330052636363632, 50.275276545454538 ], [ 119.359986636363658, 50.330275545454548 ], [ 119.347962636363661, 50.346169545454551 ], [ 119.289984636363613, 50.347771545454542 ], [ 119.253120636363633, 50.34123754545454 ], [ 119.198319636363635, 50.345269545454549 ], [ 119.176656636363646, 50.352775545454541 ], [ 119.138595636363618, 50.390269545454551 ], [ 119.166450636363663, 50.41255354545455 ], [ 119.204151636363633, 50.410816545454544 ], [ 119.238036636363631, 50.44096654545455 ], [ 119.25554163636366, 50.470549545454539 ], [ 119.263317636363638, 50.514163545454544 ], [ 119.294142636363631, 50.597494545454545 ], [ 119.361102636363626, 50.633323545454552 ], [ 119.458797636363613, 50.69623354545454 ], [ 119.506029636363621, 50.74901854545454 ], [ 119.51666763636365, 50.793613545454541 ], [ 119.519439636363643, 50.846380545454544 ], [ 119.520816636363634, 50.902351545454543 ], [ 119.589711636363631, 50.972767545454538 ], [ 119.643873636363651, 50.997913545454544 ], [ 119.664996636363639, 51.003655545454542 ], [ 119.688765636363655, 51.018433545454549 ], [ 119.709987636363621, 51.036667545454542 ], [ 119.74788663636366, 51.076528545454543 ], [ 119.780259636363667, 51.16873354545455 ], [ 119.766246636363633, 51.188596545454551 ], [ 119.776092636363614, 51.213607545454543 ], [ 119.815467636363621, 51.269155545454545 ], [ 119.864319636363632, 51.287182545454549 ], [ 119.956641636363656, 51.389989545454547 ], [ 119.971365636363657, 51.42361354545455 ], [ 119.975190636363664, 51.466723545454549 ], [ 119.983047636363665, 51.493048545454549 ], [ 120.06414663636366, 51.620830545454545 ], [ 120.107697636363639, 51.66421954545455 ], [ 120.161580636363624, 51.666658545454546 ], [ 120.197202636363613, 51.686098545454549 ], [ 120.222222636363654, 51.712486545454546 ], [ 120.31025163636366, 51.773047545454538 ], [ 120.491646636363612, 51.878599545454541 ], [ 120.557481636363661, 51.895276545454543 ], [ 120.621372636363617, 51.903601545454542 ], [ 120.652026636363644, 51.91434754545454 ], [ 120.710967636363648, 51.979993545454541 ], [ 120.776658636363663, 52.115002545454551 ], [ 120.781788636363615, 52.157626545454541 ], [ 120.751665636363612, 52.210546545454541 ], [ 120.72192063636362, 52.251667545454545 ], [ 120.652548636363633, 52.298674545454539 ], [ 120.625908636363647, 52.344223545454547 ], [ 120.66373563636364, 52.405270545454549 ], [ 120.683310636363615, 52.428463545454541 ], [ 120.712173636363616, 52.542664545454549 ], [ 120.464997636363648, 52.63081954545455 ], [ 120.44026563636362, 52.637218545454552 ], [ 120.28942563636366, 52.615546545454542 ], [ 120.254433636363615, 52.605133545454542 ], [ 120.210540636363646, 52.586377545454546 ], [ 120.185583636363617, 52.579816545454541 ], [ 120.161904636363658, 52.57887154545454 ], [ 120.081930636363666, 52.588042545454549 ], [ 120.040602636363644, 52.606825545454548 ], [ 120.025743636363643, 52.641475545454547 ], [ 120.031440636363641, 52.768186545454547 ], [ 120.116832636363654, 52.806850545454544 ], [ 120.148863636363615, 52.807210545454545 ], [ 120.168735636363635, 52.809721545454543 ], [ 120.268734636363661, 52.857079545454546 ], [ 120.330555636363613, 52.897768545454547 ], [ 120.350688636363657, 52.925281545454546 ], [ 120.469452636363656, 53.02006954545454 ], [ 120.563331636363614, 53.077219545454547 ], [ 120.69386763636362, 53.159155545454546 ], [ 120.83069463636366, 53.26374454545455 ], [ 120.866505636363627, 53.279782545454545 ], [ 121.066089636363643, 53.291383545454543 ], [ 121.107129636363652, 53.27854054545454 ], [ 121.129962636363643, 53.272492545454547 ], [ 121.180542636363612, 53.26999054545454 ], [ 121.211934636363651, 53.271520545454543 ], [ 121.271928636363612, 53.291113545454543 ], [ 121.313454636363645, 53.312074545454543 ], [ 121.333596636363666, 53.319166545454543 ], [ 121.41429063636366, 53.315701545454552 ], [ 121.424145636363619, 53.316106545454538 ], [ 121.47378963636362, 53.323819545454548 ], [ 121.523037636363654, 53.33305354545454 ], [ 121.552755636363656, 53.339992545454542 ], [ 121.581933636363658, 53.347768545454549 ], [ 121.636104636363655, 53.366101545454548 ], [ 121.777485636363622, 53.401102545454542 ], [ 121.829991636363616, 53.413045545454544 ], [ 121.855551636363657, 53.415826545454543 ], [ 121.953453636363633, 53.422216545454539 ], [ 121.983045636363613, 53.421100545454543 ], [ 122.026092636363614, 53.413972545454548 ], [ 122.061435636363626, 53.412910545454544 ], [ 122.246088636363652, 53.456938545454541 ], [ 122.481654636363658, 53.448874545454551 ], [ 122.612766636363631, 53.456650545454544 ], [ 122.716374636363639, 53.455552545454545 ], [ 122.765685636363628, 53.452357545454539 ], [ 122.814843636363662, 53.449720545454547 ], [ 122.840817636363624, 53.452222545454539 ], [ 122.876664636363614, 53.461933545454549 ], [ 122.923599636363633, 53.478601545454545 ], [ 123.119835636363632, 53.497069545454544 ], [ 123.153315636363629, 53.500543545454541 ], [ 123.175266636363631, 53.510272545454548 ], [ 123.193860636363638, 53.522764545454542 ], [ 123.225810636363633, 53.54610154545454 ], [ 123.254709636363657, 53.553742545454547 ], [ 123.283050636363612, 53.553598545454541 ], [ 123.314415636363663, 53.549440545454551 ], [ 123.339156636363612, 53.542771545454549 ], [ 123.374562636363635, 53.529163545454544 ], [ 123.442746636363665, 53.522494545454542 ], [ 123.487197636363646, 53.539432545454538 ], [ 123.535266636363644, 53.542222545454543 ], [ 123.614709636363614, 53.543608545454539 ], [ 123.866385636363646, 53.48054554545454 ], [ 123.889974636363661, 53.473048545454539 ], [ 123.910809636363638, 53.464714545454548 ], [ 123.981459636363638, 53.431261545454539 ], [ 124.00512963636362, 53.408464545454542 ], [ 124.021788636363624, 53.385829545454548 ], [ 124.104426636363655, 53.340829545454547 ], [ 124.133181636363645, 53.336239545454539 ], [ 124.15998363636362, 53.34972154545455 ], [ 124.19442663636363, 53.360827545454548 ], [ 124.229427636363653, 53.363050545454549 ], [ 124.269009636363648, 53.346796545454545 ], [ 124.296774636363637, 53.320003545454547 ], [ 124.322208636363655, 53.287918545454538 ], [ 124.338867636363659, 53.255554545454551 ], [ 124.402209636363636, 53.212210545454546 ], [ 124.493307636363625, 53.188324545454542 ], [ 124.51526763636366, 53.18888254545454 ], [ 124.545822636363653, 53.190412545454542 ], [ 124.614438636363616, 53.191654545454547 ], [ 124.643868636363663, 53.187766545454544 ], [ 124.69178463636365, 53.170549545454541 ], [ 124.818324636363627, 53.12693554545455 ], [ 124.879011636363657, 53.146726545454548 ], [ 124.919007636363631, 53.171935545454538 ], [ 124.963611636363623, 53.18277154545455 ], [ 124.988307636363629, 53.186650545454548 ], [ 125.061918636363657, 53.195542545454551 ], [ 125.134161636363615, 53.197486545454545 ], [ 125.164986636363665, 53.193049545454549 ], [ 125.281095636363659, 53.14971454545455 ], [ 125.356092636363655, 53.118331545454545 ], [ 125.398608636363633, 53.101663545454549 ], [ 125.485530636363649, 53.069164545454548 ], [ 125.568330636363612, 53.056933545454548 ], [ 125.620044636363616, 53.050273545454552 ], [ 125.727477636363631, 52.981522545454546 ], [ 125.722275636363634, 52.945684545454547 ], [ 125.688300636363635, 52.932076545454542 ], [ 125.660265636363647, 52.923598545454546 ], [ 125.644992636363611, 52.897561545454543 ], [ 125.65734963636362, 52.87519654545455 ], [ 125.722491636363657, 52.88471854545454 ], [ 125.744424636363647, 52.88999254545454 ], [ 125.855745636363622, 52.862839545454541 ], [ 125.87580663636362, 52.836109545454541 ], [ 125.972889636363618, 52.763956545454541 ], [ 126.010950636363646, 52.777969545454546 ], [ 126.064842636363664, 52.781587545454549 ], [ 126.096792636363659, 52.757215545454549 ], [ 126.037203636363643, 52.716103545454551 ], [ 125.972970636363641, 52.637488545454538 ], [ 125.976642636363636, 52.61083054545454 ], [ 125.994282636363664, 52.576099545454547 ], [ 126.033198636363636, 52.564309545454542 ], [ 126.060396636363635, 52.58055454545454 ], [ 126.086865636363655, 52.589158545454545 ], [ 126.179979636363612, 52.544023545454543 ], [ 126.201777636363659, 52.527769545454539 ], [ 126.213189636363666, 52.510003545454545 ], [ 126.209427636363614, 52.501390545454548 ], [ 126.196350636363661, 52.476442545454539 ], [ 126.209022636363613, 52.460692545454542 ], [ 126.238803636363627, 52.463392545454546 ], [ 126.275676636363642, 52.453465545454542 ], [ 126.333879636363633, 52.395829545454539 ], [ 126.347271636363644, 52.369153545454544 ], [ 126.348603636363634, 52.291663545454547 ], [ 126.327759636363623, 52.234711545454552 ], [ 126.307482636363659, 52.212553545454547 ], [ 126.318885636363632, 52.192222545454548 ], [ 126.351924636363663, 52.183042545454548 ], [ 126.391371636363658, 52.176382545454551 ], [ 126.469842636363637, 52.165690545454545 ], [ 126.490533636363637, 52.159714545454541 ], [ 126.554982636363661, 52.126936545454548 ], [ 126.53457063636364, 52.069444545454552 ], [ 126.509424636363633, 52.037350545454551 ], [ 126.47679063636366, 52.034029545454551 ], [ 126.454560636363624, 52.020691545454547 ], [ 126.441231636363625, 51.994366545454547 ], [ 126.471102636363639, 51.929989545454539 ], [ 126.609153636363658, 51.787222545454547 ], [ 126.718377636363641, 51.71009254545455 ], [ 126.726369636363643, 51.634087545454541 ], [ 126.79442763636365, 51.42311854545455 ], [ 126.868875636363612, 51.405262545454541 ], [ 126.893598636363663, 51.39861154545455 ], [ 126.913884636363662, 51.381385545454542 ], [ 126.890385636363646, 51.35034454545454 ], [ 126.855807636363636, 51.344035545454538 ], [ 126.819843636363657, 51.327358545454551 ], [ 126.807333636363637, 51.304570545454546 ], [ 126.817620636363642, 51.265555545454539 ], [ 126.85110063636364, 51.241246545454551 ], [ 126.893526636363617, 51.241174545454548 ], [ 126.900267636363651, 51.260614545454551 ], [ 126.893769636363629, 51.303157545454546 ], [ 126.937392636363654, 51.314047545454549 ], [ 126.968874636363637, 51.319231545454549 ], [ 126.975192636363658, 51.299719545454543 ], [ 126.932064636363634, 51.242218545454541 ], [ 126.906099636363649, 51.210691545454544 ], [ 126.898746636363626, 51.181099545454551 ], [ 126.912489636363659, 51.125263545454551 ], [ 126.933099636363636, 51.058258545454542 ], [ 127.046112636363659, 50.955352545454538 ], [ 127.106088636363666, 50.929432545454539 ], [ 127.133178636363652, 50.909569545454538 ], [ 127.150548636363624, 50.888464545454546 ], [ 127.193037636363613, 50.82471754545454 ], [ 127.291929636363648, 50.741377545454547 ], [ 127.279212636363638, 50.684713545454549 ], [ 127.309776636363665, 50.648182545454539 ], [ 127.358583636363619, 50.595865545454551 ], [ 127.366917636363667, 50.576110545454547 ], [ 127.361778636363624, 50.551243545454547 ], [ 127.333176636363646, 50.524576545454543 ], [ 127.290885636363612, 50.459227545454546 ], [ 127.334022636363613, 50.314714545454542 ], [ 127.351653636363665, 50.299432545454543 ], [ 127.375539636363612, 50.286796545454543 ], [ 127.396095636363611, 50.278327545454538 ], [ 127.434417636363662, 50.265826545454551 ], [ 127.46900463636365, 50.257222545454546 ], [ 127.543317636363611, 50.231095545454544 ], [ 127.57554663636364, 50.216101545454542 ], [ 127.586067636363623, 50.208559545454541 ], [ 127.587309636363614, 50.197606545454541 ], [ 127.585527636363622, 50.167708545454538 ], [ 127.57443963636365, 50.136937545454551 ], [ 127.550328636363645, 50.108182545454547 ], [ 127.50317763636366, 50.06721454545454 ], [ 127.489551636363615, 50.04541654545455 ], [ 127.485942636363632, 50.018884545454547 ], [ 127.506246636363642, 49.827490545454545 ], [ 127.515012636363622, 49.805881545454547 ], [ 127.535676636363632, 49.78582954545454 ], [ 127.563603636363666, 49.777351545454543 ], [ 127.591665636363643, 49.77249154545455 ], [ 127.628304636363623, 49.76500354545454 ], [ 127.671783636363614, 49.746040545454541 ], [ 127.678452636363659, 49.708177545454539 ], [ 127.688793636363641, 49.670413545454544 ], [ 127.713048636363624, 49.653601545454542 ], [ 127.818321636363635, 49.592626545454543 ], [ 127.838049636363621, 49.586650545454539 ], [ 128.102757636363663, 49.536664545454549 ], [ 128.186763636363651, 49.534162545454542 ], [ 128.214420636363627, 49.536943545454541 ], [ 128.244984636363654, 49.548328545454545 ], [ 128.397750636363639, 49.577074545454543 ], [ 128.513445636363656, 49.587487545454543 ], [ 128.653044636363632, 49.592221545454542 ], [ 128.711922636363624, 49.584436545454544 ], [ 128.79025863636366, 49.568191545454546 ], [ 128.803317636363658, 49.546933545454543 ], [ 128.875245636363616, 49.477759545454539 ], [ 129.002442636363639, 49.435963545454548 ], [ 129.024105636363629, 49.415272545454549 ], [ 129.039261636363619, 49.38514054545454 ], [ 129.05231163636364, 49.363963545454546 ], [ 129.076872636363646, 49.35279454545455 ], [ 129.111783636363612, 49.346755545454549 ], [ 129.136353636363651, 49.35238954545455 ], [ 129.165504636363664, 49.375924545454545 ], [ 129.184710636363661, 49.387516545454538 ], [ 129.390495636363653, 49.427863545454549 ], [ 129.421203636363657, 49.431346545454538 ], [ 129.490197636363632, 49.415803545454544 ], [ 129.511536636363644, 49.404580545454543 ], [ 129.523461636363663, 49.391233545454547 ], [ 129.530715636363652, 49.313860545454538 ], [ 129.552441636363653, 49.287760545454539 ], [ 129.579936636363641, 49.273603545454542 ], [ 129.605208636363614, 49.268329545454542 ], [ 129.653565636363624, 49.27736554545455 ], [ 129.686037636363665, 49.278895545454539 ], [ 129.725538636363638, 49.262173545454552 ], [ 129.736599636363621, 49.227658545454538 ], [ 129.73208163636366, 49.202305545454543 ], [ 129.746319636363637, 49.181551545454546 ], [ 129.773562636363636, 49.170166545454542 ], [ 129.912702636363633, 49.071715545454545 ], [ 129.907635636363636, 49.041727545454542 ], [ 130.110495636363623, 48.932206545454541 ], [ 130.200675636363655, 48.878737545454548 ], [ 130.22460663636366, 48.864643545454548 ], [ 130.264278636363656, 48.86026954545455 ], [ 130.352172636363662, 48.884992545454544 ], [ 130.380243636363616, 48.89138254545454 ], [ 130.418025636363666, 48.896098545454542 ], [ 130.451487636363652, 48.892354545454545 ], [ 130.472457636363629, 48.878323545454542 ], [ 130.484679636363637, 48.860971545454539 ], [ 130.509015636363642, 48.851521545454538 ], [ 130.538031636363655, 48.851665545454544 ], [ 130.564275636363618, 48.856381545454546 ], [ 130.627680636363664, 48.874642545454542 ], [ 130.642818636363643, 48.875407545454543 ], [ 130.674003636363636, 48.860413545454541 ], [ 130.670538636363631, 48.839713545454551 ], [ 130.633854636363651, 48.81054454545454 ], [ 130.577181636363662, 48.713326545454542 ], [ 130.528869636363652, 48.626098545454546 ], [ 130.523586636363632, 48.605758545454542 ], [ 130.609410636363634, 48.519988545454545 ], [ 130.737453636363625, 48.429439545454549 ], [ 130.823988636363651, 48.326803545454545 ], [ 130.831503636363664, 48.293890545454538 ], [ 130.753869636363618, 48.192487545454547 ], [ 130.678368636363643, 48.138955545454543 ], [ 130.659837636363648, 48.108391545454545 ], [ 130.679565636363634, 48.04763254545454 ], [ 130.758027636363636, 47.988043545454538 ], [ 130.798032636363644, 47.965003545454543 ], [ 130.853850636363632, 47.93110954545454 ], [ 130.883730636363623, 47.906233545454548 ], [ 130.913295636363614, 47.865274545454547 ], [ 130.929963636363652, 47.838598545454538 ], [ 130.939836636363623, 47.817493545454546 ], [ 130.946073636363622, 47.797774545454551 ], [ 130.935102636363638, 47.740831545454547 ], [ 130.939971636363623, 47.720266545454542 ], [ 130.954677636363613, 47.706100545454539 ], [ 130.992171636363651, 47.687209545454543 ], [ 131.030808636363645, 47.677489545454542 ], [ 131.08593363636362, 47.672179545454547 ], [ 131.15969763636366, 47.693041545454541 ], [ 131.197209636363652, 47.706379545454546 ], [ 131.224677636363651, 47.718043545454542 ], [ 131.268192636363665, 47.73026554545455 ], [ 131.416656636363655, 47.738599545454541 ], [ 131.446365636363623, 47.737771545454542 ], [ 131.48675763636362, 47.731939545454544 ], [ 131.534970636363653, 47.719231545454541 ], [ 131.547057636363661, 47.697487545454543 ], [ 131.618004636363651, 47.663881545454551 ], [ 131.815248636363663, 47.674708545454543 ], [ 131.914977636363631, 47.669992545454541 ], [ 132.121608636363646, 47.692762545454549 ], [ 132.21079863636362, 47.71346254545454 ], [ 132.255249636363658, 47.728042545454549 ], [ 132.289701636363645, 47.736385545454546 ], [ 132.341064636363626, 47.742487545454544 ], [ 132.365238636363642, 47.742073545454538 ], [ 132.389259636363647, 47.73624154545454 ], [ 132.418302636363649, 47.725261545454551 ], [ 132.466371636363647, 47.716936545454551 ], [ 132.521091636363622, 47.710276545454541 ], [ 132.542484636363668, 47.713885545454538 ], [ 132.577881636363657, 47.733253545454538 ], [ 132.662067636363645, 47.871934545454543 ], [ 132.863865636363641, 47.994433545454548 ], [ 133.08273663636362, 48.098878545454546 ], [ 133.194120636363664, 48.109435545454538 ], [ 133.272222636363665, 48.104161545454538 ], [ 133.428723636363657, 48.085405545454542 ], [ 133.449261636363644, 48.074299545454544 ], [ 133.484271636363644, 48.068881545454538 ], [ 133.51517763636366, 48.075901545454549 ], [ 133.540800636363656, 48.098869545454541 ], [ 133.555821636363646, 48.120829545454548 ], [ 133.573722636363641, 48.151798545454547 ], [ 133.596348636363643, 48.17402854545454 ], [ 133.751373636363667, 48.249718545454549 ], [ 133.884699636363621, 48.264163545454544 ], [ 134.010951636363643, 48.305689545454548 ], [ 134.039274636363643, 48.323050545454542 ], [ 134.066373636363664, 48.329440545454538 ], [ 134.206908636363664, 48.342490545454545 ], [ 134.415555636363649, 48.390964545454544 ], [ 134.415744636363627, 48.391126545454547 ], [ 134.447208636363655, 48.401098545454538 ], [ 134.49246063636366, 48.410818545454539 ], [ 134.546937636363623, 48.414706545454543 ], [ 134.646090636363624, 48.405544545454539 ], [ 134.686644636363667, 48.395545545454546 ], [ 134.715237636363668, 48.380542545454539 ], [ 134.73495663636362, 48.374989545454547 ], [ 134.776644636363642, 48.370543545454545 ], [ 134.790531636363653, 48.37165054545455 ], [ 134.826081636363654, 48.388597545454552 ], [ 134.840787636363643, 48.40165654545455 ], [ 134.876616636363622, 48.419152545454544 ], [ 134.906190636363647, 48.42793654545455 ], [ 134.996739636363657, 48.42793654545455 ], [ 135.025026636363634, 48.433246545454544 ], [ 135.042693636363651, 48.45621454545455 ], [ 135.003822636363623, 48.535738545454542 ], [ 135.002049636363665, 48.565771545454545 ], [ 135.01439763636364, 48.602878545454551 ], [ 135.042693636363651, 48.631156545454552 ], [ 135.231756636363627, 48.724819545454544 ], [ 135.274173636363628, 48.738958545454544 ], [ 135.316554636363662, 48.742477545454541 ], [ 135.35898063636364, 48.738958545454544 ], [ 135.408480636363663, 48.738958545454544 ], [ 135.466800636363644, 48.747778545454544 ], [ 135.510954636363635, 48.765454545454539 ], [ 135.542778636363664, 48.767227545454539 ], [ 135.586941636363633, 48.76015354545455 ], [ 135.652308636363614, 48.74601454545455 ], [ 135.698271636363643, 48.740722545454538 ], [ 135.745998636363652, 48.754852545454547 ], [ 135.919158636363647, 48.841432545454545 ], [ 135.966894636363634, 48.882094545454542 ], [ 135.973932636363656, 48.910363545454551 ], [ 136.002201636363623, 48.935095545454551 ], [ 136.03933563636366, 48.949234545454551 ], [ 136.118832636363663, 48.961609545454543 ], [ 136.150638636363624, 48.961609545454543 ], [ 136.177152636363644, 48.973975545454543 ], [ 136.26549663636365, 49.030522545454538 ], [ 136.283172636363645, 49.042879545454547 ], [ 136.291992636363659, 49.053499545454549 ], [ 136.302648636363642, 49.118884545454542 ], [ 136.295565636363619, 49.134769545454539 ], [ 136.276125636363645, 49.155991545454548 ], [ 136.263732636363613, 49.177186545454539 ], [ 136.263732636363613, 49.198390545454551 ], [ 136.274352636363631, 49.221367545454548 ], [ 136.304385636363634, 49.237261545454551 ], [ 136.329135636363617, 49.256710545454546 ], [ 136.359186636363631, 49.28675254545454 ], [ 136.426326636363626, 49.366267545454541 ], [ 136.444002636363621, 49.405147545454547 ], [ 136.474026636363647, 49.431643545454541 ], [ 136.512879636363664, 49.456393545454539 ], [ 136.56942663636363, 49.463467545454542 ], [ 136.795650636363632, 49.544746545454551 ], [ 136.830966636363655, 49.558885545454551 ], [ 136.846887636363647, 49.57655254545454 ], [ 136.852197636363655, 49.59069154545454 ] ], [ [ 136.852197636363655, 49.59069154545454 ], [ 136.841577636363638, 49.721452545454547 ], [ 136.829229636363664, 49.737355545454541 ], [ 136.783266636363635, 49.778008545454547 ], [ 136.76559063636364, 49.80626854545455 ], [ 136.755006636363646, 49.848685545454551 ], [ 136.751937636363664, 49.868125545454539 ], [ 136.767363636363655, 49.891102545454551 ], [ 136.795650636363632, 49.944121545454543 ], [ 136.809780636363655, 50.007724545454543 ], [ 136.894587636363667, 50.145550545454547 ], [ 136.982976636363617, 50.191513545454548 ], [ 137.027130636363665, 50.216245545454548 ], [ 137.057163636363612, 50.240977545454548 ], [ 137.081904636363618, 50.274556545454551 ], [ 137.087214636363626, 50.327566545454538 ], [ 137.085414636363623, 50.350534545454543 ], [ 137.074830636363629, 50.403544545454544 ], [ 137.058927636363649, 50.45833654545455 ], [ 137.044797636363626, 50.48306854545455 ], [ 137.051844636363626, 50.506045545454548 ], [ 137.080140636363637, 50.530777545454548 ], [ 137.210910636363622, 50.633278545454552 ], [ 137.24978163636365, 50.65271854545454 ], [ 137.414130636363666, 50.66685754545454 ], [ 137.502474636363615, 50.672158545454543 ], [ 137.576688636363656, 50.66685754545454 ], [ 137.663295636363614, 50.66685754545454 ], [ 137.832945636363661, 50.711029545454544 ], [ 137.907159636363644, 50.74990954545455 ], [ 137.954859636363665, 50.787016545454541 ], [ 138.000786636363614, 50.827660545454542 ], [ 138.03613863636366, 50.848864545454539 ], [ 138.182802636363647, 50.931916545454548 ], [ 138.234075636363627, 50.954893545454546 ], [ 138.281775636363648, 50.972551545454543 ], [ 138.348933636363654, 51.006139545454538 ], [ 138.378939636363611, 51.027334545454544 ], [ 138.414309636363612, 51.069751545454544 ], [ 138.442560636363623, 51.087418545454547 ], [ 138.481449636363664, 51.09626554545455 ], [ 138.537987636363653, 51.099793545454538 ], [ 138.564519636363627, 51.103330545454547 ], [ 138.592770636363639, 51.122761545454544 ], [ 138.608673636363619, 51.152803545454539 ], [ 138.622803636363642, 51.17400754545455 ], [ 138.659946636363657, 51.193447545454539 ], [ 138.709410636363657, 51.211114545454542 ], [ 138.762420636363629, 51.227026545454542 ], [ 138.803073636363649, 51.228790545454551 ], [ 138.864930636363624, 51.242929545454551 ], [ 138.886107636363647, 51.25882354545454 ], [ 138.896727636363664, 51.278263545454543 ], [ 138.905547636363622, 51.322444545454552 ], [ 138.905547636363622, 51.336583545454538 ], [ 138.912630636363644, 51.361315545454538 ], [ 138.926751636363633, 51.377227545454538 ], [ 138.947964636363622, 51.386056545454544 ], [ 138.967404636363653, 51.389593545454538 ], [ 138.979761636363662, 51.389593545454538 ], [ 139.038081636363643, 51.378991545454546 ], [ 139.133517636363649, 51.347185545454543 ], [ 139.170624636363641, 51.347185545454543 ], [ 139.223634636363613, 51.356023545454541 ], [ 139.380918636363617, 51.396667545454541 ], [ 139.449831636363626, 51.43730254545455 ], [ 139.471035636363638, 51.465571545454544 ], [ 139.478118636363661, 51.486784545454547 ], [ 139.494021636363641, 51.513298545454539 ], [ 139.534665636363627, 51.534502545454551 ], [ 139.584138636363662, 51.543340545454548 ], [ 139.658352636363645, 51.539803545454539 ], [ 139.699005636363665, 51.543340545454548 ], [ 139.760835636363652, 51.555697545454542 ], [ 139.863345636363647, 51.582211545454548 ], [ 139.911045636363667, 51.598114545454543 ], [ 139.972875636363653, 51.636985545454543 ], [ 140.002926636363611, 51.661726545454549 ], [ 140.02237563636362, 51.686476545454546 ], [ 140.089506636363637, 51.74301454545455 ], [ 140.153109636363638, 51.780121545454541 ], [ 140.195526636363638, 51.799561545454544 ], [ 140.222049636363636, 51.820774545454547 ], [ 140.241480636363633, 51.841969545454539 ], [ 140.241480636363633, 51.861409545454542 ], [ 140.215002636363636, 51.907354545454545 ], [ 140.184933636363667, 51.956836545454543 ], [ 140.169039636363664, 51.97981354545454 ], [ 140.154873636363618, 51.986878545454552 ], [ 140.154873636363618, 52.001017545454538 ], [ 140.163729636363655, 52.018684545454541 ], [ 140.197326636363641, 52.059328545454541 ], [ 140.283870636363645, 52.11587554545455 ], [ 140.342190636363625, 52.147681545454539 ], [ 140.354583636363657, 52.163584545454547 ], [ 140.39523663636362, 52.232497545454542 ], [ 140.437617636363655, 52.313794545454549 ], [ 140.437617636363655, 52.349128545454541 ], [ 140.425260636363646, 52.410976545454538 ], [ 140.39166363636366, 52.462222545454544 ], [ 140.326287636363645, 52.547047545454539 ], [ 140.303319636363653, 52.575316545454548 ], [ 140.257383636363613, 52.58591854545454 ], [ 140.20968363636365, 52.589455545454548 ], [ 140.158446636363635, 52.598293545454545 ], [ 140.126622636363663, 52.610659545454546 ], [ 140.085960636363666, 52.674280545454543 ], [ 140.085960636363666, 52.688419545454543 ], [ 140.098326636363652, 52.704322545454538 ], [ 140.10363663636366, 52.723753545454549 ], [ 140.107182636363632, 52.748494545454541 ], [ 140.094816636363646, 52.760860545454541 ], [ 140.031150636363634, 52.813483545454538 ], [ 139.988769636363656, 52.834678545454544 ], [ 139.935759636363628, 52.855891545454547 ], [ 139.85091663636365, 52.880623545454547 ], [ 139.744896636363649, 52.919503545454539 ], [ 139.720155636363643, 52.930105545454545 ], [ 139.71307263636362, 52.947772545454548 ], [ 139.709562636363614, 52.972522545454545 ], [ 139.727238636363666, 53.00079154545454 ], [ 139.801452636363649, 53.050273545454552 ], [ 139.840332636363655, 53.113885545454544 ], [ 139.857999636363616, 53.163367545454541 ], [ 139.872129636363638, 53.188108545454547 ], [ 139.925139636363667, 53.209312545454544 ], [ 140.027649636363662, 53.216377545454542 ], [ 140.25381963636363, 53.219905545454544 ], [ 140.275023636363642, 53.219905545454544 ], [ 140.310366636363653, 53.212849545454539 ], [ 140.359839636363631, 53.19163654545455 ], [ 140.462349636363626, 53.117431545454544 ], [ 140.522397636363621, 53.099746545454543 ], [ 140.575434636363639, 53.089144545454538 ], [ 140.628444636363668, 53.089144545454538 ], [ 140.656740636363622, 53.092681545454546 ], [ 140.713332636363646, 53.115757545454549 ] ] ] } },
{ "type": "Feature", "properties": { "NAME": "Lena", "SYSTEM": "Lena", "MILES": 4252.99038, "KILOMETERS": 6844.53824 }, "geometry": { "type": "LineString", "coordinates": [ [ 107.901366636363662, 53.998027545454541 ], [ 108.147201636363661, 54.058318545454547 ], [ 108.176649636363663, 54.122479545454546 ], [ 108.072483636363643, 54.239983545454542 ], [ 107.725803636363651, 54.266920545454546 ], [ 107.585538636363651, 54.230533545454541 ], [ 107.478024636363614, 54.155257545454539 ], [ 107.460258636363619, 54.065536545454542 ], [ 107.182455636363613, 53.976094545454551 ], [ 107.157201636363652, 53.856934545454543 ], [ 107.009700636363618, 53.826937545454548 ], [ 106.947186636363654, 53.868580545454542 ], [ 106.088568636363618, 53.843317545454546 ], [ 105.921078636363632, 53.88248554545455 ], [ 105.853857636363614, 53.988307545454539 ], [ 105.605799636363656, 54.030535545454548 ], [ 105.34442163636362, 54.332764545454545 ], [ 105.164412636363636, 54.40970554545455 ], [ 105.223587636363618, 54.486097545454548 ], [ 105.23717763636364, 54.792205545454543 ], [ 105.065799636363636, 54.855817545454549 ], [ 105.051912636363625, 54.939418545454551 ], [ 105.112473636363632, 55.02414454545454 ], [ 105.078858636363634, 55.04360254545454 ], [ 105.131634636363628, 55.117492545454546 ], [ 105.394695636363622, 55.211371545454547 ], [ 105.513603636363655, 55.478320545454544 ], [ 105.873864636363635, 56.013307545454545 ], [ 105.832203636363658, 56.095819545454539 ], [ 105.655533636363657, 56.18358754545455 ], [ 105.714141636363649, 56.280265545454547 ], [ 105.916641636363636, 56.342203545454545 ], [ 106.107459636363615, 56.34637054545454 ], [ 106.261647636363648, 56.434156545454549 ], [ 106.299699636363641, 56.567491545454551 ], [ 106.274139636363657, 56.610547545454544 ], [ 106.011366636363618, 56.681935545454543 ], [ 105.720252636363625, 56.680261545454549 ], [ 105.643311636363649, 56.727484545454551 ], [ 105.710802636363667, 56.767201545454547 ], [ 106.044126636363615, 56.816656545454542 ], [ 106.318590636363638, 57.043591545454539 ], [ 106.596627636363621, 56.997484545454547 ], [ 106.833309636363651, 57.030262545454541 ], [ 106.919034636363619, 57.13822654545455 ], [ 106.910520636363628, 57.21720154545455 ], [ 107.008323636363627, 57.299713545454544 ], [ 107.173293636363667, 57.302764545454544 ], [ 107.237472636363634, 57.23998054545455 ], [ 107.432187636363665, 57.242212545454542 ], [ 107.483856636363612, 57.259150545454538 ], [ 107.485791636363615, 57.323599545454549 ], [ 107.579697636363619, 57.309712545454538 ], [ 107.559123636363665, 57.369697545454549 ], [ 107.928573636363637, 57.519439545454539 ], [ 107.894130636363627, 57.590818545454546 ], [ 107.760246636363661, 57.553873545454543 ], [ 107.739690636363662, 57.581656545454543 ], [ 107.81943063636362, 57.627763545454549 ], [ 108.020526636363627, 57.64444054545455 ], [ 107.99330163636364, 57.730264545454538 ], [ 108.085083636363663, 57.758461545454544 ], [ 108.305799636363645, 57.765544545454539 ], [ 108.475800636363658, 57.936931545454549 ], [ 108.574692636363636, 57.947767545454546 ], [ 108.609972636363636, 58.03471654545455 ], [ 109.088583636363637, 58.246936545454538 ], [ 109.189680636363619, 58.25608954545455 ], [ 109.324689636363644, 58.190533545454549 ], [ 109.454703636363661, 58.182487545454542 ], [ 109.75052463636365, 58.369426545454552 ], [ 109.808853636363665, 58.563871545454539 ], [ 110.908311636363635, 58.62832054545455 ], [ 110.946912636363663, 58.66998154545454 ], [ 110.871897636363656, 58.709707545454542 ], [ 110.943303636363623, 58.741666545454542 ], [ 111.204141636363659, 58.711651545454551 ], [ 111.222474636363643, 58.861924545454549 ], [ 111.515811636363651, 59.002765545454544 ], [ 111.646923636363624, 59.028316545454551 ], [ 111.90469263636362, 59.199991545454544 ], [ 112.03219563636361, 59.155819545454541 ], [ 112.353297636363664, 59.230546545454551 ], [ 112.467363636363643, 59.272009545454544 ], [ 112.485885636363662, 59.282593545454539 ], [ 112.538814636363611, 59.338159545454552 ], [ 112.565274636363654, 59.367274545454542 ], [ 112.578504636363618, 59.399026545454539 ], [ 112.59173463636364, 59.451955545454545 ], [ 112.597026636363637, 59.494282545454546 ], [ 112.612902636363629, 59.528689545454547 ], [ 112.642008636363641, 59.54191954545454 ], [ 112.708167636363612, 59.563087545454543 ], [ 112.742574636363656, 59.568370545454549 ], [ 112.808715636363615, 59.621299545454541 ], [ 112.827237636363634, 59.647750545454549 ], [ 112.85105163636365, 59.660989545454548 ], [ 112.877520636363613, 59.666281545454545 ], [ 112.911909636363646, 59.663644545454538 ], [ 113.036280636363642, 59.660989545454548 ], [ 113.120952636363654, 59.68745854545454 ], [ 113.213580636363645, 59.724502545454548 ], [ 113.29560663636363, 59.743024545454539 ], [ 113.364411636363627, 59.756254545454546 ], [ 113.396163636363667, 59.769484545454539 ], [ 113.605206636363619, 59.893855545454549 ], [ 113.64755163636363, 59.925607545454547 ], [ 113.758683636363628, 60.010279545454544 ], [ 113.893647636363653, 60.116128545454551 ], [ 113.920107636363639, 60.142588545454551 ], [ 113.975664636363661, 60.179632545454545 ], [ 114.028593636363667, 60.192871545454544 ], [ 114.151128636363637, 60.213049545454545 ], [ 114.213822636363659, 60.232561545454551 ], [ 114.245574636363642, 60.26166754545455 ], [ 114.28526463636365, 60.306658545454546 ], [ 114.335538636363651, 60.372808545454539 ], [ 114.377883636363663, 60.441613545454551 ], [ 114.412272636363639, 60.483949545454543 ], [ 114.459918636363625, 60.518347545454539 ], [ 114.54458163636366, 60.565984545454548 ], [ 114.610749636363664, 60.597736545454545 ], [ 114.671598636363626, 60.610966545454538 ], [ 114.727173636363659, 60.618895545454542 ], [ 114.777456636363638, 60.632125545454549 ], [ 114.907119636363632, 60.677116545454545 ], [ 114.965340636363635, 60.690346545454538 ], [ 115.063233636363634, 60.692992545454551 ], [ 115.203471636363645, 60.692992545454551 ], [ 115.319922636363628, 60.703576545454546 ], [ 115.396656636363616, 60.714151545454548 ], [ 115.486620636363625, 60.72209854545455 ], [ 115.503873636363664, 60.721666545454546 ], [ 115.59246963636366, 60.719452545454551 ], [ 115.748583636363662, 60.698284545454548 ], [ 115.872954636363659, 60.66124054545454 ], [ 115.902069636363649, 60.634771545454548 ], [ 115.928529636363635, 60.597736545454545 ], [ 115.960281636363618, 60.584497545454546 ], [ 116.145510636363611, 60.528931545454547 ], [ 116.214306636363631, 60.513055545454542 ], [ 116.301633636363647, 60.50510854545454 ], [ 116.365146636363647, 60.497170545454544 ], [ 116.486862636363639, 60.470710545454544 ], [ 116.576826636363649, 60.441613545454551 ], [ 116.666790636363658, 60.42572854545454 ], [ 116.738250636363659, 60.42572854545454 ], [ 116.796462636363628, 60.417790545454544 ], [ 116.854674636363654, 60.401914545454538 ], [ 116.902311636363663, 60.383392545454548 ], [ 116.986983636363618, 60.322534545454552 ], [ 117.026673636363626, 60.277543545454542 ], [ 117.058425636363665, 60.224623545454541 ], [ 117.087540636363656, 60.16375654545454 ], [ 117.121938636363666, 60.116128545454551 ], [ 117.188088636363659, 60.073792545454545 ], [ 117.230424636363637, 60.065854545454549 ], [ 117.299229636363634, 60.049978545454543 ], [ 117.344211636363639, 60.03674854545455 ], [ 117.381255636363619, 60.004987545454547 ], [ 117.500334636363618, 59.944129545454551 ], [ 117.664395636363622, 59.870032545454542 ], [ 117.709377636363627, 59.851519545454543 ], [ 117.868146636363633, 59.819767545454546 ], [ 117.931650636363656, 59.79329854545454 ], [ 118.008393636363621, 59.758900545454544 ], [ 118.069260636363651, 59.724502545454548 ], [ 118.130127636363625, 59.698033545454543 ], [ 118.214799636363637, 59.679511545454538 ], [ 118.302126636363653, 59.674228545454547 ], [ 118.381497636363633, 59.68745854545454 ], [ 118.489992636363638, 59.756254545454546 ], [ 118.513806636363654, 59.79329854545454 ], [ 118.553496636363661, 59.835634545454546 ], [ 118.675239636363642, 59.880625545454542 ], [ 118.770486636363614, 59.904448545454549 ], [ 118.826043636363636, 59.912368545454548 ], [ 118.902795636363635, 59.917669545454551 ], [ 118.982184636363627, 59.930899545454544 ], [ 119.050980636363647, 59.957359545454544 ], [ 119.101254636363649, 59.986465545454543 ], [ 119.156829636363625, 60.023518545454543 ], [ 119.209749636363654, 60.071146545454546 ], [ 119.260023636363655, 60.113491545454544 ], [ 119.323536636363656, 60.161119545454547 ], [ 119.392332636363619, 60.206101545454551 ], [ 119.474367636363638, 60.232561545454551 ], [ 119.574915636363642, 60.237853545454549 ], [ 119.736330636363618, 60.214039545454547 ], [ 119.929497636363635, 60.192871545454544 ], [ 120.006240636363657, 60.190225545454545 ], [ 120.056514636363659, 60.203455545454538 ], [ 120.138549636363621, 60.26166754545455 ], [ 120.196761636363647, 60.306658545454546 ], [ 120.241743636363651, 60.351640545454551 ], [ 120.286725636363656, 60.370162545454541 ], [ 120.426972636363644, 60.378100545454551 ], [ 120.649353636363628, 60.393553545454544 ], [ 120.654546636363648, 60.433675545454541 ], [ 120.686289636363654, 60.468073545454551 ], [ 120.81330663636362, 60.526285545454549 ], [ 121.064703636363618, 60.589789545454543 ], [ 121.128198636363663, 60.621541545454541 ], [ 121.197012636363638, 60.645364545454548 ], [ 121.260507636363627, 60.653302545454544 ], [ 121.374303636363663, 60.658594545454541 ], [ 121.485426636363627, 60.650656545454545 ], [ 121.543656636363664, 60.626833545454538 ], [ 121.620390636363652, 60.603019545454551 ], [ 121.69712463636364, 60.587143545454545 ], [ 121.784451636363656, 60.573913545454552 ], [ 121.900884636363628, 60.571267545454539 ], [ 122.20254663636365, 60.57655954545455 ], [ 122.329563636363616, 60.573913545454552 ], [ 122.459208636363655, 60.565984545454548 ], [ 122.620632636363666, 60.563329545454543 ], [ 122.779401636363616, 60.573913545454552 ], [ 122.951400636363644, 60.581851545454548 ], [ 123.149850636363624, 60.584497545454546 ], [ 123.316467636363654, 60.597583545454548 ], [ 123.54092763636362, 60.597583545454548 ], [ 123.726714636363624, 60.592435545454542 ], [ 123.925182636363616, 60.579205545454549 ], [ 124.102014636363663, 60.578224545454539 ], [ 124.210392636363622, 60.605323545454546 ], [ 124.283904636363616, 60.636283545454539 ], [ 124.34196363636363, 60.65562454545455 ], [ 124.449108636363633, 60.669169545454544 ], [ 124.786968636363667, 60.67883554545454 ], [ 124.867203636363627, 60.692992545454551 ], [ 124.912203636363643, 60.719452545454551 ], [ 125.019159636363611, 60.756235545454551 ], [ 125.081547636363666, 60.772372545454552 ], [ 125.152998636363634, 60.788257545454549 ], [ 125.237670636363646, 60.798832545454552 ], [ 125.437074636363661, 60.814285545454545 ], [ 125.563146636363626, 60.838531545454551 ], [ 125.684871636363653, 60.883522545454547 ], [ 125.975940636363646, 60.962902545454547 ], [ 126.105612636363617, 61.013176545454549 ], [ 126.171762636363667, 61.042282545454547 ], [ 126.253779636363618, 61.05551254545454 ], [ 126.391389636363613, 61.066087545454543 ], [ 126.528333636363641, 61.073557545454541 ], [ 126.659904636363649, 61.104508545454543 ], [ 126.809484636363663, 61.103149545454549 ], [ 126.973545636363667, 61.097857545454538 ], [ 127.068801636363617, 61.084618545454539 ], [ 127.150836636363636, 61.087264545454552 ], [ 127.254030636363666, 61.097848545454546 ], [ 127.341357636363625, 61.113724545454538 ], [ 127.423383636363667, 61.129609545454549 ], [ 127.542219636363654, 61.158688545454545 ], [ 127.672116636363626, 61.187821545454547 ], [ 127.878531636363618, 61.222219545454543 ], [ 128.161653636363667, 61.26190954545455 ], [ 128.513580636363656, 61.267201545454547 ], [ 128.598261636363645, 61.259272545454543 ], [ 128.690889636363636, 61.283077545454539 ], [ 128.88934863636365, 61.354528545454549 ], [ 129.093108636363638, 61.439200545454547 ], [ 129.267726636363648, 61.521235545454552 ], [ 129.508548636363628, 61.640305545454545 ], [ 129.587919636363665, 61.68794254545454 ], [ 129.693786636363654, 61.79378254545454 ], [ 129.717591636363636, 61.846711545454546 ], [ 129.762573636363641, 61.910215545454541 ], [ 129.826077636363664, 61.941976545454544 ], [ 129.87636963636362, 61.98431254545455 ], [ 129.87636963636362, 62.018710545454546 ], [ 129.871059636363611, 62.053108545454542 ], [ 129.878997636363636, 62.161612545454538 ], [ 129.91076763636363, 62.214523545454547 ], [ 129.942510636363636, 62.243629545454546 ], [ 129.984864636363625, 62.259505545454552 ], [ 130.026561636363624, 62.284102545454552 ], [ 130.035237636363661, 62.299258545454542 ], [ 130.063371636363627, 62.40100354545455 ], [ 130.063371636363627, 62.433466545454543 ], [ 130.02223263636364, 62.502739545454538 ], [ 129.950439636363626, 62.55058354545455 ], [ 129.905457636363622, 62.571751545454539 ], [ 129.873714636363616, 62.608795545454548 ], [ 129.815493636363612, 62.746396545454552 ], [ 129.770511636363665, 62.860183545454539 ], [ 129.738768636363659, 62.934280545454548 ], [ 129.693786636363654, 62.987200545454549 ], [ 129.648795636363616, 63.026890545454542 ], [ 129.611751636363635, 63.048058545454545 ], [ 129.590574636363613, 63.079819545454548 ], [ 129.587919636363665, 63.135385545454547 ], [ 129.609096636363631, 63.159199545454548 ], [ 129.635556636363617, 63.206836545454543 ], [ 129.648795636363616, 63.26504854545454 ], [ 129.635556636363617, 63.283570545454545 ], [ 129.590574636363613, 63.307384545454546 ], [ 129.537654636363641, 63.328552545454549 ], [ 129.495300636363652, 63.376180545454538 ], [ 129.45828363636366, 63.423808545454541 ], [ 129.415929636363614, 63.466144545454547 ], [ 129.379731636363658, 63.481399545454543 ], [ 129.365664636363647, 63.487321545454542 ], [ 129.254514636363638, 63.519073545454539 ], [ 129.135435636363638, 63.51642754545454 ], [ 129.011082636363653, 63.521719545454552 ], [ 128.894658636363658, 63.529666545454539 ], [ 128.825835636363649, 63.49790554545455 ], [ 128.587668636363617, 63.49790554545455 ], [ 128.47390863636366, 63.505843545454546 ], [ 128.376006636363627, 63.524374545454542 ], [ 128.283378636363636, 63.556117545454548 ], [ 128.211945636363623, 63.582577545454548 ], [ 128.137848636363628, 63.63285154545455 ], [ 128.076963636363644, 63.701665545454539 ], [ 128.021424636363633, 63.728116545454547 ], [ 127.926141636363639, 63.744001545454545 ], [ 127.793850636363629, 63.770461545454545 ], [ 127.635081636363623, 63.833974545454545 ], [ 127.465728636363622, 63.884248545454547 ], [ 127.336065636363628, 63.942460545454544 ], [ 127.23286263636362, 63.992734545454546 ], [ 127.137597636363637, 64.02448654545455 ], [ 127.074102636363648, 64.082698545454548 ], [ 127.002651636363623, 64.122388545454555 ], [ 126.93385563636366, 64.164733545454538 ], [ 126.865050636363662, 64.212352545454536 ], [ 126.756564636363635, 64.26792754545454 ], [ 126.632193636363638, 64.310272545454552 ], [ 126.534291636363662, 64.347316545454532 ], [ 126.420000636363625, 64.39795954545454 ], [ 126.383451636363645, 64.426696545454547 ], [ 126.301416636363626, 64.43992654545454 ], [ 126.227328636363666, 64.447864545454536 ], [ 126.138624636363659, 64.466089545454537 ], [ 126.092373636363618, 64.492855545454546 ], [ 126.028869636363652, 64.543138545454553 ], [ 125.946834636363633, 64.585465545454554 ], [ 125.780136636363636, 64.603987545454544 ], [ 125.684871636363653, 64.61192554545454 ], [ 125.592252636363639, 64.609279545454541 ], [ 125.531394636363643, 64.619872545454541 ], [ 125.475819636363667, 64.64632354545455 ], [ 125.483766636363612, 64.688668545454533 ], [ 125.452005636363651, 64.752181545454533 ], [ 125.362041636363642, 64.810393545454531 ], [ 125.274714636363626, 64.850083545454538 ], [ 125.115954636363654, 64.913587545454533 ], [ 125.039220636363666, 64.921525545454557 ], [ 124.912203636363643, 64.94534854545455 ], [ 124.790460636363662, 64.971799545454559 ], [ 124.681974636363634, 65.067064545454542 ], [ 124.517922636363664, 65.170276545454556 ], [ 124.385604636363666, 65.260240545454536 ], [ 124.375029636363649, 65.363434545454538 ], [ 124.332693636363615, 65.426938545454533 ], [ 124.269180636363615, 65.47722154545454 ], [ 124.240065636363624, 65.532787545454539 ], [ 124.253484636363623, 65.609215545454532 ], [ 124.283553636363649, 65.649337545454557 ], [ 124.306224636363652, 65.768290545454533 ], [ 124.269180636363615, 65.829166545454541 ], [ 124.229490636363664, 65.852962545454545 ], [ 124.176561636363658, 65.929714545454544 ], [ 124.038969636363618, 65.985271545454538 ], [ 123.925182636363616, 66.112288545454533 ], [ 123.811395636363613, 66.297526545454531 ], [ 123.697617636363645, 66.440419545454546 ], [ 123.668502636363655, 66.540976545454555 ], [ 123.612927636363622, 66.575383545454542 ], [ 123.554715636363653, 66.620365545454547 ], [ 123.477981636363666, 66.726196545454542 ], [ 123.443592636363633, 66.800293545454537 ], [ 123.409185636363645, 66.882328545454556 ], [ 123.443592636363633, 66.993469545454559 ], [ 123.403884636363614, 67.091371545454535 ], [ 123.293274636363662, 67.198813545454556 ], [ 123.23189463636362, 67.239547545454542 ], [ 123.16838163636362, 67.324237545454537 ], [ 123.115461636363648, 67.40626354545455 ], [ 123.04930263636362, 67.467121545454546 ], [ 122.999190636363664, 67.51612654545454 ], [ 123.014904636363667, 67.565032545454557 ], [ 123.065178636363612, 67.654996545454537 ], [ 123.112806636363644, 67.747615545454551 ], [ 123.110169636363651, 67.829650545454541 ], [ 123.126036636363665, 67.893154545454536 ], [ 123.173673636363617, 68.049268545454538 ], [ 123.255708636363636, 68.094250545454543 ], [ 123.369486636363661, 68.133958545454533 ], [ 123.586476636363614, 68.213338545454548 ], [ 123.67380363636363, 68.266267545454554 ], [ 123.758475636363642, 68.33505454545454 ], [ 123.845793636363624, 68.438266545454553 ], [ 123.935766636363667, 68.647309545454533 ], [ 123.96751863636365, 68.774317545454551 ], [ 123.996624636363663, 68.919865545454542 ], [ 124.036314636363613, 69.017767545454547 ], [ 124.068075636363631, 69.073333545454545 ], [ 124.13157063636362, 69.11831554545455 ], [ 124.18450863636366, 69.150076545454539 ], [ 124.345914636363659, 69.218872545454559 ], [ 124.594404636363663, 69.32941054545455 ], [ 124.734786636363651, 69.429670545454542 ], [ 124.80369963636366, 69.507313545454537 ], [ 124.893672636363647, 69.589330545454544 ], [ 125.007459636363649, 69.711064545454548 ], [ 125.089494636363611, 69.83278054545454 ], [ 125.129184636363618, 69.901585545454537 ], [ 125.190033636363637, 69.917443545454546 ], [ 125.346165636363651, 69.938629545454546 ], [ 125.425554636363643, 69.941275545454545 ], [ 125.518155636363645, 69.978319545454553 ], [ 125.658402636363633, 70.025938545454551 ], [ 125.809233636363615, 70.060345545454538 ], [ 125.923020636363617, 70.126486545454554 ], [ 125.983887636363647, 70.189999545454555 ], [ 126.071205636363629, 70.266733545454542 ], [ 126.034161636363649, 70.298494545454531 ], [ 125.930958636363641, 70.322308545454547 ], [ 125.862162636363621, 70.34613154545454 ], [ 125.790711636363653, 70.383184545454554 ], [ 125.780136636363636, 70.438750545454553 ], [ 125.803932636363641, 70.459918545454542 ], [ 125.872746636363615, 70.486369545454551 ], [ 125.925675636363621, 70.502254545454548 ], [ 125.991816636363637, 70.515493545454547 ], [ 126.325248636363654, 70.534006545454531 ], [ 126.539583636363659, 70.526059545454558 ], [ 126.735378636363635, 70.520785545454544 ], [ 126.894165636363653, 70.534006545454531 ], [ 126.992067636363629, 70.555174545454548 ], [ 127.063509636363619, 70.578988545454536 ], [ 127.150836636363636, 70.631908545454536 ], [ 127.248747636363646, 70.684846545454548 ], [ 127.399560636363617, 70.737766545454548 ], [ 127.545108636363636, 70.793332545454547 ], [ 127.574214636363649, 70.814500545454536 ], [ 127.563630636363655, 70.843606545454548 ], [ 127.489542636363637, 70.862119545454533 ], [ 127.457790636363654, 70.875367545454537 ], [ 127.44720663636366, 70.899172545454547 ], [ 127.449843636363653, 70.936216545454556 ], [ 127.481595636363636, 70.967968545454539 ], [ 127.516011636363658, 71.010322545454557 ], [ 127.51864863636365, 71.047366545454537 ], [ 127.497480636363662, 71.063233545454551 ], [ 127.449843636363653, 71.081755545454541 ], [ 127.407516636363653, 71.094985545454534 ], [ 127.299012636363614, 71.14791454545454 ], [ 127.256685636363613, 71.192896545454545 ], [ 127.238163636363652, 71.251117545454548 ], [ 127.235499636363613, 71.304028545454543 ], [ 127.240800636363645, 71.364895545454544 ], [ 127.235274636363613, 71.392489545454538 ] ] } },
{ "type": "Feature", "properties": { "NAME": "Vilyuy", "SYSTEM": "Lena", "MILES": 2656.63615, "KILOMETERS": 4275.45 }, "geometry": { "type": "LineString", "coordinates": [ [ 103.515540636363653, 65.990797545454541 ], [ 103.705251636363641, 66.009706545454549 ], [ 104.00026263636363, 65.888305545454557 ], [ 103.981641636363634, 65.850802545454542 ], [ 104.11023363636366, 65.75497054545454 ], [ 104.737470636363639, 65.641354545454533 ], [ 105.190521636363655, 65.68025254545455 ], [ 105.255807636363613, 65.697739545454539 ], [ 105.23801463636363, 65.734693545454547 ], [ 105.383868636363616, 65.77163854545455 ], [ 105.636642636363661, 65.728303545454537 ], [ 105.679689636363662, 65.658022545454543 ], [ 105.891918636363641, 65.560516545454533 ], [ 105.980523636363614, 65.406355545454545 ], [ 106.113588636363659, 65.457475545454542 ], [ 106.46219463636362, 65.405545545454544 ], [ 106.502766636363617, 65.447737545454544 ], [ 106.739691636363659, 65.479417545454538 ], [ 106.791072636363651, 65.507470545454538 ], [ 106.74357963636362, 65.540527545454552 ], [ 107.034972636363648, 65.598307545454531 ], [ 107.568033636363623, 65.633587545454532 ], [ 107.842191636363623, 65.530807545454536 ], [ 107.822202636363613, 65.459410545454546 ], [ 107.842749636363635, 65.414977545454548 ], [ 107.977191636363614, 65.286088545454533 ], [ 108.195504636363637, 65.337478545454559 ], [ 108.388311636363653, 65.299138545454554 ], [ 108.41109063636361, 65.260528545454548 ], [ 108.642201636363666, 65.202469545454534 ], [ 108.619431636363629, 65.159134545454549 ], [ 108.866364636363642, 65.079970545454557 ], [ 109.066938636363659, 65.154976545454531 ], [ 109.197186636363654, 65.10356854545455 ], [ 109.235517636363625, 65.025799545454532 ], [ 109.499694636363643, 64.970242545454539 ], [ 109.451922636363634, 64.842469545454549 ], [ 109.321089636363638, 64.78358254545455 ], [ 109.313286636363614, 64.686625545454547 ], [ 109.62329163636366, 64.623292545454547 ], [ 109.611906636363642, 64.594708545454552 ], [ 109.509702636363613, 64.56636754545454 ], [ 109.529421636363622, 64.535263545454541 ], [ 109.320252636363648, 64.499407545454545 ], [ 109.437180636363621, 64.388581545454542 ], [ 109.352751636363621, 64.318309545454554 ], [ 109.142475636363656, 64.330261545454533 ], [ 109.040802636363651, 64.16217754545454 ], [ 109.061079636363615, 64.137751545454535 ], [ 109.503033636363625, 64.154689545454545 ], [ 109.597200636363652, 64.126357545454539 ], [ 109.593852636363636, 64.097197545454549 ], [ 109.399695636363617, 64.065517545454554 ], [ 109.380246636363665, 64.000537545454534 ], [ 109.571370636363611, 63.844144545454547 ], [ 109.479147636363621, 63.808594545454547 ], [ 109.470255636363618, 63.742480545454548 ], [ 109.18357863636362, 63.65053654545455 ], [ 109.176360636363654, 63.61804654545454 ], [ 109.316076636363618, 63.620260545454549 ], [ 109.34970063636365, 63.549151545454542 ], [ 109.58189163636365, 63.45446254545454 ], [ 109.638231636363628, 63.472399545454543 ], [ 109.651668636363638, 63.476071545454552 ], [ 109.664700636363648, 63.475252545454545 ], [ 109.678128636363624, 63.471193545454547 ], [ 109.761216636363656, 63.445129545454542 ], [ 109.86384363636364, 63.413764545454548 ], [ 109.914333636363665, 63.413359545454547 ], [ 109.934277636363618, 63.419065545454551 ], [ 109.961160636363616, 63.440656545454551 ], [ 109.970934636363666, 63.456127545454542 ], [ 110.021838636363611, 63.487474545454539 ], [ 110.033601636363642, 63.493234545454548 ], [ 110.111433636363643, 63.485026545454538 ], [ 110.275530636363612, 63.457333545454539 ], [ 110.483628636363619, 63.384856545454547 ], [ 110.465277636363624, 63.309112545454546 ], [ 110.403807636363638, 63.27205054545454 ], [ 110.396877636363627, 63.260656545454545 ], [ 110.400558636363655, 63.189385545454549 ], [ 110.404617636363639, 63.175948545454538 ], [ 110.414787636363656, 63.161287545454549 ], [ 110.491359636363654, 63.158857545454545 ], [ 110.547564636363632, 63.174733545454551 ], [ 110.605389636363611, 63.183688545454551 ], [ 110.644071636363662, 63.169027545454547 ], [ 110.720337636363638, 63.129184545454542 ], [ 110.688621636363621, 63.108115545454545 ], [ 110.631336636363642, 63.09885454545455 ], [ 110.584446636363623, 63.100816545454542 ], [ 110.55917463636365, 63.064033545454542 ], [ 110.588091636363629, 63.016297545454542 ], [ 110.777073636363639, 62.973898545454539 ], [ 110.798691636363628, 62.968282545454549 ], [ 110.978394636363646, 62.913247545454546 ], [ 111.012648636363622, 62.902294545454545 ], [ 111.05111463636365, 62.900611545454545 ], [ 111.073587636363641, 62.945539545454544 ], [ 111.081165636363664, 63.016297545454542 ], [ 111.120756636363637, 63.038203545454543 ], [ 111.180282636363643, 63.060100545454539 ], [ 111.270147636363617, 63.083968545454546 ], [ 111.365349636363646, 63.09885454545455 ], [ 111.413904636363611, 63.091276545454541 ], [ 111.448167636363621, 63.074698545454545 ], [ 111.520050636363635, 63.076660545454551 ], [ 111.583239636363658, 63.096883545454538 ], [ 111.597549636363624, 63.128050545454549 ], [ 111.604569636363635, 63.159226545454551 ], [ 111.660441636363657, 63.225493545454547 ], [ 111.685731636363641, 63.243745545454551 ], [ 111.707358636363665, 63.245428545454551 ], [ 111.770241636363664, 63.236446545454548 ], [ 111.802812636363626, 63.229147545454545 ], [ 111.864030636363623, 63.210607545454543 ], [ 111.885657636363646, 63.20330854545454 ], [ 111.910641636363664, 63.187018545454542 ], [ 111.921306636363624, 63.102499545454542 ], [ 111.922998636363616, 63.084256545454544 ], [ 111.887052636363649, 63.053080545454542 ], [ 111.827805636363621, 63.032578545454548 ], [ 111.766875636363636, 63.027250545454542 ], [ 111.718293636363626, 63.023596545454545 ], [ 111.71464863636362, 63.019951545454539 ], [ 111.718014636363648, 62.972215545454539 ], [ 111.748623636363618, 62.94638554545454 ], [ 111.806178636363654, 62.905948545454542 ], [ 111.831450636363627, 62.909593545454548 ], [ 111.867675636363629, 62.918863545454549 ], [ 111.892668636363624, 62.893312545454542 ], [ 111.908670636363638, 62.869435545454543 ], [ 111.933942636363611, 62.860174545454548 ], [ 111.99347763636365, 62.849221545454547 ], [ 112.13555163636363, 62.830969545454543 ], [ 112.171506636363631, 62.838268545454547 ], [ 112.265286636363612, 62.929807545454544 ], [ 112.254630636363629, 63.012364545454538 ], [ 112.263612636363632, 63.05280154545455 ], [ 112.400367636363626, 63.065716545454542 ], [ 112.482069636363633, 63.037636545454539 ], [ 112.478793636363662, 63.014911545454545 ], [ 112.732188636363617, 62.939707545454546 ], [ 112.808301636363637, 62.96775154545454 ], [ 112.78080663636365, 63.033046545454546 ], [ 112.872741636363628, 63.06609454545454 ], [ 112.967475636363645, 63.057490545454549 ], [ 112.962192636363625, 63.011374545454551 ], [ 113.200809636363658, 62.972206545454547 ], [ 113.265537636363661, 62.844145545454545 ], [ 113.335800636363615, 62.817208545454541 ], [ 113.451639636363666, 62.895814545454549 ], [ 113.364141636363627, 62.948860545454544 ], [ 113.401914636363642, 62.982484545454547 ], [ 113.260524636363641, 62.99248354545454 ], [ 113.284968636363658, 63.043306545454548 ], [ 113.500266636363619, 63.061369545454546 ], [ 113.448858636363639, 63.101653545454546 ], [ 113.661906636363653, 63.214711545454541 ], [ 113.909703636363645, 63.214423545454544 ], [ 113.921079636363629, 63.167479545454547 ], [ 114.050517636363622, 63.20442454545455 ], [ 114.253593636363632, 63.123037545454544 ], [ 114.625788636363666, 63.189421545454543 ], [ 114.678303636363637, 63.175543545454552 ], [ 114.609696636363651, 63.106657545454546 ], [ 114.698850636363659, 63.02554054545454 ], [ 114.899982636363632, 62.986930545454548 ], [ 115.042191636363611, 63.054151545454552 ], [ 115.221363636363662, 63.004993545454546 ], [ 115.292733636363664, 62.948590545454543 ], [ 115.193571636363629, 62.83776454545454 ], [ 115.379412636363611, 62.788885545454541 ], [ 115.302741636363635, 62.731375545454547 ], [ 115.356354636363619, 62.63748754545454 ], [ 115.559403636363641, 62.569708545454539 ], [ 115.778841636363666, 62.583874545454542 ], [ 115.717470636363657, 62.480806545454548 ], [ 115.780254636363622, 62.436931545454549 ], [ 115.720251636363628, 62.381923545454548 ], [ 116.114964636363652, 62.299429545454551 ], [ 116.168028636363658, 62.239426545454542 ], [ 116.116071636363642, 62.148040545454542 ], [ 116.561364636363635, 62.002771545454543 ], [ 117.198852636363654, 61.929430545454544 ], [ 117.542733636363664, 62.108035545454548 ], [ 117.653847636363651, 62.080819545454538 ], [ 117.65247063636366, 62.142208545454544 ], [ 117.737475636363627, 62.186929545454539 ], [ 117.522474636363654, 62.335816545454541 ], [ 117.558006636363643, 62.46831454545454 ], [ 117.424410636363632, 62.522485545454551 ], [ 117.415797636363664, 62.703601545454539 ], [ 117.505536636363615, 62.766925545454548 ], [ 117.441069636363636, 62.825821545454538 ], [ 117.631635636363626, 63.17693854545454 ], [ 117.844971636363653, 63.254707545454544 ], [ 118.866363636363644, 63.348037545454538 ], [ 118.930524636363657, 63.393595545454538 ], [ 118.843854636363631, 63.429154545454544 ], [ 118.884534636363639, 63.478006545454541 ], [ 118.993974636363646, 63.473092545454541 ], [ 119.061573636363619, 63.47144554545455 ], [ 119.127714636363635, 63.484675545454543 ], [ 119.183289636363611, 63.503197545454547 ], [ 119.224230636363643, 63.511801545454539 ], [ 119.270661636363627, 63.511801545454539 ], [ 119.373810636363658, 63.508489545454545 ], [ 119.474367636363638, 63.508489545454545 ], [ 119.585490636363659, 63.521719545454552 ], [ 119.675472636363622, 63.548179545454552 ], [ 119.746644636363612, 63.565981545454541 ], [ 119.769855636363616, 63.56983354545455 ], [ 119.796936636363625, 63.573721545454539 ], [ 119.839524636363649, 63.575647545454551 ], [ 119.905287636363653, 63.575647545454551 ], [ 120.050421636363637, 63.571777545454545 ], [ 120.096204636363666, 63.566701545454542 ], [ 120.175602636363635, 63.532303545454546 ], [ 120.281433636363658, 63.492622545454545 ], [ 120.313554636363619, 63.482776545454549 ], [ 120.39481563636366, 63.467287545454546 ], [ 120.466671636363628, 63.479383545454546 ], [ 120.487839636363617, 63.487321545454542 ], [ 120.495435636363652, 63.494386545454539 ], [ 120.497370636363655, 63.507931545454547 ], [ 120.490485636363644, 63.521719545454552 ], [ 120.466671636363628, 63.550825545454551 ], [ 120.461379636363631, 63.572002545454545 ], [ 120.477246636363645, 63.630205545454551 ], [ 120.483825636363633, 63.641437545454544 ], [ 120.503175636363665, 63.653038545454542 ], [ 120.526377636363634, 63.654982545454551 ], [ 120.57781263636366, 63.646090545454548 ], [ 120.601851636363619, 63.633697545454545 ], [ 120.667632636363635, 63.637558545454546 ], [ 120.723756636363646, 63.645298545454544 ], [ 120.74186463636363, 63.651382545454545 ], [ 120.752457636363658, 63.66196654545454 ], [ 120.752457636363658, 63.683134545454543 ], [ 120.890157636363654, 63.747853545454539 ], [ 120.909498636363651, 63.747853545454539 ], [ 120.946254636363619, 63.74205754545455 ], [ 120.97140963636366, 63.734308545454546 ], [ 120.998490636363613, 63.720772545454544 ], [ 121.033329636363646, 63.713014545454548 ], [ 121.060410636363656, 63.711088545454551 ], [ 121.069986636363637, 63.720178545454552 ], [ 121.09909263636365, 63.770461545454545 ], [ 121.130844636363634, 63.78633754545455 ], [ 121.162965636363651, 63.796219545454541 ], [ 121.25521563636363, 63.783691545454552 ], [ 121.358418636363638, 63.77839954545454 ], [ 121.482789636363634, 63.77839954545454 ], [ 121.562178636363626, 63.781045545454539 ], [ 121.633620636363617, 63.78633754545455 ], [ 121.704711636363641, 63.805894545454542 ], [ 121.73945163636364, 63.823381545454545 ], [ 121.768575636363664, 63.844558545454539 ], [ 121.810911636363642, 63.86042554545454 ], [ 121.958169636363664, 63.879433545454539 ], [ 122.140059636363617, 63.879433545454539 ], [ 122.306451636363647, 63.875554545454541 ], [ 122.382474636363611, 63.876310545454551 ], [ 122.459208636363655, 63.886894545454545 ], [ 122.552196636363647, 63.89491354545455 ], [ 122.721189636363647, 63.900124545454538 ], [ 122.763516636363647, 63.910708545454547 ], [ 122.828874636363651, 63.931669545454547 ], [ 122.857890636363663, 63.933595545454544 ], [ 122.922294636363631, 63.929230545454551 ], [ 122.94874563636364, 63.913354545454546 ], [ 122.983152636363627, 63.897469545454548 ], [ 123.012708636363641, 63.891034545454538 ], [ 123.051372636363624, 63.891034545454538 ], [ 123.176319636363644, 63.902761545454545 ], [ 123.226593636363646, 63.93187654545455 ], [ 123.282159636363644, 63.960982545454549 ], [ 123.586476636363614, 64.066822545454556 ], [ 123.665865636363662, 64.093273545454537 ], [ 123.78470163636365, 64.094182545454544 ], [ 123.837864636363634, 64.082698545454548 ], [ 123.864315636363642, 64.072105545454548 ], [ 123.882846636363638, 64.061530545454559 ], [ 123.901359636363622, 64.053592545454535 ], [ 123.935631636363667, 64.045816545454556 ], [ 124.096218636363631, 64.055500545454549 ], [ 124.254861636363614, 64.065175545454537 ], [ 124.37767563636362, 64.037716545454543 ], [ 124.465002636363636, 64.029769545454542 ], [ 124.544373636363616, 64.029769545454542 ], [ 124.581885636363666, 64.032271545454535 ], [ 124.599948636363649, 64.027123545454543 ], [ 124.607877636363639, 63.995380545454545 ], [ 124.610883636363667, 63.97615654545455 ], [ 124.643778636363663, 63.966499545454546 ], [ 124.742463636363652, 63.972313545454547 ], [ 124.946592636363619, 63.921292545454541 ], [ 125.049786636363649, 63.886894545454545 ], [ 125.102355636363654, 63.875554545454541 ], [ 125.177811636363629, 63.86587954545454 ], [ 125.250900636363667, 63.871009545454548 ], [ 125.438784636363664, 63.902761545454545 ], [ 125.605410636363615, 63.929725545454538 ], [ 125.665386636363621, 63.933595545454544 ], [ 125.780136636363636, 63.937159545454541 ], [ 125.856870636363624, 63.947752545454541 ], [ 125.930958636363641, 63.966274545454546 ], [ 125.991816636363637, 63.987442545454549 ], [ 126.105612636363617, 64.074760545454552 ], [ 126.251142636363625, 64.148848545454541 ], [ 126.362292636363634, 64.207069545454544 ], [ 126.427749636363615, 64.274128545454545 ], [ 126.415212636363663, 64.304980545454555 ], [ 126.401982636363641, 64.371130545454548 ], [ 126.420000636363625, 64.39795954545454 ] ] } },
{ "type": "Feature", "properties": { "NAME": "Yenisey", "SYSTEM": null, "MILES": 3672.05999, "KILOMETERS": 5909.61954 }, "geometry": { "type": "MultiLineString", "coordinates": [ [ [ 82.346082636363633, 70.198603545454546 ], [ 82.366377636363637, 70.166086545454533 ], [ 82.453326636363641, 70.138042545454539 ], [ 82.561641636363646, 70.109980545454533 ], [ 82.616091636363649, 70.100818545454558 ], [ 82.67025363636364, 70.088047545454543 ], [ 82.702482636363641, 70.075276545454557 ], [ 82.716378636363629, 70.062478545454553 ], [ 82.715820636363645, 70.056367545454549 ], [ 82.707765636363632, 70.04387554545454 ], [ 82.706937636363648, 70.031374545454554 ], [ 82.710267636363625, 70.025272545454555 ], [ 82.742199636363637, 70.012501545454541 ], [ 82.796100636363633, 69.999415545454553 ], [ 82.904982636363627, 69.989695545454538 ], [ 82.978548636363627, 69.977824545454553 ], [ 82.967208636363637, 69.993043545454555 ], [ 82.971375636363632, 69.999145545454553 ], [ 82.979151636363639, 70.005553545454546 ], [ 83.002209636363631, 70.017766545454549 ], [ 83.009994636363643, 70.023877545454553 ], [ 83.01054363636365, 70.030276545454541 ], [ 82.996368636363627, 70.036369545454534 ], [ 82.960260636363643, 70.044433545454552 ], [ 82.924701636363636, 70.055818545454542 ], [ 82.914153636363636, 70.062190545454541 ], [ 82.907205636363642, 70.068598545454535 ], [ 82.904163636363648, 70.074709545454539 ], [ 82.90226463636364, 70.101502545454537 ] ], [ [ 82.978548636363627, 69.977824545454553 ], [ 83.103315636363646, 69.959158545454557 ], [ 83.166657636363624, 69.933589545454538 ], [ 83.258043636363652, 69.893872545454542 ], [ 83.271381636363628, 69.88136254545455 ], [ 83.280543636363632, 69.862489545454537 ], [ 83.298327636363638, 69.858601545454547 ], [ 83.316462636363639, 69.859501545454549 ], [ 83.327298636363651, 69.865918545454548 ], [ 83.333931636363644, 69.865918545454548 ], [ 83.403447636363637, 69.836137545454534 ], [ 83.466330636363637, 69.836137545454534 ], [ 83.58381663636365, 69.816274545454547 ], [ 83.750946636363636, 69.803035545454549 ], [ 83.893281636363639, 69.766639545454552 ], [ 84.009111636363627, 69.725257545454554 ], [ 84.131574636363638, 69.677260545454544 ], [ 84.293745636363639, 69.642502545454533 ], [ 84.439392636363635, 69.614377545454545 ], [ 84.560199636363649, 69.655741545454532 ], [ 84.732297636363626, 69.721936545454554 ], [ 84.97224663636365, 69.778213545454548 ], [ 85.180758636363635, 69.786484545454556 ], [ 85.314795636363641, 69.768277545454538 ], [ 85.452162636363624, 69.755038545454539 ], [ 85.630893636363652, 69.693802545454531 ], [ 85.771563636363652, 69.601138545454546 ], [ 85.87250763636365, 69.551503545454551 ], [ 86.042958636363636, 69.483643545454555 ], [ 86.11576863636364, 69.448885545454544 ], [ 86.102529636363641, 69.419095545454553 ], [ 85.999929636363646, 69.333037545454545 ], [ 85.855956636363629, 69.256906545454541 ], [ 85.831125636363652, 69.233749545454543 ], [ 85.988346636363644, 69.190720545454553 ], [ 86.079363636363638, 69.155971545454548 ], [ 86.08762563636364, 69.112942545454558 ], [ 86.057844636363626, 69.030196545454544 ], [ 85.948629636363648, 68.965657545454548 ], [ 85.905591636363624, 68.914366545454556 ], [ 85.988346636363644, 68.800174545454553 ], [ 86.100873636363644, 68.737291545454553 ], [ 86.206794636363639, 68.712460545454547 ], [ 86.302761636363641, 68.64462754545454 ], [ 86.322633636363634, 68.583391545454532 ], [ 86.327592636363647, 68.490709545454536 ], [ 86.337528636363629, 68.417890545454554 ], [ 86.370621636363637, 68.376526545454539 ], [ 86.440128636363625, 68.341777545454534 ], [ 86.494740636363645, 68.323561545454538 ], [ 86.531145636363647, 68.313643545454539 ], [ 86.57913363636365, 68.273926545454543 ], [ 86.600643636363628, 68.249095545454537 ], [ 86.544393636363651, 68.18787754545454 ], [ 86.464950636363625, 68.148160545454544 ], [ 86.395443636363638, 68.108443545454548 ], [ 86.388828636363627, 68.080309545454554 ], [ 86.410338636363633, 68.009137545454536 ], [ 86.448408636363638, 67.956190545454547 ], [ 86.519562636363645, 67.929721545454555 ], [ 86.57913363636365, 67.889995545454553 ], [ 86.562573636363652, 67.866820545454544 ], [ 86.463294636363628, 67.823791545454554 ], [ 86.372268636363629, 67.787377545454547 ], [ 86.311032636363649, 67.732774545454532 ], [ 86.264709636363648, 67.661620545454554 ], [ 86.25643863636364, 67.616944545454544 ], [ 86.292843636363642, 67.563979545454544 ], [ 86.383860636363636, 67.456420545454534 ], [ 86.455014636363643, 67.439860545454536 ], [ 86.560926636363632, 67.446493545454558 ], [ 86.577477636363625, 67.41007954545455 ], [ 86.594028636363646, 67.271074545454553 ], [ 86.633745636363642, 67.151914545454531 ], [ 86.671815636363647, 67.074145545454542 ], [ 86.661879636363636, 66.99471154545455 ], [ 86.655255636363648, 66.925195545454557 ], [ 86.704908636363626, 66.867280545454548 ], [ 86.736345636363637, 66.812659545454551 ], [ 86.72807463636363, 66.786190545454531 ], [ 86.623809636363632, 66.734890545454533 ], [ 86.52616863636365, 66.711715545454553 ], [ 86.312697636363652, 66.638914545454554 ], [ 86.268021636363642, 66.589261545454548 ], [ 86.279595636363638, 66.577678545454546 ], [ 86.367309636363643, 66.556159545454534 ], [ 86.435160636363634, 66.556159545454534 ], [ 86.526177636363627, 66.571063545454535 ], [ 86.632089636363645, 66.597532545454555 ], [ 86.708220636363649, 66.610780545454531 ], [ 86.782677636363644, 66.612427545454551 ], [ 86.878662636363629, 66.594229545454539 ], [ 86.992845636363626, 66.556159545454534 ], [ 87.095454636363627, 66.51313954545455 ], [ 87.211302636363627, 66.45025654545455 ], [ 87.350307636363624, 66.403915545454538 ], [ 87.487656636363624, 66.377446545454546 ], [ 87.529038636363651, 66.35261554545454 ], [ 87.524079636363638, 66.339385545454547 ], [ 87.481041636363642, 66.286420545454547 ], [ 87.358578636363632, 66.25994254545455 ], [ 87.27914463636364, 66.235120545454549 ], [ 87.28575963636365, 66.163957545454537 ], [ 87.302310636363643, 66.139144545454542 ], [ 87.439659636363643, 66.119281545454555 ], [ 87.702810636363637, 66.104377545454554 ], [ 87.88317963636365, 66.089482545454558 ], [ 87.937791636363642, 66.067981545454558 ], [ 87.955989636363626, 66.028264545454533 ], [ 87.939438636363633, 65.965381545454534 ], [ 87.835191636363646, 65.940550545454556 ], [ 87.768996636363624, 65.89089754545455 ], [ 87.812007636363631, 65.804857545454553 ], [ 87.888138636363635, 65.768443545454545 ], [ 87.980820636363632, 65.768443545454545 ], [ 88.028808636363635, 65.732038545454543 ], [ 88.042038636363628, 65.712175545454556 ], [ 88.050327636363647, 65.66584354545455 ], [ 88.051974636363639, 65.602951545454545 ], [ 88.025496636363641, 65.558275545454535 ], [ 87.982467636363651, 65.46561154545455 ], [ 87.965907636363625, 65.396095545454557 ], [ 87.962622636363648, 65.33982754545454 ], [ 87.949374636363643, 65.285215545454548 ], [ 87.896427636363626, 65.232268545454531 ], [ 87.894762636363652, 65.207446545454559 ], [ 87.896427636363626, 65.152834545454539 ], [ 87.891441636363652, 65.093263545454533 ], [ 87.87324363636364, 65.055193545454557 ], [ 87.843462636363626, 65.007196545454548 ], [ 87.805392636363649, 64.959208545454544 ], [ 87.805392636363649, 64.919491545454548 ], [ 87.802089636363633, 64.864879545454556 ], [ 87.772308636363647, 64.790422545454533 ], [ 87.732591636363651, 64.732498545454547 ], [ 87.663075636363629, 64.697740545454536 ], [ 87.615078636363648, 64.681198545454549 ], [ 87.555507636363643, 64.575286545454532 ], [ 87.527373636363649, 64.502476545454556 ], [ 87.547245636363641, 64.409794545454531 ], [ 87.570402636363639, 64.383316545454534 ], [ 87.591921636363651, 64.35186154545454 ], [ 87.565443636363625, 64.285675545454552 ], [ 87.548892636363632, 64.20459454545454 ], [ 87.529038636363651, 64.090393545454532 ], [ 87.552195636363649, 64.058965545454555 ], [ 87.591921636363651, 64.022551545454547 ], [ 87.618390636363642, 63.991114545454543 ], [ 87.621702636363636, 63.966292545454543 ], [ 87.558819636363637, 63.88520254545454 ], [ 87.44795763636364, 63.795841545454543 ], [ 87.370161636363633, 63.74453254545454 ], [ 87.340380636363648, 63.716398545454545 ], [ 87.33210963636364, 63.698200545454547 ], [ 87.343692636363642, 63.673378545454547 ], [ 87.371826636363636, 63.650221545454549 ], [ 87.380097636363644, 63.608839545454551 ], [ 87.365202636363648, 63.54430054545454 ], [ 87.351972636363627, 63.504583545454544 ], [ 87.333756636363631, 63.479761545454544 ], [ 87.310581636363651, 63.454939545454543 ], [ 87.247698636363651, 63.408607545454551 ], [ 87.241092636363646, 63.395359545454546 ], [ 87.254322636363639, 63.368872545454543 ], [ 87.269208636363629, 63.353986545454539 ], [ 87.308943636363637, 63.339100545454549 ], [ 87.380097636363644, 63.327508545454542 ], [ 87.550539636363652, 63.289447545454543 ], [ 87.621702636363636, 63.26132254545454 ], [ 87.686241636363633, 63.238156545454551 ], [ 87.755757636363626, 63.21829354545455 ], [ 87.868284636363626, 63.183535545454539 ], [ 87.997362636363647, 63.120643545454548 ], [ 88.106577636363625, 63.049489545454541 ], [ 88.152927636363643, 62.998189545454544 ], [ 88.177749636363643, 62.94027454545455 ], [ 88.235673636363629, 62.908819545454541 ], [ 88.339920636363644, 62.882341545454544 ], [ 88.392885636363644, 62.865799545454543 ], [ 88.442520636363639, 62.844280545454545 ], [ 88.475622636363624, 62.819458545454545 ], [ 88.478925636363641, 62.804563545454549 ], [ 88.472319636363636, 62.774782545454549 ], [ 88.462392636363631, 62.746657545454546 ], [ 88.487205636363626, 62.715211545454544 ], [ 88.548423636363651, 62.660599545454538 ], [ 88.609659636363631, 62.612611545454548 ], [ 88.705644636363644, 62.549719545454543 ], [ 88.78344063636365, 62.50173154545454 ], [ 88.818171636363644, 62.481859545454547 ], [ 88.86782463636365, 62.466973545454543 ], [ 88.963809636363635, 62.448775545454545 ], [ 88.988640636363641, 62.43884854545454 ], [ 89.011788636363633, 62.427256545454547 ], [ 89.023371636363635, 62.397475545454547 ], [ 89.014416636363649, 62.362483545454545 ], [ 88.996920636363626, 62.299708545454543 ], [ 89.316069636363636, 61.887490545454547 ], [ 89.703033636363642, 61.76471254545455 ], [ 89.798307636363631, 61.701100545454544 ], [ 89.772756636363624, 61.575532545454543 ], [ 90.042189636363645, 61.61331454545455 ], [ 90.203577636363633, 61.559152545454545 ], [ 90.10968963636364, 61.474426545454541 ], [ 89.695779636363625, 61.366507545454546 ], [ 89.611080636363624, 61.200250545454544 ], [ 89.639169636363647, 61.106191545454543 ], [ 89.814408636363652, 60.824707545454551 ], [ 90.010797636363634, 60.672760545454544 ], [ 89.998854636363632, 60.578602545454551 ], [ 90.181356636363631, 60.360532545454539 ], [ 90.070530636363628, 60.354430545454541 ], [ 90.061908636363626, 60.319978545454539 ], [ 90.381912636363637, 60.216091545454539 ], [ 90.643038636363627, 60.01081054545454 ], [ 90.698856636363644, 59.889706545454551 ], [ 90.811905636363633, 59.81776054545454 ], [ 90.782196636363636, 59.74915354545454 ], [ 90.886362636363629, 59.681923545454545 ], [ 90.876912636363642, 59.559973545454547 ], [ 91.334976636363649, 59.27303554545454 ], [ 91.350798636363663, 59.178319545454549 ], [ 91.658580636363638, 59.071363545454538 ], [ 91.744692636363652, 58.95553354545455 ], [ 91.717476636363642, 58.886647545454544 ], [ 91.956084636363641, 58.892209545454541 ], [ 92.083308636363654, 58.811650545454548 ], [ 92.090805636363655, 58.77608254545455 ], [ 91.95663363636362, 58.727761545454548 ], [ 92.078583636363646, 58.686100545454543 ], [ 92.103027636363663, 58.501915545454544 ], [ 92.299137636363639, 58.448032545454545 ], [ 92.274414636363645, 58.393861545454548 ], [ 92.437746636363613, 58.329142545454552 ], [ 92.426640636363629, 58.274422545454549 ], [ 92.591358636363623, 58.160536545454541 ], [ 92.745240636363633, 58.125814545454539 ], [ 92.861358636363661, 58.151374545454551 ], [ 92.986755636363625, 58.088041545454551 ], [ 93.006087636363645, 58.018588545454541 ], [ 93.162183636363636, 58.012765545454549 ], [ 93.23551563636363, 57.862762545454551 ], [ 93.315516636363611, 57.542488545454539 ], [ 93.241347636363628, 57.48803854545455 ], [ 93.236082636363619, 57.370534545454539 ], [ 93.457473636363659, 57.215266545454547 ], [ 93.454701636363666, 57.065263545454549 ], [ 93.389982636363641, 57.02542954545455 ], [ 93.496083636363664, 56.812759545454547 ], [ 93.619419636363659, 56.781655545454548 ], [ 93.597198636363657, 56.74608754545455 ], [ 93.763023636363641, 56.621653545454542 ], [ 93.78269763636365, 56.529709545454544 ], [ 93.684399636363651, 56.472748545454543 ], [ 93.696351636363659, 56.410261545454539 ], [ 93.59886363636366, 56.378032545454538 ], [ 93.578307636363661, 56.31694054545455 ], [ 93.476904636363656, 56.311369545454546 ], [ 93.40441863636363, 56.201641545454542 ], [ 93.151365636363664, 56.144149545454546 ], [ 93.147198636363612, 56.055265545454539 ], [ 92.864409636363632, 55.994137545454542 ], [ 92.324985636363635, 55.957210545454551 ], [ 92.243031636363639, 55.843594545454543 ], [ 92.474412636363638, 55.720816545454547 ], [ 92.500260636363635, 55.604428545454546 ], [ 92.410539636363637, 55.493053545454551 ], [ 92.364387636363631, 55.447405545454551 ], [ 92.314374636363652, 55.386223545454548 ], [ 92.238621636363632, 55.313863545454545 ], [ 92.157027636363637, 55.248793545454539 ], [ 92.111370636363631, 55.225969545454539 ], [ 91.997754636363652, 55.183246545454544 ], [ 91.887036636363632, 55.155562545454551 ], [ 91.72581963636361, 55.128364545454538 ], [ 91.575762636363663, 55.106026545454547 ], [ 91.475232636363614, 55.086118545454546 ], [ 91.326147636363658, 55.058443545454544 ], [ 91.263498636363636, 55.05649954545455 ], [ 91.198923636363645, 55.060387545454539 ], [ 91.131909636363616, 55.048723545454543 ], [ 91.059558636363647, 55.021048545454541 ], [ 91.010994636363648, 54.982186545454546 ], [ 90.975534636363648, 54.931687545454544 ], [ 90.953691636363629, 54.872935545454546 ], [ 90.941073636363626, 54.799126545454548 ], [ 90.937185636363637, 54.693259545454545 ], [ 90.943980636363648, 54.642760545454543 ], [ 91.001769636363633, 54.619441545454542 ], [ 91.05519363636364, 54.60147754545455 ], [ 91.178529636363635, 54.553408545454538 ], [ 91.22951463636366, 54.526696545454548 ], [ 91.263993636363637, 54.494161545454538 ], [ 91.270797636363625, 54.427624545454542 ], [ 91.318389636363634, 54.357703545454548 ], [ 91.374711636363656, 54.296035545454551 ], [ 91.436379636363654, 54.232900545454548 ], [ 91.483494636363616, 54.177064545454549 ], [ 91.542732636363667, 54.104713545454551 ], [ 91.549527636363621, 54.090619545454551 ], [ 91.551957636363625, 54.069253545454551 ], [ 91.547592636363618, 54.017296545454549 ], [ 91.527693636363665, 53.985247545454548 ], [ 91.503420636363614, 53.950759545454538 ], [ 91.434444636363651, 53.882287545454538 ], [ 91.432014636363647, 53.856565545454551 ], [ 91.447062636363626, 53.804599545454543 ], [ 91.464063636363619, 53.774494545454552 ], [ 91.496607636363649, 53.754577545454545 ], [ 91.512141636363651, 53.73419254545454 ], [ 91.601367636363648, 53.696086545454541 ], [ 91.546080636363627, 53.634706545454542 ], [ 91.621356636363657, 53.609713545454547 ], [ 91.660245636363641, 53.539711545454544 ], [ 91.908312636363632, 53.450260545454547 ], [ 91.966371636363647, 53.375821545454549 ], [ 91.731642636363631, 53.179153545454547 ], [ 91.477194636363663, 53.150821545454541 ], [ 91.439682636363614, 53.097478545454543 ], [ 91.514148636363643, 52.98581554545455 ], [ 91.318308636363611, 52.757494545454541 ], [ 91.473018636363634, 52.653310545454538 ], [ 91.733307636363634, 52.68387454545455 ], [ 91.78469763636366, 52.642762545454538 ], [ 91.728024636363614, 52.641097545454549 ], [ 91.768866636363612, 52.589149545454539 ], [ 92.113296636363657, 52.564426545454545 ], [ 92.202756636363631, 52.616923545454547 ], [ 92.320530636363628, 52.582210545454551 ], [ 92.304690636363659, 52.479142545454543 ], [ 92.474133636363661, 52.358884545454551 ], [ 92.464422636363622, 52.314991545454539 ], [ 92.329971636363666, 52.153306545454548 ], [ 92.014692636363634, 52.001656545454544 ], [ 91.983579636363629, 51.941086545454546 ], [ 92.158863636363662, 51.774154545454543 ], [ 92.743854636363665, 51.573868545454538 ], [ 93.216084636363632, 51.592750545454543 ], [ 93.991074636363635, 51.563869545454544 ], [ 94.465122636363617, 51.727057545454549 ], [ 94.409133636363663, 51.933868545454551 ], [ 94.489962636363657, 52.023319545454548 ], [ 94.412184636363634, 52.016650545454546 ], [ 94.371081636363613, 52.076653545454541 ], [ 94.602462636363612, 52.281376545454542 ], [ 94.654968636363662, 52.313047545454545 ], [ 94.72386363636366, 52.351099545454538 ], [ 94.800516636363625, 52.457767545454551 ], [ 95.34330663636365, 52.523602545454544 ], [ 95.496351636363613, 52.647208545454539 ], [ 95.840529636363613, 52.695538545454546 ], [ 95.967474636363647, 52.629982545454546 ], [ 96.124677636363629, 52.450540545454551 ], [ 96.125793636363653, 52.345816545454547 ], [ 96.05246163636366, 52.264717545454538 ], [ 96.523296636363625, 52.257490545454552 ], [ 96.611082636363619, 52.164700545454544 ], [ 97.085526636363625, 52.172764545454548 ], [ 97.186623636363663, 52.131373545454544 ], [ 97.466370636363649, 52.170820545454539 ], [ 97.734408636363639, 52.120276545454551 ], [ 97.909404636363661, 52.13053654545454 ], [ 97.963863636363612, 52.206937545454544 ], [ 98.568321636363635, 52.32776254545454 ], [ 98.613303636363639, 52.43581654545455 ], [ 98.735514636363632, 52.51165054545455 ] ] ] } },
{ "type": "Feature", "properties": { "NAME": "Congo", "SYSTEM": "Congo", "MILES": 1706.52991, "KILOMETERS": 2746.39917 }, "geometry": { "type": "LineString", "coordinates": [ [ 13.178877636363637, -5.856328454545459 ], [ 13.245000636363642, -5.861386454545457 ], [ 13.391790636363623, -5.855023454545456 ], [ 13.57777563636364, -5.691943454545456 ], [ 13.584156636363645, -5.627503454545458 ], [ 13.539993636363647, -5.542498454545456 ], [ 13.614153636363625, -5.506660454545457 ], [ 13.529715636363647, -5.386105454545458 ], [ 13.539993636363647, -5.344723454545456 ], [ 13.628877636363626, -5.283613454545456 ], [ 13.718868636363624, -5.318893454545456 ], [ 13.751664636363643, -5.267224454545456 ], [ 13.842771636363636, -5.316112454545458 ], [ 13.961652636363624, -5.196106454545458 ], [ 13.983603636363625, -5.049163454545457 ], [ 14.054145636363643, -5.025871454545456 ], [ 14.163873636363633, -4.922497454545457 ], [ 14.416107636363648, -4.889161454545459 ], [ 14.418888636363647, -4.887217454545457 ], [ 14.488260636363634, -4.840903454545455 ], [ 14.562771636363635, -4.861810454545456 ], [ 14.586243636363633, -4.884931454545459 ], [ 14.638749636363627, -4.907152454545454 ], [ 14.669304636363648, -4.907224454545457 ], [ 14.706105636363645, -4.892635454545456 ], [ 14.832006636363644, -4.819024454545456 ], [ 14.87526963636364, -4.737781454545456 ], [ 14.893053636363646, -4.699999454545456 ], [ 14.910828636363647, -4.669444454545456 ], [ 14.926659636363638, -4.649860454545454 ], [ 15.015417636363622, -4.559311454545458 ], [ 15.072495636363641, -4.519999454545456 ], [ 15.092502636363633, -4.502080454545457 ], [ 15.133605636363626, -4.450132454545454 ], [ 15.149436636363646, -4.423564454545456 ], [ 15.196389636363648, -4.35388645454546 ], [ 15.218052636363637, -4.334023454545459 ], [ 15.273051636363647, -4.306663454545458 ], [ 15.284310636363642, -4.295836454545459 ], [ 15.328050636363628, -4.277215454545455 ], [ 15.332622636363624, -4.27832245454546 ], [ 15.351387636363626, -4.281661454545457 ], [ 15.391248636363628, -4.29041845454546 ], [ 15.41583663636365, -4.29569245454546 ], [ 15.451386636363623, -4.272922454545458 ], [ 15.468054636363632, -4.251808454545454 ], [ 15.485838636363638, -4.217635454545459 ], [ 15.488052636363648, -4.177360454545457 ], [ 15.483120636363623, -4.15329445454546 ], [ 15.485838636363638, -4.140136454545456 ], [ 15.516105636363648, -4.096387454545457 ], [ 15.520686636363649, -4.078189454545459 ], [ 15.53527563636365, -4.058191454545458 ], [ 15.564444636363646, -4.039165454545454 ], [ 15.584442636363633, -4.03194745454546 ], [ 15.691947636363636, -3.995551454545456 ], [ 15.768051636363623, -3.986110454545454 ], [ 15.835830636363625, -3.971809454545458 ], [ 15.86221863636365, -3.960550454545455 ], [ 15.880281636363634, -3.95110945454546 ], [ 15.890505636363628, -3.943009454545454 ], [ 15.924444636363631, -3.885004454545459 ], [ 15.979164636363635, -3.766393454545458 ], [ 16.058337636363632, -3.606805454545459 ], [ 16.084302636363645, -3.587779454545455 ], [ 16.105830636363635, -3.56083345454546 ], [ 16.128609636363649, -3.521665454545456 ], [ 16.187496636363647, -3.413890454545459 ], [ 16.219167636363636, -3.348334454545459 ], [ 16.226943636363643, -3.328336454545457 ], [ 16.227078636363643, -3.30249745454546 ], [ 16.218609636363624, -3.283471454545456 ], [ 16.196946636363634, -3.263887454545454 ], [ 16.188612636363644, -3.133333454545458 ], [ 16.193337636363623, -3.096109454545456 ], [ 16.195830636363638, -3.000556454545453 ], [ 16.187523636363636, -2.942020454545457 ], [ 16.186110636363622, -2.935279454545459 ], [ 16.182222636363633, -2.911663454545454 ], [ 16.18263663636364, -2.878750454545454 ], [ 16.202769636363627, -2.753056454545458 ], [ 16.208052636363647, -2.723608454545456 ], [ 16.214028636363651, -2.70208045454546 ], [ 16.215693636363625, -2.52721945454546 ], [ 16.188054636363631, -2.394577454545455 ], [ 16.186110636363622, -2.359162454545455 ], [ 16.183887636363636, -2.306944454545459 ], [ 16.183887636363636, -2.245834454545459 ], [ 16.187217636363641, -2.214163454545456 ], [ 16.194030636363635, -2.180971454545457 ], [ 16.206945636363628, -2.158894454545454 ], [ 16.243890636363631, -2.113192454545455 ], [ 16.269720636363644, -2.090836454545453 ], [ 16.337499636363646, -2.048887454545458 ], [ 16.367496636363626, -2.023894454545456 ], [ 16.407501636363634, -1.988056454545458 ], [ 16.462221636363637, -1.937503454545457 ], [ 16.513611636363635, -1.882504454545455 ], [ 16.528434636363642, -1.862461454545453 ], [ 16.532772636363632, -1.853335454545459 ], [ 16.544166636363627, -1.83027745454546 ], [ 16.603611636363638, -1.724446454545458 ], [ 16.627497636363643, -1.686394454545457 ], [ 16.656801636363639, -1.639999454545453 ], [ 16.669446636363631, -1.598887454545455 ], [ 16.671363636363623, -1.59130945454546 ], [ 16.67805063636365, -1.572778454545457 ], [ 16.711107636363636, -1.488889454545458 ], [ 16.719720636363633, -1.469719454545455 ], [ 16.738611636363629, -1.433611454545456 ], [ 16.750554636363631, -1.411111454545456 ], [ 16.801530636363623, -1.324441454545457 ], [ 16.861947636363624, -1.254448454545454 ], [ 16.878606636363628, -1.236664454545455 ], [ 16.946394636363635, -1.173610454545454 ], [ 16.968057636363625, -1.153891454545459 ], [ 17.121948636363641, -1.068337454545457 ], [ 17.159163636363644, -1.054234454545458 ], [ 17.212497636363622, -1.04472145454546 ], [ 17.248884636363641, -1.03944745454546 ], [ 17.271249636363649, -1.034443454545453 ], [ 17.298609636363636, -1.020691454545457 ], [ 17.323053636363625, -1.00416745454546 ], [ 17.397771636363643, -0.941113454545459 ], [ 17.548890636363637, -0.779716454545458 ], [ 17.558295636363624, -0.763813454545456 ], [ 17.618604636363642, -0.695134454545453 ], [ 17.681811636363648, -0.603757454545459 ], [ 17.697498636363633, -0.574714454545457 ], [ 17.712222636363634, -0.544717454545456 ], [ 17.714265636363649, -0.537427454545458 ], [ 17.75894163636363, -0.524773454545453 ], [ 17.898432636363623, -0.38210545454546 ], [ 17.993535636363646, -0.280666454545454 ], [ 18.047436636363642, -0.22042945454546 ], [ 18.123522636363646, -0.128503454545459 ], [ 18.161556636363628, -0.071434454545454 ], [ 18.231297636363649, 0.137797545454546 ], [ 18.262995636363627, 0.255103545454546 ], [ 18.28518963636364, 0.45482254545454 ], [ 18.313728636363635, 0.540412545454544 ], [ 18.32640963636365, 0.600649545454544 ], [ 18.329577636363638, 0.676726545454542 ], [ 18.345426636363641, 0.816217545454542 ], [ 18.424680636363632, 0.946195545454543 ], [ 18.561003636363637, 1.092031545454546 ], [ 18.640257636363629, 1.168108545454544 ], [ 18.767067636363635, 1.253707545454546 ], [ 19.065066636363639, 1.507318545454545 ], [ 19.166505636363638, 1.577059545454546 ], [ 19.40743563636363, 1.681684545454544 ], [ 19.752990636363648, 1.824334545454541 ], [ 19.978071636363637, 1.900420545454544 ], [ 20.120730636363646, 1.938463545454546 ], [ 20.266566636363649, 1.96382554545454 ], [ 20.513832636363645, 1.998700545454547 ], [ 20.637474636363635, 1.998700545454547 ], [ 20.95449063636363, 1.992355545454544 ], [ 21.071787636363638, 1.995523545454546 ], [ 21.166899636363638, 2.008213545454545 ], [ 21.287364636363634, 2.049415545454544 ], [ 21.341256636363624, 2.077954545454546 ], [ 21.382476636363634, 2.090635545454546 ], [ 21.563160636363648, 2.138191545454546 ], [ 21.667785636363647, 2.138191545454546 ], [ 21.762888636363641, 2.144527545454544 ], [ 21.870681636363628, 2.157208545454544 ], [ 22.006995636363627, 2.179402545454543 ], [ 22.111611636363648, 2.188906545454543 ], [ 22.213050636363647, 2.188906545454543 ], [ 22.32401163636365, 2.179402545454543 ], [ 22.460325636363649, 2.157208545454544 ], [ 22.571286636363624, 2.100148545454545 ], [ 22.675902636363645, 2.01138154545454 ], [ 22.723458636363631, 1.96382554545454 ], [ 22.818561636363626, 1.922614545454543 ], [ 22.891470636363636, 1.909933545454543 ], [ 22.948539636363648, 1.897252545454542 ], [ 23.005599636363627, 1.871890545454541 ], [ 23.081694636363636, 1.80214954545454 ], [ 23.183133636363635, 1.662658545454541 ], [ 23.287758636363634, 1.523176545454547 ], [ 23.363835636363632, 1.453426545454541 ], [ 23.446266636363646, 1.374172545454542 ], [ 23.56989963636363, 1.206151545454546 ], [ 23.617455636363644, 1.168108545454544 ], [ 23.671347636363635, 1.130065545454542 ], [ 23.750601636363626, 1.101535545454546 ], [ 23.807661636363633, 1.088854545454545 ], [ 23.877411636363632, 1.079341545454547 ], [ 23.902764636363628, 1.072996545454544 ], [ 23.95348863636363, 1.050811545454543 ], [ 24.105660636363638, 0.984238545454545 ], [ 24.175401636363631, 0.943027545454541 ], [ 24.200763636363632, 0.914488545454546 ], [ 24.254655636363623, 0.83523454545454 ], [ 24.295875636363633, 0.765502545454545 ], [ 24.330741636363626, 0.752821545454545 ], [ 24.349767636363623, 0.749644545454544 ], [ 24.413163636363635, 0.746476545454541 ], [ 24.511443636363623, 0.746476545454541 ], [ 24.555831636363649, 0.724282545454543 ], [ 24.590697636363643, 0.683071545454546 ], [ 24.76360563636365, 0.573613545454542 ], [ 25.045197636363639, 0.547954545454544 ], [ 25.344438636363634, 0.379285545454543 ], [ 25.496655636363641, 0.231388545454543 ], [ 25.561383636363644, -0.124444454545454 ], [ 25.537209636363627, -0.250840454545454 ], [ 25.408041636363635, -0.40834045454546 ], [ 25.437768636363643, -0.629443454545459 ], [ 25.858914636363636, -1.389646454545456 ], [ 25.856556636363649, -1.655785454545459 ], [ 25.761381636363637, -2.112499454545457 ], [ 25.790541636363628, -2.497780454545456 ], [ 25.877490636363632, -2.755036454545454 ], [ 25.945827636363646, -2.827783454545454 ], [ 25.880820636363637, -3.388888454545459 ], [ 25.898874636363644, -3.481660454545455 ], [ 26.055267636363624, -3.721105454545459 ], [ 25.989153636363625, -3.997783454545456 ], [ 26.002221636363629, -4.060837454545457 ], [ 26.288043636363625, -4.33861345454546 ], [ 26.471940636363627, -4.41694945454546 ], [ 26.57221863636363, -4.530277454545455 ], [ 26.733885636363624, -4.595554454545457 ], [ 26.858904636363633, -4.775230454545458 ], [ 26.96249463636363, -5.066389454545458 ], [ 26.97527463636365, -5.245552454545457 ], [ 27.023604636363643, -5.300839454545457 ], [ 26.924955636363649, -5.639743454545457 ] ] } },
{ "type": "Feature", "properties": { "NAME": "Darling", "SYSTEM": null, "MILES": 974.97263, "KILOMETERS": 1569.06949 }, "geometry": { "type": "LineString", "coordinates": [ [ 141.921843636363633, -34.122259454545457 ], [ 141.927765636363631, -34.083613454545457 ], [ 141.985779636363645, -33.866110454545456 ], [ 141.995517636363616, -33.853339454545456 ], [ 142.033875636363632, -33.815836454545455 ], [ 142.043577636363636, -33.810004454545457 ], [ 142.057194636363647, -33.808339454545461 ], [ 142.110780636363643, -33.806386454545461 ], [ 142.132722636363667, -33.811111454545454 ], [ 142.140255636363634, -33.810823454545456 ], [ 142.184967636363638, -33.802228454545457 ], [ 142.317195636363635, -33.742225454545455 ], [ 142.32689763636364, -33.737500454545454 ], [ 142.394721636363613, -33.699718454545454 ], [ 142.408014636363646, -33.690556454545458 ], [ 142.412757636363665, -33.686659454545456 ], [ 142.532475636363642, -33.544729454545461 ], [ 142.582452636363655, -33.453325454545457 ], [ 142.58691663636364, -33.442498454545458 ], [ 142.587465636363618, -33.435829454545456 ], [ 142.584135636363612, -33.407497454545457 ], [ 142.574982636363643, -33.394996454545456 ], [ 142.549134636363647, -33.369715454545457 ], [ 142.385802636363621, -33.231106454545454 ], [ 142.369422636363652, -33.223609454545461 ], [ 142.332738636363615, -33.222214454545458 ], [ 142.319121636363661, -33.218893454545459 ], [ 142.309959636363658, -33.212773454545456 ], [ 142.304406636363638, -33.203890454545459 ], [ 142.302183636363623, -33.186664454545458 ], [ 142.298034636363639, -33.13000045454546 ], [ 142.303317636363658, -33.112783454545458 ], [ 142.384983636363643, -32.987503454545461 ], [ 142.379943636363635, -32.958892454545456 ], [ 142.369962636363653, -32.895550454545457 ], [ 142.371060636363666, -32.829175454545457 ], [ 142.376622636363663, -32.658607454545461 ], [ 142.38442563636363, -32.515552454545457 ], [ 142.392759636363621, -32.429728454545454 ], [ 142.394136636363612, -32.417497454545455 ], [ 142.396944636363628, -32.412772454545461 ], [ 142.404972636363652, -32.406112454545458 ], [ 142.526922636363622, -32.321674454545459 ], [ 142.538568636363664, -32.317777454545457 ], [ 142.576629636363634, -32.318605454545455 ], [ 142.618560636363611, -32.308894454545459 ], [ 142.638306636363666, -32.29888645454546 ], [ 142.674990636363646, -32.275558454545461 ], [ 142.682190636363657, -32.268052454545455 ], [ 142.690515636363614, -32.24528245454546 ], [ 142.695528636363633, -32.220271454545454 ], [ 142.69998363636364, -32.209444454545455 ], [ 142.706634636363617, -32.201110454545457 ], [ 142.71970263636365, -32.19249745454546 ], [ 142.730799636363656, -32.18777245454546 ], [ 142.900269636363646, -32.115835454545461 ], [ 142.938294636363651, -32.11666345454546 ], [ 142.956636636363612, -32.112784454545455 ], [ 142.976346636363644, -32.102497454545457 ], [ 142.984410636363634, -32.095558454545454 ], [ 142.989963636363655, -32.087215454545458 ], [ 142.993005636363648, -32.081941454545458 ], [ 142.996065636363653, -32.069728454545455 ], [ 142.993005636363648, -32.059162454545458 ], [ 142.980252636363616, -32.043061454545459 ], [ 142.972746636363638, -32.03000245454546 ], [ 142.971621636363636, -32.024449454545461 ], [ 142.973016636363639, -32.010832454545458 ], [ 143.011104636363655, -31.905838454545457 ], [ 143.023317636363629, -31.89583945454546 ], [ 143.029149636363627, -31.894165454545458 ], [ 143.094975636363642, -31.885552454545458 ], [ 143.113281636363638, -31.881394454545458 ], [ 143.133612636363637, -31.871944454545456 ], [ 143.144439636363643, -31.860550454545457 ], [ 143.177181636363628, -31.811392454545459 ], [ 143.180259636363644, -31.806109454545457 ], [ 143.189421636363647, -31.770280454545457 ], [ 143.196072636363624, -31.761946454545459 ], [ 143.209959636363635, -31.753333454545459 ], [ 143.233305636363639, -31.746943454545459 ], [ 143.259981636363648, -31.744720454545458 ], [ 143.321901636363634, -31.740553454545456 ], [ 143.329677636363613, -31.735558454545458 ], [ 143.333304636363664, -31.731112454545457 ], [ 143.337732636363626, -31.712770454545456 ], [ 143.338047636363626, -31.693060454545456 ], [ 143.347200636363652, -31.642768454545458 ], [ 143.358000636363613, -31.609162454545459 ], [ 143.371887636363624, -31.584160454545458 ], [ 143.378295636363646, -31.575556454545456 ], [ 143.389977636363653, -31.565557454545456 ], [ 143.399418636363635, -31.560004454545457 ], [ 143.405241636363655, -31.557781454545456 ], [ 143.420253636363611, -31.560283454545456 ], [ 143.431917636363664, -31.564441454545459 ], [ 143.445795636363641, -31.580002454545458 ], [ 143.456910636363659, -31.597219454545456 ], [ 143.467746636363643, -31.602214454545457 ], [ 143.474118636363642, -31.601944454545457 ], [ 143.483037636363633, -31.594996454545459 ], [ 143.521908636363662, -31.551949454545458 ], [ 143.52914463636364, -31.536667454545459 ], [ 143.533329636363646, -31.518334454545457 ], [ 143.536929636363652, -31.514446454545457 ], [ 143.558871636363619, -31.491388454545458 ], [ 143.576079636363659, -31.479445454545456 ], [ 143.709405636363613, -31.441942454545458 ], [ 143.723841636363659, -31.443607454545457 ], [ 143.738277636363648, -31.452778454545459 ], [ 143.749995636363622, -31.457215454545459 ], [ 143.810790636363663, -31.452499454545457 ], [ 143.817198636363628, -31.451662454545456 ], [ 143.83968963636363, -31.44500245454546 ], [ 143.946357636363643, -31.409164454545458 ], [ 143.988864636363644, -31.393054454545457 ], [ 144.004155636363635, -31.385836454545458 ], [ 144.017763636363668, -31.377223454545458 ], [ 144.022218636363618, -31.374172454545459 ], [ 144.028590636363617, -31.365550454545456 ], [ 144.034143636363638, -31.348891454545459 ], [ 144.043296636363664, -31.32110845454546 ], [ 144.043854636363619, -31.31583445454546 ], [ 144.040524636363614, -31.298338454545458 ], [ 144.027771636363639, -31.263058454545458 ], [ 144.023316636363631, -31.253050454545459 ], [ 144.016665636363655, -31.245283454545458 ], [ 144.01471263636364, -31.240270454545456 ], [ 144.01471263636364, -31.234159454545456 ], [ 144.016665636363655, -31.228606454545456 ], [ 144.025269636363646, -31.21471945454546 ], [ 144.033324636363659, -31.207771454545458 ], [ 144.148317636363629, -31.136113454545459 ], [ 144.17718063636363, -31.120840454545458 ], [ 144.239964636363652, -31.094443454545456 ], [ 144.321351636363659, -31.088890454545457 ], [ 144.333591636363622, -31.086388454545457 ], [ 144.34524663636364, -31.075282454545459 ], [ 144.370788636363613, -31.041388454545459 ], [ 144.371337636363648, -31.035277454545458 ], [ 144.359412636363629, -31.024171454545456 ], [ 144.359124636363617, -31.01167045454546 ], [ 144.361077636363632, -31.006387454545457 ], [ 144.367467636363642, -30.998053454545456 ], [ 144.419982636363613, -30.933325454545457 ], [ 144.424140636363632, -30.930283454545457 ], [ 144.488283636363633, -30.905839454545458 ], [ 144.541356636363616, -30.893338454545457 ], [ 144.55663863636363, -30.89305045454546 ], [ 144.571902636363632, -30.900268454545458 ], [ 144.579138636363666, -30.901393454545456 ], [ 144.637755636363636, -30.907504454545457 ], [ 144.651642636363647, -30.906388454545457 ], [ 144.663882636363667, -30.903058454545459 ], [ 144.683043636363664, -30.893338454545457 ], [ 144.705228636363643, -30.877498454545456 ], [ 144.716064636363626, -30.865834454545457 ], [ 144.748293636363655, -30.809449454545458 ], [ 144.776922636363622, -30.756394454545458 ], [ 144.78164763636363, -30.746386454545458 ], [ 144.790800636363656, -30.733327454545456 ], [ 144.798036636363634, -30.725551454545457 ], [ 144.911373636363635, -30.651661454545458 ], [ 144.959685636363645, -30.631393454545456 ], [ 144.973014636363644, -30.631663454545457 ], [ 144.986640636363632, -30.640834454545455 ], [ 144.99301263636363, -30.642499454545458 ], [ 145.007196636363631, -30.643336454545459 ], [ 145.013028636363629, -30.641662454545457 ], [ 145.03219863636366, -30.631393454545456 ], [ 145.059963636363648, -30.607498454545457 ], [ 145.113594636363644, -30.556666454545457 ], [ 145.120515636363621, -30.548890454545457 ], [ 145.213287636363646, -30.482497454545459 ], [ 145.240782636363633, -30.486385454545456 ], [ 145.247190636363655, -30.484720454545457 ], [ 145.300263636363638, -30.462499454545458 ], [ 145.319973636363613, -30.452779454545457 ], [ 145.324977636363656, -30.442771454545458 ], [ 145.333860636363625, -30.422503454545456 ], [ 145.335777636363616, -30.415276454545456 ], [ 145.363587636363661, -30.361942454545456 ], [ 145.428036636363629, -30.224449454545457 ], [ 145.436100636363619, -30.202777454545458 ], [ 145.436919636363655, -30.175282454545457 ], [ 145.427460636363662, -30.144448454545458 ], [ 145.414428636363652, -30.109447454545457 ], [ 145.392765636363663, -30.054448454545458 ], [ 145.385799636363629, -30.040282454545459 ], [ 145.382721636363613, -30.029725454545456 ], [ 145.382172636363634, -30.017503454545459 ], [ 145.385799636363629, -29.970838454545458 ], [ 145.432464636363648, -29.798335454545459 ], [ 145.439421636363647, -29.782504454545457 ], [ 145.448295636363639, -29.769175454545458 ], [ 145.463010636363663, -29.754172454545458 ], [ 145.47552963636366, -29.744722454545457 ], [ 145.538295636363614, -29.703889454545457 ], [ 145.556637636363632, -29.692504454545457 ], [ 145.616055636363626, -29.670553454545455 ], [ 145.63024863636366, -29.670274454545456 ], [ 145.656096636363657, -29.676664454545456 ], [ 145.662468636363656, -29.675557454545459 ], [ 145.667211636363618, -29.673055454545455 ], [ 145.678317636363658, -29.661949454545457 ], [ 145.683870636363622, -29.652778454545459 ], [ 145.72247163636365, -29.563057454545458 ], [ 145.746915636363667, -29.484721454545458 ], [ 145.757202636363616, -29.472769454545457 ], [ 145.787757636363665, -29.458054454545458 ], [ 145.800267636363628, -29.448613454545459 ], [ 145.834404636363615, -29.394163454545456 ], [ 145.84442163636362, -29.367217454545457 ], [ 145.843566636363619, -29.317222454545458 ], [ 145.83746463636362, -29.229445454545456 ], [ 145.835232636363628, -29.218330454545459 ], [ 145.827753636363639, -29.204722454545458 ], [ 145.780269636363641, -29.125000454545457 ], [ 145.741911636363625, -29.069722454545456 ], [ 145.709412636363652, -29.005282454545458 ], [ 145.651920636363627, -28.874719454545456 ], [ 145.634154636363633, -28.83027745454546 ], [ 145.631076636363616, -28.819999454545457 ], [ 145.611357636363664, -28.690003454545458 ], [ 145.614678636363635, -28.679167454545457 ], [ 145.624974636363618, -28.659160454545457 ], [ 145.669128636363666, -28.592497454545459 ], [ 145.675266636363631, -28.584730454545458 ], [ 145.68719163636365, -28.57444345454546 ], [ 145.726899636363612, -28.555282454545456 ], [ 145.749120636363614, -28.540837454545457 ], [ 145.75888563636363, -28.529164454545459 ], [ 145.765536636363663, -28.512217454545457 ], [ 145.765806636363664, -28.499167454545457 ], [ 145.761378636363645, -28.48305745454546 ], [ 145.740777636363646, -28.447498454545457 ], [ 145.73690763636364, -28.437778454545459 ], [ 145.727754636363613, -28.412497454545459 ], [ 145.723020636363628, -28.384723454545458 ], [ 145.721076636363648, -28.328050454545455 ], [ 145.72220163636365, -28.321948454545456 ], [ 145.728852636363627, -28.306666454545457 ], [ 145.743837636363651, -28.284724454545458 ], [ 145.747743636363623, -28.274176454545458 ], [ 145.748562636363658, -28.266391454545456 ], [ 145.746060636363666, -28.255285454545458 ], [ 145.73550363636366, -28.23194845454546 ], [ 145.713291636363635, -28.196389454545457 ], [ 145.700529636363626, -28.180558454545455 ], [ 145.695795636363641, -28.171108454545458 ], [ 145.679406636363638, -28.090558454545459 ], [ 145.676094636363644, -28.073053454545459 ], [ 145.676094636363644, -27.991378454545458 ], [ 145.687749636363662, -27.880552454545459 ], [ 145.693023636363648, -27.863605454545457 ], [ 145.710510636363665, -27.837226454545458 ], [ 145.777191636363625, -27.758053454545458 ], [ 145.784976636363638, -27.750277454545458 ], [ 145.814415636363663, -27.728605454545459 ], [ 145.824675636363622, -27.716941454545456 ], [ 145.836087636363629, -27.700273454545457 ], [ 145.842189636363628, -27.690553454545459 ], [ 145.846068636363611, -27.671941454545458 ], [ 145.840002636363636, -27.638632454545458 ], [ 145.860783636363635, -27.589717454545458 ], [ 145.866633636363645, -27.57360745454546 ], [ 145.906098636363652, -27.450838454545458 ], [ 145.937193636363645, -27.346105454545459 ], [ 145.95663363636362, -27.249715454545459 ], [ 145.954410636363662, -27.237781454545456 ], [ 145.949712636363643, -27.229159454545456 ], [ 145.925538636363626, -27.20861245454546 ], [ 145.918581636363626, -27.201394454545458 ], [ 145.913883636363664, -27.192772454545455 ], [ 145.91193063636365, -27.187219454545456 ], [ 145.907475636363642, -27.122230454545459 ], [ 145.907745636363643, -27.115552454545458 ], [ 145.950252636363643, -27.004447454545456 ], [ 145.962735636363618, -26.979166454545457 ], [ 145.977441636363665, -26.959447454545458 ], [ 145.986909636363634, -26.953057454545458 ], [ 145.99746663636364, -26.948890454545456 ], [ 146.004972636363618, -26.941663454545456 ], [ 146.030271636363636, -26.901388454545458 ], [ 146.038569636363661, -26.879716454545459 ], [ 146.042484636363668, -26.840836454545457 ], [ 146.044221636363659, -26.822116454545458 ], [ 146.043852636363624, -26.818336454545459 ], [ 146.047767636363631, -26.807500454545455 ], [ 146.057190636363657, -26.794999454545458 ], [ 146.099697636363658, -26.751943454545458 ], [ 146.163300636363658, -26.647219454545457 ], [ 146.177466636363647, -26.623891454545458 ], [ 146.189418636363655, -26.58555145454546 ], [ 146.20745463636365, -26.504722454545458 ], [ 146.208867636363664, -26.472502454545456 ], [ 146.206365636363614, -26.442775454545455 ], [ 146.21023563636362, -26.431390454545458 ], [ 146.218290636363633, -26.417215454545456 ], [ 146.23040463636363, -26.400124454545455 ], [ 146.237739636363642, -26.392501454545457 ], [ 146.258025636363641, -26.376391454545455 ], [ 146.303592636363646, -26.350003454545458 ], [ 146.310243636363623, -26.342227454545458 ], [ 146.315517636363666, -26.333605454545456 ], [ 146.424138636363637, -26.126110454545458 ], [ 146.422761636363646, -26.114167454545459 ], [ 146.418855636363617, -26.103610454545457 ], [ 146.417208636363625, -26.091946454545457 ], [ 146.421627636363667, -26.028334454545458 ], [ 146.425263636363638, -26.01000145454546 ], [ 146.434965636363643, -25.990552454545458 ], [ 146.468292636363628, -25.928605454545455 ], [ 146.484681636363632, -25.902784454545458 ], [ 146.498559636363666, -25.887502454545455 ], [ 146.515533636363614, -25.875001454545455 ], [ 146.552460636363662, -25.86055645454546 ], [ 146.56524963636366, -25.852222454545455 ], [ 146.627448636363624, -25.776676454545459 ], [ 146.632722636363667, -25.768054454545457 ], [ 146.637753636363641, -25.750279454545456 ], [ 146.638023636363641, -25.731946454545458 ], [ 146.698296636363636, -25.641109454545457 ], [ 146.774994636363658, -25.575283454545456 ], [ 146.827185636363652, -25.511392454545458 ], [ 146.858307636363634, -25.462774454545457 ], [ 146.961366636363664, -25.409161454545455 ], [ 146.968287636363641, -25.408333454545456 ], [ 146.975802636363653, -25.408612454545455 ], [ 146.98773663636365, -25.411942454545457 ], [ 147.041070636363656, -25.433326454545458 ], [ 147.047208636363621, -25.433056454545458 ], [ 147.058872636363617, -25.429447454545457 ], [ 147.07248063636365, -25.421113454545456 ], [ 147.079680636363662, -25.414714454545457 ], [ 147.08886063636362, -25.401394454545457 ], [ 147.113592636363649, -25.346944454545458 ], [ 147.115779636363641, -25.334731454545455 ], [ 147.11022663636362, -25.287229454545457 ], [ 147.109407636363642, -25.268608454545458 ], [ 147.111081636363622, -25.263334454545458 ], [ 147.155244636363648, -25.162498454545457 ], [ 147.163884636363662, -25.149160454545459 ], [ 147.191073636363626, -25.112215454545456 ], [ 147.200811636363653, -25.099723454545458 ], [ 147.22939563636362, -25.078339454545457 ], [ 147.296355636363614, -25.036390454545458 ], [ 147.324984636363638, -25.028893454545457 ], [ 147.36077763636365, -25.023340454545455 ], [ 147.382449636363617, -25.016113454545458 ], [ 147.480801636363651, -24.964714454545458 ], [ 147.491340636363645, -24.95360845454546 ], [ 147.510528636363631, -24.922216454545456 ], [ 147.541650636363613, -24.881113454545456 ], [ 147.565248636363663, -24.853339454545456 ], [ 147.578577636363661, -24.845284454545457 ], [ 147.58467963636366, -24.844159454545455 ], [ 147.683868636363627, -24.828886454545458 ], [ 147.738867636363636, -24.83221645454546 ], [ 147.752475636363613, -24.83221645454546 ], [ 147.764706636363655, -24.830002454545458 ], [ 147.781644636363637, -24.824449454545459 ] ] } },
{ "type": "Feature", "properties": { "NAME": "Lualaba", "SYSTEM": "Congo", "MILES": 608.77682, "KILOMETERS": 979.73329 }, "geometry": { "type": "LineString", "coordinates": [ [ 26.924955636363649, -5.639743454545457 ], [ 26.910816636363649, -6.111388454545455 ], [ 26.975544636363622, -6.361660454545458 ], [ 26.950083636363644, -6.741451454545455 ], [ 27.05304363636364, -6.998050454545456 ], [ 27.071934636363636, -7.148332454545457 ], [ 27.026934636363649, -7.165837454545457 ], [ 26.94844563636363, -7.438375454545458 ], [ 26.861937636363649, -7.470001454545457 ], [ 26.792205636363633, -7.675282454545457 ], [ 26.976381636363641, -7.856668454545456 ], [ 26.96804763636365, -7.931944454545455 ], [ 26.813868636363622, -8.028622454545456 ], [ 26.78859663636365, -8.165836454545456 ], [ 26.682207636363643, -8.227504454545457 ], [ 26.450826636363644, -8.273593454545455 ], [ 26.327220636363649, -8.309161454545457 ], [ 26.345274636363627, -8.380000454545456 ], [ 26.261664636363633, -8.437780454545457 ], [ 26.25082863636365, -8.485552454545456 ], [ 26.311659636363629, -8.522227454545458 ], [ 26.289150636363644, -8.583607454545458 ], [ 26.012769636363629, -8.754724454545457 ], [ 26.02554963636365, -8.865550454545456 ], [ 26.076939636363647, -8.911108454545456 ], [ 25.927215636363627, -9.206947454545457 ], [ 25.805274636363634, -9.199729454545459 ], [ 25.764432636363637, -9.262504454545457 ], [ 25.679715636363625, -9.297784454545457 ], [ 25.670814636363644, -9.250282454545456 ], [ 25.572489636363628, -9.215839454545456 ], [ 25.494153636363649, -9.488332454545457 ], [ 25.567494636363648, -9.869716454545458 ], [ 25.484154636363627, -9.949996454545456 ], [ 25.398600636363625, -10.113058454545456 ], [ 25.455831636363627, -10.281943454545456 ], [ 25.414152636363639, -10.330282454545458 ], [ 25.444707636363631, -10.400833454545456 ], [ 25.401651636363624, -10.430002454545455 ], [ 25.466622636363638, -10.495279454545457 ], [ 25.505547636363644, -10.481671454545456 ], [ 25.689993636363624, -10.557784454545455 ], [ 25.679157636363641, -10.610281454545458 ], [ 25.740267636363626, -10.655839454545458 ], [ 25.725822636363631, -10.950832454545456 ], [ 25.559151636363623, -11.045557454545456 ], [ 25.556100636363624, -11.175283454545458 ], [ 25.607769636363628, -11.179171454545457 ], [ 25.598868636363648, -11.271943454545458 ], [ 25.753605636363631, -11.359999454545456 ], [ 25.867491636363638, -11.612503454545458 ], [ 26.011104636363626, -11.678617454545456 ], [ 26.117493636363633, -11.650285454545457 ], [ 26.228868636363643, -11.745550454545455 ], [ 26.398599636363627, -11.727496454545456 ], [ 26.441655636363635, -11.760832454545458 ], [ 26.404989636363638, -11.818891454545458 ], [ 26.444706636363634, -11.883052454545457 ] ] } },
{ "type": "Feature", "properties": { "NAME": "Murray", "SYSTEM": null, "MILES": 1016.13137, "KILOMETERS": 1635.30819 }, "geometry": { "type": "LineString", "coordinates": [ [ 139.356609636363658, -35.374447454545461 ], [ 139.371612636363636, -35.370838454545456 ], [ 139.384698636363623, -35.361118454545455 ], [ 139.454682636363657, -35.290558454545454 ], [ 139.45718463636365, -35.285284454545454 ], [ 139.459137636363664, -35.273053454545455 ], [ 139.454412636363656, -35.263621454545458 ], [ 139.441074636363624, -35.247223454545455 ], [ 139.422759636363651, -35.234443454545456 ], [ 139.390809636363656, -35.21832445454546 ], [ 139.367733636363653, -35.208613454545457 ], [ 139.323858636363639, -35.194717454545454 ], [ 139.315515636363614, -35.18776945454546 ], [ 139.28802963636366, -35.112214454545459 ], [ 139.289982636363618, -35.106391454545459 ], [ 139.293024636363612, -35.101945454545458 ], [ 139.322481636363648, -35.062219454545456 ], [ 139.327755636363634, -35.059996454545455 ], [ 139.343289636363636, -35.061670454545457 ], [ 139.350255636363613, -35.060824454545454 ], [ 139.360227636363618, -35.055550454545454 ], [ 139.36496163636366, -35.051941454545457 ], [ 139.371333636363659, -35.043067454545458 ], [ 139.373016636363616, -35.031673454545455 ], [ 139.367733636363653, -35.022223454545454 ], [ 139.322481636363648, -34.977214454545461 ], [ 139.310520636363663, -34.972498454545459 ], [ 139.303032636363639, -34.972498454545459 ], [ 139.283052636363664, -34.982776454545458 ], [ 139.277769636363644, -34.984441454545461 ], [ 139.269435636363653, -34.984171454545461 ], [ 139.264710636363645, -34.981660454545455 ], [ 139.260525636363639, -34.971661454545455 ], [ 139.262208636363653, -34.965838454545455 ], [ 139.327458636363644, -34.90833745454546 ], [ 139.386381636363637, -34.877215454545457 ], [ 139.403868636363654, -34.871932454545458 ], [ 139.453035636363666, -34.861114454545458 ], [ 139.466643636363642, -34.859728454545461 ], [ 139.474122636363631, -34.861114454545458 ], [ 139.484958636363615, -34.865551454545461 ], [ 139.523316636363631, -34.885270454545456 ], [ 139.569702636363616, -34.910281454545455 ], [ 139.581636636363612, -34.914997454545457 ], [ 139.589142636363647, -34.914997454545457 ], [ 139.628841636363632, -34.894162454545459 ], [ 139.637481636363646, -34.887511454545461 ], [ 139.640532636363616, -34.882768454545456 ], [ 139.641666636363652, -34.876108454545459 ], [ 139.638885636363625, -34.865551454545461 ], [ 139.630803636363623, -34.858612454545458 ], [ 139.621335636363654, -34.85305045454546 ], [ 139.588566636363623, -34.843609454545458 ], [ 139.571070636363629, -34.836391454545456 ], [ 139.557462636363653, -34.826950454545454 ], [ 139.550262636363641, -34.819165454545455 ], [ 139.545807636363634, -34.810003454545459 ], [ 139.540803636363648, -34.74639145454546 ], [ 139.60772763636362, -34.63499845454546 ], [ 139.598844636363651, -34.610554454545458 ], [ 139.590789636363638, -34.578892454545461 ], [ 139.577451636363662, -34.516666454545458 ], [ 139.634430636363618, -34.234444454545461 ], [ 139.675533636363639, -34.040836454545456 ], [ 139.681635636363637, -34.03167445454546 ], [ 139.686369636363622, -34.028056454545457 ], [ 139.697754636363641, -34.024447454545459 ], [ 139.705224636363653, -34.024447454545459 ], [ 139.84524663636364, -34.041394454545454 ], [ 139.849116636363647, -34.044724454545459 ], [ 139.853571636363654, -34.053877454545457 ], [ 139.86690963636363, -34.08805045454546 ], [ 139.878573636363626, -34.104997454545455 ], [ 139.926093636363646, -34.168060454545454 ], [ 139.937190636363653, -34.173334454545454 ], [ 139.979670636363664, -34.188886454545454 ], [ 139.986078636363629, -34.190839454545454 ], [ 140.000271636363664, -34.18943545454546 ], [ 140.011602636363648, -34.182496454545458 ], [ 140.055549636363651, -34.175566454545461 ], [ 140.162757636363665, -34.167214454545459 ], [ 140.202177636363615, -34.164721454545457 ], [ 140.334135636363612, -34.175836454545461 ], [ 140.339688636363633, -34.178338454545454 ], [ 140.364132636363649, -34.199722454545459 ], [ 140.366904636363643, -34.203610454545455 ], [ 140.389710636363645, -34.24999645454546 ], [ 140.389710636363645, -34.256386454545456 ], [ 140.387208636363653, -34.262218454545454 ], [ 140.374662636363666, -34.279723454545454 ], [ 140.374662636363666, -34.285834454545459 ], [ 140.381070636363631, -34.306948454545456 ], [ 140.389161636363667, -34.332499454545456 ], [ 140.412201636363648, -34.383889454545461 ], [ 140.419437636363625, -34.392223454545459 ], [ 140.522766636363656, -34.44554845454546 ], [ 140.544708636363623, -34.455835454545458 ], [ 140.558316636363656, -34.459165454545456 ], [ 140.565795636363646, -34.459165454545456 ], [ 140.576352636363652, -34.454449454545454 ], [ 140.584137636363664, -34.446943454545455 ], [ 140.586360636363622, -34.441660454545456 ], [ 140.595792636363626, -34.377490454545459 ], [ 140.588565636363626, -34.36916545454546 ], [ 140.584137636363664, -34.366105454545455 ], [ 140.566650636363647, -34.360282454545455 ], [ 140.56386963636362, -34.355278454545456 ], [ 140.568576636363616, -34.344721454545457 ], [ 140.601345636363646, -34.304716454545456 ], [ 140.609130636363659, -34.296958454545461 ], [ 140.65414863636363, -34.258609454545457 ], [ 140.663031636363655, -34.25249845454546 ], [ 140.66912463636362, -34.251121454545455 ], [ 140.676360636363654, -34.25249845454546 ], [ 140.694702636363616, -34.265008454545459 ], [ 140.706636636363612, -34.269445454545455 ], [ 140.718561636363631, -34.266664454545456 ], [ 140.727750636363623, -34.260553454545459 ], [ 140.772759636363617, -34.21444645454546 ], [ 140.791929636363648, -34.125004454545454 ], [ 140.81693163636362, -34.073056454545458 ], [ 140.934147636363662, -33.993055454545456 ], [ 140.944695636363633, -33.988339454545461 ], [ 140.958312636363644, -33.986944454545458 ], [ 140.968842636363661, -33.987781454545456 ], [ 140.979948636363645, -33.998338454545461 ], [ 140.990784636363628, -34.016401454545459 ], [ 140.998020636363663, -34.02416845454546 ], [ 141.025542636363639, -34.049170454545461 ], [ 141.042750636363621, -34.062220454545461 ], [ 141.048312636363619, -34.064722454545461 ], [ 141.061101636363617, -34.068610454545457 ], [ 141.084681636363655, -34.070833454545458 ], [ 141.16525863636366, -34.076386454545457 ], [ 141.232569636363621, -34.080175454545454 ], [ 141.508329636363612, -34.173334454545454 ], [ 141.515808636363658, -34.18138945454546 ], [ 141.523314636363637, -34.200550454545457 ], [ 141.530541636363637, -34.214167454545461 ], [ 141.53802963636366, -34.222501454545458 ], [ 141.545256636363661, -34.223608454545456 ], [ 141.551367636363636, -34.222222454545459 ], [ 141.584964636363623, -34.203889454545461 ], [ 141.594117636363649, -34.19694145454546 ], [ 141.598014636363644, -34.193053454545456 ], [ 141.617733636363653, -34.167502454545456 ], [ 141.641934636363658, -34.137784454545461 ], [ 141.650817636363627, -34.132501454545455 ], [ 141.673308636363629, -34.125553454545461 ], [ 141.731079636363631, -34.107778454545461 ], [ 141.737739636363642, -34.106113454545458 ], [ 141.759708636363655, -34.109443454545456 ], [ 141.795258636363656, -34.12333045454546 ], [ 141.808875636363666, -34.126660454545458 ], [ 141.878841636363632, -34.139161454545459 ], [ 141.886104636363655, -34.139161454545459 ], [ 141.921843636363633, -34.122259454545457 ], [ 141.963009636363665, -34.132501454545455 ], [ 141.969975636363642, -34.131664454545458 ], [ 141.975258636363662, -34.129162454545458 ], [ 141.993006636363646, -34.116949454545455 ], [ 142.003599636363617, -34.112503454545461 ], [ 142.031922636363618, -34.110550454545461 ], [ 142.045539636363628, -34.113889454545458 ], [ 142.151649636363629, -34.154443454545458 ], [ 142.230255636363665, -34.197769454545458 ], [ 142.238553636363633, -34.20471745454546 ], [ 142.32689763636364, -34.343893454545459 ], [ 142.36856763636365, -34.420555454545458 ], [ 142.373292636363658, -34.530553454545455 ], [ 142.373562636363658, -34.535836454545461 ], [ 142.376343636363629, -34.540282454545455 ], [ 142.389978636363651, -34.550281454545456 ], [ 142.410516636363639, -34.561378454545455 ], [ 142.443573636363624, -34.583059454545456 ], [ 142.455804636363666, -34.593058454545456 ], [ 142.46246463636362, -34.601113454545455 ], [ 142.468017636363641, -34.609726454545459 ], [ 142.518039636363653, -34.717771454545456 ], [ 142.519992636363668, -34.72943545454546 ], [ 142.516392636363662, -34.740001454545457 ], [ 142.516392636363662, -34.746949454545458 ], [ 142.52469063636363, -34.759999454545458 ], [ 142.541655636363657, -34.772770454545459 ], [ 142.559961636363653, -34.779727454545458 ], [ 142.624968636363633, -34.794442454545461 ], [ 142.631619636363666, -34.793335454545456 ], [ 142.640808636363658, -34.788052454545458 ], [ 142.692198636363628, -34.738606454545454 ], [ 142.695798636363634, -34.734727454545457 ], [ 142.697481636363648, -34.721938454545459 ], [ 142.690515636363614, -34.701391454545458 ], [ 142.689417636363657, -34.689718454545456 ], [ 142.711089636363624, -34.629715454545455 ], [ 142.715517636363643, -34.619986454545455 ], [ 142.726074636363649, -34.60694545454546 ], [ 142.735227636363618, -34.600834454545456 ], [ 142.78219863636366, -34.588054454545457 ], [ 142.78969563636366, -34.58721745454546 ], [ 142.797210636363616, -34.588612454545455 ], [ 142.845243636363648, -34.618051454545459 ], [ 142.853856636363616, -34.62499945454546 ], [ 142.856628636363666, -34.629166454545455 ], [ 142.913607636363622, -34.66305145454546 ], [ 143.034144636363635, -34.693885454545459 ], [ 143.088567636363621, -34.697773454545455 ], [ 143.115504636363653, -34.694443454545457 ], [ 143.123838636363644, -34.695001454545455 ], [ 143.13665463636363, -34.699438454545458 ], [ 143.181087636363657, -34.71888745454546 ], [ 143.221587636363665, -34.738462454545456 ], [ 143.27691963636363, -34.788889454545455 ], [ 143.31942663636363, -34.787224454545459 ], [ 143.327751636363644, -34.787782454545457 ], [ 143.34052263636363, -34.791391454545455 ], [ 143.345247636363638, -34.794442454545461 ], [ 143.354949636363642, -34.806106454545457 ], [ 143.356083636363621, -34.811668454545455 ], [ 143.354670636363664, -34.862221454545455 ], [ 143.354130636363664, -34.875001454545455 ], [ 143.345247636363638, -34.945003454545457 ], [ 143.337732636363626, -34.952500454545458 ], [ 143.331639636363661, -34.96167145454546 ], [ 143.330811636363649, -34.968331454545456 ], [ 143.342745636363645, -35.05332745454546 ], [ 143.355795636363666, -35.094718454545458 ], [ 143.397492636363665, -35.172775454545459 ], [ 143.413881636363612, -35.193052454545459 ], [ 143.419434636363633, -35.19554545454546 ], [ 143.471616636363649, -35.216389454545457 ], [ 143.484405636363647, -35.219989454545455 ], [ 143.512485636363635, -35.223877454545459 ], [ 143.554137636363635, -35.23305745454546 ], [ 143.560788636363611, -35.234731454545461 ], [ 143.565522636363653, -35.23778245454546 ], [ 143.592468636363662, -35.27611345454546 ], [ 143.59830063636366, -35.284447454545457 ], [ 143.599119636363639, -35.290000454545456 ], [ 143.593845636363653, -35.300557454545455 ], [ 143.576079636363659, -35.319997454545458 ], [ 143.572209636363652, -35.331949454545459 ], [ 143.574396636363645, -35.343055454545457 ], [ 143.586915636363642, -35.358886454545456 ], [ 143.62274463636362, -35.385832454545458 ], [ 143.648034636363661, -35.399449454545454 ], [ 143.66220063636365, -35.401105454545458 ], [ 143.698299636363629, -35.390557454545458 ], [ 143.711367636363661, -35.394166454545456 ], [ 143.76165063636364, -35.409997454545454 ], [ 143.769435636363653, -35.417215454545456 ], [ 143.919123636363622, -35.509447454545459 ], [ 144.051360636363654, -35.568613454545456 ], [ 144.071070636363629, -35.574175454545454 ], [ 144.09024063636366, -35.584165454545456 ], [ 144.110229636363613, -35.602498454545454 ], [ 144.122190636363655, -35.625826454545461 ], [ 144.128841636363632, -35.633890454545458 ], [ 144.160242636363648, -35.66388745454546 ], [ 144.171627636363667, -35.674714454545459 ], [ 144.263310636363656, -35.74222345454546 ], [ 144.27441663636364, -35.747785454545458 ], [ 144.306087636363657, -35.751673454545454 ], [ 144.319119636363666, -35.755282454545458 ], [ 144.333312636363644, -35.76445345454546 ], [ 144.348846636363646, -35.779159454545457 ], [ 144.371337636363648, -35.813890454545458 ], [ 144.383325636363622, -35.837218454545457 ], [ 144.399993636363661, -35.875000454545457 ], [ 144.404970636363657, -35.891110454545455 ], [ 144.413295636363614, -35.910001454545458 ], [ 144.422763636363641, -35.92417645454546 ], [ 144.439143636363667, -35.93749645454546 ], [ 144.503871636363613, -35.974162454545457 ], [ 144.569121636363661, -36.023887454545459 ], [ 144.58496163636363, -36.05166145454546 ], [ 144.608001636363667, -36.073333454545455 ], [ 144.730527636363661, -36.132220454545461 ], [ 144.772764636363661, -36.141391454545456 ], [ 144.779415636363638, -36.141112454545457 ], [ 144.804687636363667, -36.134731454545459 ], [ 144.826350636363657, -36.126388454545456 ], [ 144.909141636363643, -36.078337454545455 ], [ 144.938022636363655, -36.021385454545459 ], [ 144.933594636363637, -36.005563454545459 ], [ 144.93469263636365, -35.99333245454546 ], [ 144.96997263636365, -35.893333454545456 ], [ 144.976623636363627, -35.884729454545457 ], [ 144.991050636363639, -35.875558454545455 ], [ 145.093020636363633, -35.854444454545458 ], [ 145.113279636363643, -35.851393454545459 ], [ 145.201083636363649, -35.859448454545458 ], [ 145.266936636363653, -35.872768454545458 ], [ 145.272759636363617, -35.874442454545459 ], [ 145.296078636363632, -35.877214454545459 ], [ 145.357179636363639, -35.880553454545456 ], [ 145.371606636363651, -35.878609454545455 ], [ 145.388877636363645, -35.873056454545456 ], [ 145.414977636363631, -35.853337454545461 ], [ 145.436100636363619, -35.843608454545461 ], [ 145.453857636363637, -35.839162454545459 ], [ 145.513608636363642, -35.828893454545458 ], [ 145.52718963636363, -35.826958454545455 ], [ 145.54221063636362, -35.827777454545455 ], [ 145.566375636363659, -35.842771454545456 ], [ 145.618008636363641, -35.876386454545461 ], [ 145.658598636363649, -35.91194545454546 ], [ 145.681359636363652, -35.934436454545455 ], [ 145.728303636363648, -35.964163454545456 ], [ 145.74356763636365, -35.972497454545454 ], [ 145.800267636363628, -35.990002454545454 ], [ 145.813290636363661, -35.99333245454546 ], [ 145.833036636363659, -35.99028145454546 ], [ 145.881618636363612, -35.969716454545456 ], [ 145.894722636363667, -35.966386454545457 ], [ 145.909968636363658, -35.965837454545458 ], [ 145.94192763636363, -35.973613454545458 ], [ 145.957182636363655, -35.981947454545455 ], [ 145.962465636363618, -35.991946454545456 ], [ 145.962735636363618, -35.997229454545455 ], [ 145.966920636363625, -36.007777454545455 ], [ 145.969971636363653, -36.011944454545457 ], [ 145.979673636363657, -36.017776454545455 ], [ 146.003325636363627, -36.018613454545459 ], [ 146.018580636363652, -36.013888454545459 ], [ 146.034564636363655, -35.999587454545456 ], [ 146.039784636363663, -35.997112454545459 ], [ 146.04797463636362, -35.996365454545455 ], [ 146.142132636363613, -36.015733454545455 ], [ 146.19952563636366, -36.04902445454546 ], [ 146.20996563636362, -36.050518454545454 ], [ 146.211918636363635, -36.048619454545459 ], [ 146.400270636363643, -36.018613454545459 ], [ 146.406102636363642, -36.009442454545457 ], [ 146.429691636363657, -35.986663454545457 ], [ 146.434146636363664, -35.984170454545456 ], [ 146.446926636363628, -35.981380454545459 ], [ 146.497749636363665, -35.977222454545455 ], [ 146.50442763636363, -35.976943454545456 ], [ 146.596929636363654, -35.988886454545458 ], [ 146.611905636363645, -35.991109454545459 ], [ 146.617467636363642, -35.99333245454546 ], [ 146.637204636363663, -36.010837454545459 ], [ 146.66442963636365, -36.029728454545456 ], [ 146.694120636363664, -36.046954454545457 ], [ 146.824980636363648, -36.079723454545459 ], [ 146.966649636363627, -36.095833454545456 ], [ 146.971887636363647, -36.093331454545456 ], [ 146.993280636363636, -36.090280454545457 ], [ 147.008328636363615, -36.091666454545461 ], [ 147.038028636363663, -36.109999454545459 ], [ 147.046416636363631, -36.109558454545457 ], [ 147.057036636363648, -36.106606454545457 ], [ 147.063507636363624, -36.10012645454546 ], [ 147.081192636363653, -36.071254454545461 ], [ 147.110073636363666, -36.032356454545457 ], [ 147.115959636363641, -36.026461454545455 ], [ 147.124797636363667, -36.021151454545461 ], [ 147.130107636363618, -36.020575454545458 ], [ 147.136002636363628, -36.022924454545461 ], [ 147.162516636363648, -36.038242454545454 ], [ 147.183153636363613, -36.045316454545457 ], [ 147.246216636363613, -36.054748454545461 ], [ 147.259158636363622, -36.055558454545455 ], [ 147.315246636363668, -36.059167454545459 ], [ 147.359958636363615, -36.004717454545457 ], [ 147.397218636363618, -35.966386454545457 ], [ 147.406101636363644, -35.959159454545457 ], [ 147.411924636363665, -35.95750345454546 ], [ 147.487452636363628, -35.948332454545458 ], [ 147.502473636363618, -35.949160454545456 ], [ 147.516936636363653, -35.957782454545459 ], [ 147.59274363636365, -35.982217454545456 ], [ 147.603030636363656, -35.977222454545455 ], [ 147.696630636363636, -35.946388454545456 ], [ 147.717186636363635, -35.943328454545458 ], [ 147.729399636363667, -35.946667454545455 ], [ 147.898032636363666, -36.004447454545456 ], [ 147.906915636363635, -36.009442454545457 ], [ 147.98828463636363, -36.098605454545456 ], [ 148.032195636363667, -36.19333045454546 ], [ 148.046082636363622, -36.295282454545458 ], [ 148.049988636363651, -36.38360845454546 ], [ 148.051905636363642, -36.395281454545454 ], [ 148.059420636363654, -36.40915945454546 ], [ 148.069698636363626, -36.421111454545461 ], [ 148.085781636363663, -36.435268454545458 ], [ 148.114140636363629, -36.453331454545456 ], [ 148.124391636363612, -36.465283454545457 ], [ 148.204950636363662, -36.604999454545457 ], [ 148.209963636363625, -36.619993454545458 ], [ 148.20522963636364, -36.657775454545458 ], [ 148.199127636363642, -36.67472245454546 ], [ 148.193574636363621, -36.683326454545458 ], [ 148.099119636363639, -36.814717454545459 ], [ 148.045254636363666, -36.881110454545457 ], [ 148.024986636363622, -36.90527545454546 ], [ 147.997194636363645, -36.969445454545458 ] ] } },
{ "type": "Feature", "properties": { "NAME": "Orange", "SYSTEM": null, "MILES": 1288.83147, "KILOMETERS": 2074.17735 }, "geometry": { "type": "LineString", "coordinates": [ [ 16.48959063636363, -28.578178454545458 ], [ 16.62499563636365, -28.496107454545459 ], [ 16.677114636363626, -28.464310454545455 ], [ 16.700622636363647, -28.490347454545457 ], [ 16.719504636363638, -28.499023454545458 ], [ 16.776663636363622, -28.441675454545457 ], [ 16.80160263636364, -28.362781454545456 ], [ 16.822500636363628, -28.237780454545458 ], [ 16.886949636363624, -28.092367454545457 ], [ 16.911870636363631, -28.06750045454546 ], [ 17.07576063636364, -28.030348454545457 ], [ 17.107917636363624, -28.045837454545456 ], [ 17.120418636363638, -28.065421454545458 ], [ 17.134296636363644, -28.087084454545458 ], [ 17.154132636363641, -28.097497454545458 ], [ 17.171655636363624, -28.102267454545455 ], [ 17.189016636363647, -28.114111454545458 ], [ 17.188323636363634, -28.171657454545457 ], [ 17.184372636363634, -28.200502454545457 ], [ 17.19861063636364, -28.223614454545455 ], [ 17.218806636363638, -28.242073454545455 ], [ 17.278818636363638, -28.238266454545457 ], [ 17.309571636363643, -28.221040454545459 ], [ 17.343114636363623, -28.233055454545458 ], [ 17.398050636363649, -28.342225454545456 ], [ 17.399580636363623, -28.363204454545457 ], [ 17.396106636363641, -28.402228454545458 ], [ 17.385414636363635, -28.424233454545458 ], [ 17.361384636363624, -28.534996454545457 ], [ 17.400903636363637, -28.708399454545457 ], [ 17.422008636363643, -28.715284454545458 ], [ 17.461104636363643, -28.702783454545457 ], [ 17.49777063636364, -28.694728454545455 ], [ 17.589750636363647, -28.689544454545455 ], [ 17.602215636363638, -28.720702454545457 ], [ 17.605275636363643, -28.753129454545459 ], [ 17.643399636363625, -28.773964454545457 ], [ 17.679300636363649, -28.769860454545459 ], [ 17.710827636363632, -28.75666645454546 ], [ 17.749716636363644, -28.746388454545457 ], [ 17.912499636363634, -28.779166454545457 ], [ 17.969928636363647, -28.804096454545459 ], [ 18.001392636363647, -28.826947454545458 ], [ 18.026106636363636, -28.849861454545458 ], [ 18.044448636363626, -28.868131454545455 ], [ 18.181320636363637, -28.908469454545457 ], [ 18.338334636363641, -28.884448454545456 ], [ 18.719160636363625, -28.836523454545457 ], [ 18.951531636363626, -28.866394454545457 ], [ 18.970422636363622, -28.877635454545455 ], [ 18.985686636363624, -28.905004454545455 ], [ 19.00249863636364, -28.927918454545456 ], [ 19.108329636363635, -28.961875454545456 ], [ 19.145823636363644, -28.954999454545458 ], [ 19.183893636363649, -28.937224454545458 ], [ 19.253886636363632, -28.899442454545458 ], [ 19.259997636363636, -28.855414454545457 ], [ 19.248054636363634, -28.831672454545455 ], [ 19.239792636363632, -28.802431454545456 ], [ 19.261248636363632, -28.744867454545457 ], [ 19.277214636363624, -28.731250454545457 ], [ 19.301379636363635, -28.725418454545455 ], [ 19.322502636363623, -28.727497454545457 ], [ 19.349025636363649, -28.735840454545457 ], [ 19.418325636363647, -28.718893454545459 ], [ 19.44777363636365, -28.71083845454546 ], [ 19.466394636363646, -28.699714454545457 ], [ 19.490694636363628, -28.669024454545458 ], [ 19.493889636363633, -28.633051454545459 ], [ 19.513338636363642, -28.594999454545459 ], [ 19.567455636363633, -28.528327454545458 ], [ 19.74361263636365, -28.485550454545457 ], [ 19.789719636363628, -28.49555845454546 ], [ 19.812219636363636, -28.492498454545455 ], [ 19.988808636363643, -28.418968454545457 ], [ 19.996521636363639, -28.42181245454546 ], [ 20.204439636363645, -28.508896454545457 ], [ 20.545269636363628, -28.743616454545457 ], [ 20.714154636363645, -28.767781454545457 ], [ 21.030828636363623, -28.708894454545458 ], [ 21.148881636363626, -28.598887454545455 ], [ 21.191379636363649, -28.494730454545458 ], [ 21.540273636363651, -28.387783454545456 ], [ 21.694704636363639, -28.453609454545457 ], [ 21.834159636363637, -28.716121454545458 ], [ 22.003611636363644, -28.877500454545455 ], [ 22.077222636363643, -28.84528045454546 ], [ 22.198596636363646, -29.037511454545459 ], [ 22.278597636363628, -29.326951454545458 ], [ 22.345548636363645, -29.326951454545458 ], [ 22.402221636363635, -29.401111454545457 ], [ 22.589709636363636, -29.440837454545459 ], [ 22.731369636363638, -29.646955454545456 ], [ 22.844436636363639, -29.676106454545458 ], [ 22.869159636363634, -29.65638745454546 ], [ 22.845831636363641, -29.530279454545457 ], [ 22.896996636363639, -29.573389454545456 ], [ 22.936101636363645, -29.507509454545456 ], [ 22.994430636363631, -29.528614454545458 ], [ 23.015274636363642, -29.412505454545457 ], [ 23.109990636363648, -29.411668454545456 ], [ 23.106372636363631, -29.355283454545457 ], [ 23.183871636363648, -29.350000454545459 ], [ 23.211096636363635, -29.305000454545457 ], [ 23.341380636363624, -29.267506454545458 ], [ 23.367219636363643, -29.193337454545457 ], [ 23.545275636363641, -29.205001454545457 ], [ 23.628093636363644, -29.071666454545458 ], [ 23.696097636363646, -29.111113454545457 ], [ 23.698320636363633, -29.183338454545456 ], [ 23.766099636363634, -29.213614454545457 ], [ 23.776935636363646, -29.292229454545456 ], [ 23.854434636363635, -29.300563454545458 ], [ 23.925264636363636, -29.388052454545459 ], [ 23.922222636363642, -29.465839454545456 ], [ 24.087489636363642, -29.588338454545458 ], [ 24.340074636363624, -29.649844454545459 ], [ 24.424431636363636, -29.783890454545457 ], [ 24.654435636363644, -29.897497454545459 ], [ 24.67416363636363, -29.962513454545459 ], [ 24.725697636363634, -29.978740454545459 ], [ 24.73555263636365, -29.978614454545458 ], [ 24.780003636363631, -29.986120454545457 ], [ 24.793611636363636, -29.994724454545455 ], [ 24.801387636363643, -30.008611454545459 ], [ 24.810558636363623, -30.042226454545457 ], [ 24.822501636363626, -30.066112454545458 ], [ 24.837774636363633, -30.094174454545456 ], [ 24.892323636363642, -30.184696454545456 ], [ 24.907569636363633, -30.204208454545459 ], [ 24.978831636363623, -30.262699454545459 ], [ 25.04693463636363, -30.340000454545457 ], [ 25.505772636363645, -30.612403454545458 ], [ 25.523052636363644, -30.607228454545456 ], [ 25.583604636363646, -30.599731454545456 ], [ 25.598058636363646, -30.598336454545457 ], [ 25.613331636363625, -30.605833454545458 ], [ 25.617498636363649, -30.616111454545457 ], [ 25.621944636363651, -30.64694545454546 ], [ 25.628325636363627, -30.655000454545458 ], [ 25.684449636363638, -30.674449454545456 ], [ 25.703052636363623, -30.678886454545456 ], [ 25.731663636363635, -30.681388454545456 ], [ 25.746945636363648, -30.680551454545459 ], [ 25.753326636363624, -30.679174454545457 ], [ 25.82610963636364, -30.638332454545456 ], [ 25.845000636363636, -30.627226454545458 ], [ 25.868058636363628, -30.612502454545456 ], [ 25.968057636363625, -30.547225454545458 ], [ 26.031966636363649, -30.540124454545456 ], [ 26.181384636363646, -30.494161454545456 ], [ 26.288610636363643, -30.580840454545459 ], [ 26.469438636363634, -30.582226454545456 ], [ 26.480544636363646, -30.631951454545458 ], [ 26.564991636363629, -30.661399454545457 ], [ 26.932776636363627, -30.657781454545457 ], [ 26.948877636363648, -30.606391454545459 ], [ 27.031650636363651, -30.594169454545458 ], [ 27.00416463636364, -30.535840454545458 ], [ 27.230262636363648, -30.485836454545456 ], [ 27.401379636363629, -30.369718454545456 ], [ 27.351384636363633, -30.330838454545457 ], [ 27.378951636363638, -30.316978454545456 ], [ 27.381876636363643, -30.316798454545456 ], [ 27.437190636363624, -30.313342454545456 ], [ 27.459708636363644, -30.311947454545457 ], [ 27.564837636363649, -30.403351454545458 ], [ 27.570831636363636, -30.356119454545457 ], [ 27.709431636363632, -30.357226454545458 ], [ 27.717774636363629, -30.260566454545458 ], [ 27.807216636363648, -30.275011454545457 ], [ 27.90499263636363, -30.194164454545458 ], [ 27.889710636363645, -30.123055454545458 ], [ 28.321665636363633, -29.996110454545459 ], [ 28.402764636363628, -30.06334945454546 ], [ 28.541661636363642, -30.057229454545457 ], [ 28.70304963636363, -29.981674454545455 ], [ 28.654440636363631, -29.895832454545456 ], [ 28.796100636363633, -29.846116454545459 ], [ 28.735548636363632, -29.682784454545455 ], [ 28.780269636363641, -29.631106454545456 ], [ 28.708044636363638, -29.592784454545459 ], [ 28.706658636363642, -29.551402454545457 ], [ 28.786110636363645, -29.466388454545459 ], [ 28.835826636363635, -29.310562454545458 ], [ 29.002209636363631, -29.281105454545457 ], [ 29.063607636363628, -29.093347454545459 ], [ 29.019435636363625, -28.926676454545458 ] ] } },
{ "type": "Feature", "properties": { "NAME": "Zambezi", "SYSTEM": null, "MILES": 1661.83034, "KILOMETERS": 2674.46203 }, "geometry": { "type": "LineString", "coordinates": [ [ 24.263601636363632, -11.383336454545457 ], [ 24.336933636363625, -11.304172454545458 ], [ 24.329157636363647, -11.150281454545457 ], [ 24.290268636363635, -11.091943454545458 ], [ 24.007731636363644, -11.119663454545456 ], [ 23.995815636363631, -11.120833454545458 ], [ 23.62304463636363, -11.429173454545456 ], [ 23.433324636363636, -11.483893454545456 ], [ 22.74304263636364, -11.930284454545458 ], [ 22.666929636363648, -12.161386454545458 ], [ 22.548597636363638, -12.258892454545457 ], [ 22.521381636363628, -12.346669454545456 ], [ 22.559991636363634, -12.446110454545458 ], [ 22.53138063636365, -12.590839454545456 ], [ 22.703325636363644, -12.920833454545456 ], [ 22.684722636363631, -13.004920454545456 ], [ 22.673877636363642, -13.053889454545455 ], [ 22.708329636363629, -13.129714454545457 ], [ 22.962651636363631, -13.305916454545457 ], [ 23.033877636363627, -13.357504454545456 ], [ 23.171100636363633, -13.716388454545456 ], [ 23.234721636363645, -13.750840454545457 ], [ 23.214714636363624, -13.957777454545457 ], [ 23.239428636363641, -14.040280454545456 ], [ 23.188605636363633, -14.168035454545457 ], [ 23.233596636363643, -14.364172454545457 ], [ 23.011656636363625, -14.811670454545457 ], [ 22.943598636363646, -15.020281454545458 ], [ 22.97776263636365, -15.274729454545458 ], [ 23.11138563636365, -15.439726454545458 ], [ 23.117775636363632, -15.648886454545458 ], [ 23.083881636363628, -15.677497454545456 ], [ 23.249157636363634, -15.978889454545456 ], [ 23.311383636363644, -16.382503454545457 ], [ 23.577774636363642, -16.666120454545457 ], [ 23.796933636363633, -16.821946454545458 ], [ 24.066105636363631, -17.116120454545456 ], [ 24.242253636363642, -17.477416454545455 ], [ 24.251586636363641, -17.477992454545458 ], [ 24.381249636363634, -17.473474454545457 ], [ 24.440136636363633, -17.482366454545456 ], [ 24.502497636363643, -17.508052454545457 ], [ 24.542214636363639, -17.524999454545458 ], [ 24.565416636363636, -17.533468454545456 ], [ 24.590274636363631, -17.533891454545458 ], [ 24.619164636363649, -17.505838454545458 ], [ 24.638190636363646, -17.496676454545458 ], [ 24.663894636363636, -17.493616454545457 ], [ 24.708606636363641, -17.498332454545459 ], [ 24.817776636363647, -17.515558454545456 ], [ 24.912501636363629, -17.540839454545456 ], [ 24.970002636363631, -17.559730454545456 ], [ 24.984303636363649, -17.583886454545457 ], [ 25.029996636363649, -17.610004454545457 ], [ 25.065276636363649, -17.624728454545458 ], [ 25.251945636363644, -17.783056454545456 ], [ 25.264428636363647, -17.802244454545455 ], [ 25.319580636363639, -17.836255454545459 ], [ 25.339029636363648, -17.843752454545456 ], [ 25.411110636363645, -17.854165454545456 ], [ 25.43278263636364, -17.856946454545458 ], [ 25.513881636363635, -17.863057454545459 ], [ 25.618470636363639, -17.836390454545459 ], [ 25.657080636363645, -17.814025454545458 ], [ 25.685826636363629, -17.807635454545458 ], [ 25.782495636363649, -17.864731454545456 ], [ 25.854333636363634, -17.921944454545457 ], [ 25.841661636363625, -17.940421454545458 ], [ 25.86165963636364, -17.974999454545458 ], [ 25.904445636363647, -17.988886454545458 ], [ 25.967499636363641, -18.004519454545456 ], [ 26.092779636363645, -17.967223454545458 ], [ 26.123604636363638, -17.931394454545458 ], [ 26.190555636363626, -17.901946454545456 ], [ 26.23000263636365, -17.902783454545457 ], [ 26.36166363636363, -17.931115454545456 ], [ 26.429442636363632, -17.949997454545457 ], [ 26.568339636363646, -17.997364454545458 ], [ 26.605482636363632, -18.042742454545458 ], [ 26.698578636363635, -18.074917454545457 ], [ 26.725551636363633, -18.049726454545457 ], [ 26.745000636363642, -18.033751454545456 ], [ 26.841390636363627, -18.000550454545458 ], [ 26.888055636363646, -17.985835454545459 ], [ 26.943882636363639, -17.974441454545456 ], [ 26.996109636363627, -17.966944454545459 ], [ 27.029400636363647, -17.961265454545458 ], [ 27.150207636363632, -17.854165454545456 ], [ 27.146112636363625, -17.806528454545457 ], [ 27.34777563636365, -17.575282454545459 ], [ 27.519693636363627, -17.423938454545457 ], [ 27.614166636363649, -17.341255454545458 ], [ 27.638880636363638, -17.224723454545458 ], [ 27.705831636363627, -17.128054454545456 ], [ 27.807495636363626, -16.983334454545457 ], [ 27.825270636363626, -16.959160454545458 ], [ 28.025835636363638, -16.873093454545458 ], [ 28.13860563636365, -16.823611454545457 ], [ 28.259997636363636, -16.724161454545456 ], [ 28.585554636363639, -16.590277454545458 ], [ 28.752639636363625, -16.555897454545455 ], [ 28.820688636363627, -16.475761454545456 ], [ 28.852359636363644, -16.394023454545458 ], [ 28.853538636363623, -16.362226454545457 ], [ 28.843611636363647, -16.339996454545457 ], [ 28.837500636363643, -16.304176454545455 ], [ 28.847769636363637, -16.159996454545457 ], [ 28.859442636363639, -16.055974454545456 ], [ 28.866111636363627, -16.036525454545458 ], [ 28.927707636363635, -15.972364454545456 ], [ 28.943214636363649, -15.963724454545456 ], [ 28.988889636363638, -15.951943454545457 ], [ 29.079717636363625, -15.889726454545457 ], [ 29.245686636363644, -15.777361454545456 ], [ 29.345136636363634, -15.736663454545457 ], [ 29.578470636363647, -15.660901454545456 ], [ 29.601393636363639, -15.662782454545457 ], [ 29.627214636363647, -15.671251454545455 ], [ 29.656104636363636, -15.670837454545456 ], [ 29.728050636363633, -15.648058454545456 ], [ 29.799447636363624, -15.624442454545456 ], [ 29.834997636363624, -15.616531454545456 ], [ 30.159852636363638, -15.631525454545457 ], [ 30.261246636363637, -15.640138454545458 ], [ 30.293682636363627, -15.650362454545458 ], [ 30.35429763636364, -15.658966454545457 ], [ 30.384852636363632, -15.647230454545458 ], [ 30.413328636363644, -15.633082454545455 ], [ 30.416154636363643, -15.633163454545457 ], [ 30.796872636363645, -15.644260454545456 ], [ 31.113825636363629, -15.713929454545458 ], [ 31.251831636363647, -15.713929454545458 ], [ 31.334640636363645, -15.642622454545457 ], [ 31.640550636363628, -15.647221454545456 ], [ 32.043084636363631, -15.677128454545457 ], [ 32.112078636363634, -15.677128454545457 ], [ 32.43641163636363, -15.578218454545457 ], [ 32.588214636363631, -15.573619454545458 ], [ 32.705232636363633, -15.579370454545458 ], [ 32.776368636363628, -15.549724454545458 ], [ 32.990262636363639, -15.583609454545456 ], [ 33.152208636363639, -15.795280454545455 ], [ 33.36747963636364, -15.947497454545456 ], [ 33.505548636363642, -16.136119454545458 ], [ 33.672210636363644, -16.256953454545457 ], [ 33.92331963636363, -16.565284454545456 ], [ 34.14444063636364, -16.652224454545458 ], [ 34.176948636363647, -16.678612454545458 ], [ 34.20666663636365, -16.692778454545458 ], [ 34.244439636363637, -16.701121454545458 ], [ 34.340550636363645, -16.724449454545457 ], [ 34.418607636363646, -16.744726454545457 ], [ 34.429722636363636, -16.748605454545459 ], [ 34.521666636363648, -16.789447454545456 ], [ 34.761660636363644, -16.908337454545457 ], [ 34.853604636363627, -16.975000454545459 ], [ 34.860840636363633, -16.981669454545457 ], [ 34.876104636363635, -17.008057454545458 ], [ 34.960272636363641, -17.219998454545458 ], [ 35.090268636363646, -17.525278454545457 ], [ 35.101941636363648, -17.547778454545458 ], [ 35.142216636363628, -17.605000454545458 ], [ 35.157768636363642, -17.624449454545456 ], [ 35.168604636363625, -17.634727454545459 ], [ 35.212776636363628, -17.669449454545457 ], [ 35.317122636363649, -17.732818454545455 ], [ 35.322216636363635, -17.734996454545456 ], [ 35.350827636363647, -17.756659454545456 ], [ 35.41361163636364, -17.814997454545455 ], [ 35.420271636363623, -17.822503454545458 ], [ 35.495556636363631, -17.920558454545457 ], [ 35.506662636363643, -17.936110454545457 ], [ 35.520828636363632, -17.956675454545458 ], [ 35.540043636363635, -17.988067454545458 ], [ 35.582388636363646, -18.027217454545458 ], [ 35.772612636363647, -18.089821454545458 ], [ 35.893320636363626, -18.252784454545456 ], [ 36.069009636363631, -18.353359454545458 ], [ 36.149424636363648, -18.519454454545457 ], [ 36.102480636363623, -18.713332454545458 ], [ 36.19109463636363, -18.756667454545457 ], [ 36.130182636363628, -18.812044454545457 ] ] } },
{ "type": "Feature", "properties": { "NAME": "Great Bear", "SYSTEM": "Mackenzie", "MILES": 2880.66379, "KILOMETERS": 4635.98826 }, "geometry": { "type": "LineString", "coordinates": [ [ -125.595389363636372, 64.890178545454546 ], [ -125.582906363636368, 64.904380545454558 ], [ -125.570279363636359, 64.915261545454541 ], [ -125.377769363636361, 64.993588545454543 ], [ -125.35888736363637, 64.999420545454541 ], [ -125.337782363636364, 65.003326545454541 ], [ -125.21639936363637, 65.018329545454549 ], [ -124.98443336363637, 65.023036545454545 ], [ -124.956119363636361, 65.019994545454551 ], [ -124.943330363636363, 65.016934545454546 ], [ -124.906106363636368, 65.002768545454558 ], [ -124.893065363636367, 64.994425545454533 ], [ -124.869719363636364, 64.991365545454556 ], [ -124.792769363636367, 65.001103545454555 ], [ -124.770845363636369, 65.004163545454531 ], [ -124.734440363636367, 65.017213545454553 ], [ -124.694444363636364, 65.039155545454548 ], [ -124.676939363636365, 65.046373545454543 ], [ -124.635008363636359, 65.054158545454555 ], [ -124.608332363636364, 65.052475545454541 ], [ -124.353056363636369, 65.018329545454549 ], [ -124.197491363636374, 65.024152545454541 ], [ -123.997223363636365, 65.021650545454548 ], [ -123.824441363636367, 65.029984545454539 ], [ -123.747770363636363, 65.040262545454539 ], [ -123.726674363636363, 65.04387154545455 ], [ -123.710006363636367, 65.051926545454535 ], [ -123.65388236363637, 65.096098545454538 ], [ -123.62971736363636, 65.109706545454543 ], [ -123.604175363636358, 65.121370545454539 ], [ -123.566096363636376, 65.134717545454549 ], [ -123.554990363636364, 65.137210545454536 ], [ -123.523058363636366, 65.142763545454557 ], [ -123.47461136363637, 65.147767545454542 ] ] } },
{ "type": "Feature", "properties": { "NAME": "Mackenzie", "SYSTEM": "Mackenzie", "MILES": 5464.70286, "KILOMETERS": 8794.60435 }, "geometry": { "type": "MultiLineString", "coordinates": [ [ [ -134.238602363636375, 68.693749545454551 ], [ -134.18923736363638, 68.670853545454548 ], [ -134.176754363636377, 68.663374545454559 ], [ -134.109434363636353, 68.586073545454553 ], [ -134.094485363636352, 68.566120545454538 ], [ -134.076998363636363, 68.538697545454539 ], [ -134.074523363636359, 68.521228545454534 ], [ -134.076998363636363, 68.501284545454553 ], [ -134.134373363636371, 68.384059545454534 ], [ -134.241608363636374, 68.316730545454533 ], [ -134.256566363636352, 68.309242545454538 ], [ -134.29648136363636, 68.306767545454534 ], [ -134.366303363636376, 68.296777545454546 ], [ -134.396210363636357, 68.281819545454539 ], [ -134.423642363636361, 68.211988545454545 ], [ -134.458589363636378, 68.039917545454557 ], [ -134.433623363636372, 67.987546545454535 ], [ -134.333867363636358, 67.912738545454545 ], [ -134.29648136363636, 67.885297545454534 ], [ -134.231627363636363, 67.865344545454548 ], [ -134.216669363636356, 67.842898545454545 ], [ -134.216669363636356, 67.827949545454544 ], [ -134.226650363636367, 67.795522545454531 ], [ -134.23660436363636, 67.753123545454542 ], [ -134.23660436363636, 67.713226545454546 ], [ -134.204195363636359, 67.67332954545455 ], [ -134.04705536363636, 67.61096854545454 ], [ -133.909913363636377, 67.561099545454539 ], [ -133.832612363636372, 67.528672545454555 ], [ -133.780241363636378, 67.496263545454553 ], [ -133.77276236363636, 67.488775545454558 ], [ -133.765292363636377, 67.476319545454544 ], [ -133.755284363636378, 67.463836545454541 ], [ -133.74032636363637, 67.458841545454533 ], [ -133.712894363636366, 67.456366545454557 ], [ -133.690466363636375, 67.458841545454533 ], [ -133.665527363636357, 67.463836545454541 ], [ -133.643063363636372, 67.471306545454553 ], [ -133.610654363636371, 67.478812545454531 ], [ -133.57824536363637, 67.478812545454531 ], [ -133.555781363636356, 67.476319545454544 ], [ -133.540832363636355, 67.471306545454553 ], [ -133.528358363636357, 67.458841545454533 ], [ -133.523372363636383, 67.411474545454553 ], [ -133.488461363636361, 67.381549545454533 ], [ -133.418612363636356, 67.349122545454549 ], [ -133.336334363636354, 67.329160545454556 ], [ -133.216616363636376, 67.299235545454536 ], [ -133.144319363636356, 67.279300545454532 ], [ -133.096925363636359, 67.25933854545454 ], [ -133.014620363636368, 67.226911545454556 ], [ -132.937319363636362, 67.211962545454554 ], [ -132.879944363636355, 67.206976545454552 ], [ -132.802643363636378, 67.204465545454553 ], [ -132.680450363636368, 67.231915545454541 ], [ -132.468473363636377, 67.291765545454552 ], [ -132.378689363636369, 67.311718545454539 ], [ -132.313871363636366, 67.321681545454538 ], [ -132.244022363636361, 67.321681545454538 ], [ -132.12182936363638, 67.339141545454538 ], [ -131.914829363636358, 67.371559545454545 ], [ -131.797640363636361, 67.394005545454547 ], [ -131.685428363636362, 67.416451545454549 ], [ -131.630528363636358, 67.431409545454557 ], [ -131.590640363636368, 67.446385545454547 ], [ -131.558204363636378, 67.453873545454542 ], [ -131.51580536363636, 67.458841545454533 ], [ -131.346218363636353, 67.468831545454549 ], [ -131.256470363636367, 67.463836545454541 ], [ -131.074400363636357, 67.481287545454535 ], [ -131.037014363636359, 67.488775545454558 ], [ -130.967165363636354, 67.488775545454558 ], [ -130.912328363636362, 67.476319545454544 ], [ -130.882385363636359, 67.458841545454533 ], [ -130.86492536363636, 67.441390545454539 ], [ -130.837493363636383, 67.394005545454547 ], [ -130.815038363636376, 67.37904754545454 ], [ -130.790099363636358, 67.366573545454543 ], [ -130.757690363636357, 67.356601545454538 ], [ -130.71029636363636, 67.346620545454556 ], [ -130.677887363636358, 67.341643545454559 ], [ -130.605563363636378, 67.336657545454557 ], [ -130.523258363636359, 67.336657545454557 ], [ -130.450952363636361, 67.319197545454557 ], [ -130.401092363636366, 67.306714545454554 ], [ -130.358675363636365, 67.286770545454544 ], [ -130.278872363636367, 67.239394545454559 ], [ -130.261412363636367, 67.221934545454559 ], [ -130.243952363636367, 67.194502545454554 ], [ -130.238984363636376, 67.169572545454542 ], [ -130.236482363636355, 67.137145545454558 ], [ -130.236482363636355, 67.072300545454539 ], [ -130.233980363636363, 67.022431545454538 ], [ -130.223999363636381, 66.999985545454535 ], [ -130.201571363636361, 66.955093545454531 ], [ -130.179107363636376, 66.915187545454557 ], [ -130.134215363636372, 66.865309545454551 ], [ -130.094327363636353, 66.830398545454557 ], [ -130.071899363636362, 66.815449545454555 ], [ -129.979622363636366, 66.775543545454553 ], [ -129.942200363636374, 66.765562545454543 ], [ -129.852416363636365, 66.748111545454549 ], [ -129.705293363636372, 66.748111545454549 ], [ -129.632960363636357, 66.743116545454541 ], [ -129.618011363636356, 66.738130545454538 ], [ -129.568115363636366, 66.720670545454539 ], [ -129.493316363636382, 66.690754545454553 ], [ -129.371123363636372, 66.635881545454538 ], [ -129.268865363636365, 66.590989545454534 ], [ -129.169100363636375, 66.54859954545455 ], [ -129.124235363636359, 66.541111545454555 ], [ -129.101771363636374, 66.536116545454547 ], [ -129.079343363636383, 66.528637545454558 ], [ -129.031958363636363, 66.498721545454544 ], [ -129.01947536363636, 66.486256545454552 ], [ -128.999549363636362, 66.456322545454555 ], [ -128.98455536363636, 66.42889054545455 ], [ -128.96212736363637, 66.411439545454556 ], [ -128.937161363636363, 66.401458545454545 ], [ -128.919737363636358, 66.396472545454543 ], [ -128.844911363636356, 66.391477545454535 ], [ -128.755127363636376, 66.379012545454543 ], [ -128.715239363636357, 66.369040545454538 ], [ -128.657864363636378, 66.339106545454541 ], [ -128.642915363636376, 66.314167545454552 ], [ -128.642915363636376, 66.299209545454545 ], [ -128.645381363636375, 66.279265545454535 ], [ -128.660375363636376, 66.256819545454533 ], [ -128.700290363636384, 66.244336545454559 ], [ -128.747657363636364, 66.234373545454531 ], [ -128.83993436363636, 66.219406545454547 ], [ -128.89728236363635, 66.201946545454547 ], [ -128.96212736363637, 66.179500545454545 ], [ -129.069335363636355, 66.129640545454549 ], [ -129.099269363636381, 66.109678545454557 ], [ -129.109250363636363, 66.099697545454546 ], [ -129.111752363636356, 66.077251545454544 ], [ -129.109250363636363, 66.05980054545455 ], [ -129.069335363636355, 65.927626545454558 ], [ -129.061865363636372, 65.905180545454556 ], [ -129.041930363636368, 65.890213545454543 ], [ -128.979578363636364, 65.867785545454552 ], [ -128.944676363636376, 65.852818545454539 ], [ -128.864864363636372, 65.817880545454557 ], [ -128.76259736363636, 65.760541545454544 ], [ -128.745146363636366, 65.748067545454546 ], [ -128.745146363636366, 65.738095545454541 ], [ -128.747657363636364, 65.730607545454546 ], [ -128.752652363636372, 65.72563054545455 ], [ -128.797517363636359, 65.710663545454537 ], [ -128.804987363636371, 65.705668545454557 ], [ -128.807489363636364, 65.700682545454555 ], [ -128.807489363636364, 65.693212545454543 ], [ -128.797517363636359, 65.680738545454545 ], [ -128.77257836363637, 65.673259545454556 ], [ -128.645381363636375, 65.643325545454559 ], [ -128.535671363636368, 65.620879545454557 ], [ -128.47829636363636, 65.613400545454539 ], [ -128.410985363636371, 65.613400545454539 ], [ -128.213957363636382, 65.620879545454557 ], [ -128.126684363636372, 65.620879545454557 ], [ -128.091764363636372, 65.618386545454541 ], [ -128.051885363636359, 65.610916545454558 ], [ -127.999496363636368, 65.598433545454554 ], [ -127.854848363636364, 65.556043545454543 ], [ -127.777529363636376, 65.538592545454549 ], [ -127.687763363636364, 65.526109545454545 ], [ -127.620434363636377, 65.483737545454545 ], [ -127.607951363636374, 65.473738545454552 ], [ -127.600481363636362, 65.463766545454547 ], [ -127.592993363636367, 65.458780545454545 ], [ -127.366049363636364, 65.373991545454544 ], [ -127.263809363636369, 65.33908054545455 ], [ -127.141598363636376, 65.304169545454556 ], [ -127.086743363636373, 65.301667545454535 ], [ -126.977006363636377, 65.291686545454553 ], [ -126.687728363636367, 65.249296545454541 ], [ -126.585461363636369, 65.226850545454539 ], [ -126.301178363636367, 65.129587545454541 ], [ -126.268751363636369, 65.117131545454555 ], [ -126.236324363636371, 65.102155545454536 ], [ -126.21637136363637, 65.084695545454537 ], [ -126.20640836363637, 65.072239545454551 ], [ -126.161516363636366, 65.027347545454546 ], [ -126.10167536363636, 64.982455545454542 ], [ -126.071741363636363, 64.967497545454535 ], [ -125.976971363636366, 64.932586545454541 ], [ -125.957018363636365, 64.927582545454555 ], [ -125.685200363636369, 64.890178545454546 ], [ -125.595389363636372, 64.890178545454546 ], [ -125.480702363636368, 64.890178545454546 ], [ -125.453261363636358, 64.892680545454539 ], [ -125.430833363636367, 64.892680545454539 ], [ -125.343551363636365, 64.882708545454534 ], [ -125.288660363636367, 64.875229545454545 ], [ -125.211359363636376, 64.860262545454532 ], [ -125.176439363636376, 64.847788545454534 ], [ -125.129054363636357, 64.817854545454537 ], [ -125.114105363636369, 64.802896545454558 ], [ -125.104124363636373, 64.787938545454551 ], [ -125.099156363636368, 64.775464545454554 ], [ -125.096636363636364, 64.755511545454539 ], [ -125.084162363636366, 64.73057254545455 ], [ -125.061734363636361, 64.705642545454538 ], [ -125.041781363636375, 64.700656545454535 ], [ -124.953752363636369, 64.698559545454543 ], [ -124.900463363636362, 64.692718545454539 ], [ -124.891535363636365, 64.68975754545454 ], [ -124.87819736363636, 64.674808545454539 ], [ -124.890302363636366, 64.653496545454544 ], [ -124.899995363636364, 64.644775545454536 ], [ -124.912334363636376, 64.638052545454542 ], [ -124.925420363636363, 64.623193545454541 ], [ -124.932206363636368, 64.603222545454543 ], [ -124.932890363636375, 64.58994754545455 ], [ -124.927706363636361, 64.565863545454533 ], [ -124.920677363636372, 64.547296545454543 ], [ -124.886495363636357, 64.492603545454557 ], [ -124.798574363636362, 64.448638545454543 ], [ -124.788764363636375, 64.424707545454538 ], [ -124.732226363636357, 64.340530545454556 ], [ -124.470839363636372, 64.259710545454539 ], [ -124.411943363636368, 64.18690954545454 ], [ -124.463630363636369, 64.061908545454543 ], [ -124.353335363636376, 63.966652545454544 ], [ -124.216958363636365, 63.97220554545455 ], [ -124.157783363636369, 63.925549545454551 ], [ -123.775841363636374, 63.57248854545454 ], [ -123.610295363636368, 63.270259545454543 ], [ -123.327218363636376, 63.146923545454548 ], [ -123.230792363636368, 62.954143545454549 ], [ -123.245453363636358, 62.895535545454543 ], [ -123.245453363636358, 62.866240545454538 ], [ -123.216158363636367, 62.80762354545454 ], [ -123.201470363636361, 62.792971545454542 ], [ -123.186845363636365, 62.763676545454551 ], [ -123.186845363636365, 62.705059545454539 ], [ -123.201470363636361, 62.646442545454541 ], [ -123.230792363636368, 62.602477545454541 ], [ -123.274748363636377, 62.54387854545454 ], [ -123.274748363636377, 62.470618545454549 ], [ -123.289400363636361, 62.441314545454539 ], [ -123.391964363636362, 62.338750545454552 ], [ -123.406616363636374, 62.309446545454541 ], [ -123.318695363636365, 62.25084754545454 ], [ -123.069629363636366, 62.177578545454544 ], [ -123.01102136363636, 62.162935545454552 ], [ -122.847311363636365, 62.134693545454546 ], [ -122.703329363636357, 62.148283545454539 ], [ -122.644721363636364, 62.162935545454552 ], [ -122.576042363636361, 62.159335545454546 ], [ -122.495006363636364, 62.141740545454546 ], [ -122.322368363636372, 62.133631545454541 ], [ -122.23446536363636, 62.104327545454545 ], [ -122.146544363636366, 62.075014545454543 ], [ -122.082833363636368, 62.064232545454551 ], [ -122.030003363636368, 62.06071354545454 ], [ -121.89746036363637, 62.03106754545454 ], [ -121.780244363636371, 62.001763545454544 ], [ -121.619063363636371, 61.95780754545455 ], [ -121.434662363636363, 61.902169545454548 ], [ -121.284371363636367, 61.858771545454552 ] ], [ [ -131.295314363636351, 61.319977545454542 ], [ -131.396393363636378, 61.258039545454544 ], [ -131.334473363636363, 61.048870545454541 ], [ -131.243591363636369, 61.001656545454544 ], [ -131.049164363636351, 61.06915654545454 ], [ -130.356110363636361, 60.75803554545454 ], [ -129.982205363636353, 60.66776554545455 ], [ -129.768887363636367, 60.562483545454548 ], [ -129.680030363636376, 60.462196545454539 ], [ -129.086975363636384, 60.231922545454545 ], [ -128.865539363636373, 60.041374545454538 ], [ -128.586431363636365, 60.00026254545454 ], [ -128.526941363636354, 59.934427545454547 ], [ -128.339174363636374, 59.914978545454538 ], [ -128.316413363636372, 59.861653545454551 ], [ -128.046143363636361, 59.826940545454541 ], [ -127.849160363636372, 59.986366545454551 ], [ -127.756955363636365, 59.997760545454547 ], [ -127.464464363636367, 59.928874545454541 ], [ -127.41640436363636, 59.876368545454547 ], [ -127.491383363636373, 59.825257545454541 ], [ -127.505576363636365, 59.739712545454545 ], [ -127.172531363636367, 59.686648545454538 ], [ -127.135676363636364, 59.632027545454541 ], [ -126.631388363636376, 59.591086545454552 ], [ -126.025013363636361, 59.399422545454549 ], [ -125.825852363636358, 59.459425545454543 ], [ -125.796395363636364, 59.412193545454549 ], [ -125.247503363636369, 59.283601545454552 ], [ -124.850279363636361, 59.393032545454538 ], [ -124.742216363636373, 59.539426545454539 ], [ -124.650569363636365, 59.553871545454548 ], [ -124.671107363636366, 59.63219854545455 ], [ -124.499441363636365, 59.749711545454538 ], [ -124.336694363636369, 59.734978545454545 ], [ -124.098050363636361, 59.608591545454551 ], [ -124.11444836363637, 59.531092545454548 ], [ -124.057217363636369, 59.524153545454546 ], [ -123.829724363636359, 59.768314545454551 ], [ -123.776399363636358, 60.090820545454541 ], [ -123.66890336363636, 60.179155545454542 ], [ -123.360545363636362, 60.30358954545455 ], [ -123.509189363636366, 60.552763545454546 ], [ -123.532499363636362, 60.704701545454547 ], [ -123.315275363636374, 60.767197545454543 ], [ -123.339449363636362, 60.804142545454546 ], [ -123.577787363636361, 60.838864545454548 ], [ -123.50000036363636, 60.907201545454548 ], [ -123.370562363636367, 60.888877545454541 ], [ -123.315554363636366, 60.913033545454546 ], [ -123.347522363636358, 60.964144545454552 ], [ -123.260276363636365, 61.014148545454539 ], [ -123.341753363636371, 61.031023545454538 ], [ -123.296960363636373, 61.06331554545455 ], [ -123.136139363636374, 61.077760545454545 ], [ -123.163328363636367, 61.113049545454551 ], [ -122.916674363636361, 61.095265545454545 ], [ -122.695544363636373, 61.257211545454545 ], [ -121.558061363636369, 61.444429545454547 ], [ -121.40556536363637, 61.564696545454545 ], [ -121.454453363636361, 61.643590545454551 ], [ -121.239992363636361, 61.711648545454544 ], [ -121.184912363636357, 61.786249545454545 ], [ -121.284371363636367, 61.858771545454552 ] ], [ [ -121.284371363636367, 61.858771545454552 ], [ -121.276136363636368, 61.856386545454548 ], [ -121.138733363636362, 61.842301545454539 ], [ -121.06475336363637, 61.838773545454551 ], [ -120.955565363636367, 61.842301545454539 ], [ -120.899180363636361, 61.835254545454539 ], [ -120.886463363636366, 61.825948545454544 ], [ -120.679175363636375, 61.783045545454549 ], [ -120.711413363636368, 61.59553954545455 ], [ -120.402803363636366, 61.44831754545455 ], [ -120.237518363636369, 61.452763545454552 ], [ -119.992691363636368, 61.342414545454538 ], [ -119.948744363636365, 61.32776254545454 ], [ -119.816867363636362, 61.313110545454542 ], [ -119.758250363636364, 61.29846754545455 ], [ -119.538497363636367, 61.254511545454541 ], [ -119.509175363636359, 61.239850545454551 ], [ -119.465228363636371, 61.225198545454539 ], [ -119.113589363636365, 61.225198545454539 ], [ -118.967051363636358, 61.239850545454551 ], [ -118.82054936363636, 61.269154545454548 ], [ -118.586117363636362, 61.313110545454542 ], [ -118.439570363636363, 61.32776254545454 ], [ -118.380962363636371, 61.357075545454542 ], [ -118.307729363636369, 61.430326545454541 ], [ -118.205138363636365, 61.459639545454543 ], [ -118.058627363636361, 61.459639545454543 ], [ -118.017677363636366, 61.451440545454538 ], [ -117.912107363636366, 61.430326545454541 ], [ -117.780257363636366, 61.401031545454551 ], [ -117.706979363636364, 61.371718545454549 ], [ -117.652601363636364, 61.344529545454542 ], [ -117.604379363636369, 61.303219545454546 ] ] ] } },
{ "type": "Feature", "properties": { "NAME": "Slave", "SYSTEM": "Mackenzie", "MILES": 1410.92738, "KILOMETERS": 2270.67206 }, "geometry": { "type": "LineString", "coordinates": [ [ -113.704796363636376, 61.244521545454539 ], [ -113.544443363636361, 61.273321545454543 ], [ -113.166668363636376, 61.23026554545455 ], [ -113.235815363636362, 61.209709545454551 ], [ -113.142503363636365, 61.170532545454542 ], [ -113.202794363636372, 61.088308545454545 ], [ -113.09805236363637, 61.034722545454549 ], [ -113.236940363636364, 60.970534545454548 ], [ -113.252240363636361, 60.829000545454541 ], [ -113.179493363636368, 60.770995545454547 ], [ -113.151359363636374, 60.756874545454544 ], [ -113.112155363636361, 60.754066545454542 ], [ -113.073473363636367, 60.759637545454545 ], [ -113.028896363636363, 60.813043545454541 ], [ -112.939994363636373, 60.819433545454551 ], [ -112.986650363636357, 60.753319545454538 ], [ -112.875293363636359, 60.733321545454551 ], [ -112.826423363636366, 60.60970654545455 ], [ -112.454192363636366, 60.515548545454543 ], [ -112.515833363636375, 60.472213545454544 ], [ -112.445552363636367, 60.408322545454546 ], [ -112.484162363636358, 60.353872545454543 ], [ -112.666115363636365, 60.376372545454551 ], [ -112.662515363636373, 60.34941754545455 ], [ -112.438316363636375, 60.31804354545455 ], [ -112.213055363636357, 60.112699545454539 ], [ -112.118123363636357, 60.020206545454549 ], [ -111.888353363636369, 60.03053854545454 ], [ -111.641123363636368, 59.938594545454542 ], [ -111.567782363636368, 59.847919545454552 ], [ -111.524159363636358, 59.775505545454543 ], [ -111.407780363636363, 59.607205545454541 ], [ -111.465011363636364, 59.426368545454544 ], [ -111.379439363636365, 59.299711545454549 ], [ -111.501128363636369, 59.23359754545455 ], [ -111.368054363636361, 59.19831754545455 ], [ -111.413396363636366, 59.106958545454539 ], [ -111.411326363636363, 59.000236545454548 ], [ -111.346958363636361, 58.985260545454544 ], [ -111.195830363636361, 58.933600545454546 ], [ -111.176660363636358, 58.923331545454552 ], [ -111.172223363636363, 58.918327545454538 ], [ -111.170837363636366, 58.913314545454547 ], [ -111.172502363636369, 58.907212545454549 ], [ -111.176939363636365, 58.90138054545455 ], [ -111.189161363636373, 58.893325545454552 ], [ -111.25224236363637, 58.854643545454543 ], [ -111.277883363636363, 58.79017654545455 ] ] } },
{ "type": "Feature", "properties": { "NAME": "Nelson", "SYSTEM": null, "MILES": 2002.76351, "KILOMETERS": 3223.14189 }, "geometry": { "type": "LineString", "coordinates": [ [ -92.872352363636367, 56.911237545454547 ], [ -93.369737363636361, 56.906926545454546 ], [ -93.459179363636366, 56.87859454545454 ], [ -94.242782363636366, 56.412196545454542 ], [ -94.792529363636362, 56.389111545454547 ], [ -94.939193363636363, 56.389111545454547 ], [ -94.997819363636367, 56.374450545454543 ], [ -95.056427363636359, 56.374450545454543 ], [ -95.115035363636366, 56.389111545454547 ], [ -95.173643363636373, 56.389111545454547 ], [ -95.261564363636367, 56.374450545454543 ], [ -95.287511363636369, 56.361823545454548 ], [ -95.32576136363636, 56.35287754545454 ], [ -95.452058363636368, 56.330494545454549 ], [ -95.671955363636371, 56.32775854545455 ], [ -95.836268363636364, 56.286421545454552 ], [ -95.964914363636368, 56.271868545454545 ], [ -96.09679136363637, 56.24257354545454 ], [ -96.126104363636372, 56.227921545454542 ], [ -96.140747363636365, 56.19860854545454 ], [ -96.170060363636367, 56.169295545454538 ], [ -96.228668363636373, 56.140000545454548 ], [ -96.316589363636368, 56.12534854545455 ], [ -96.463118363636369, 56.12534854545455 ], [ -96.521744363636373, 56.110687545454546 ], [ -96.551039363636363, 56.066740545454543 ], [ -96.545855363636363, 55.931641545454546 ], [ -96.732506363636361, 55.623859545454543 ], [ -96.773906363636371, 55.445533545454545 ], [ -96.952520363636367, 55.274695545454541 ], [ -97.253921363636366, 55.22917354545455 ], [ -97.318568363636373, 55.215331545454539 ], [ -97.360157363636361, 55.20146254545454 ], [ -97.410962363636372, 55.178359545454548 ], [ -97.447916363636367, 55.164508545454545 ], [ -97.618853363636362, 55.118311545454539 ], [ -97.688135363636363, 55.062871545454549 ], [ -97.738967363636363, 55.02591754545454 ], [ -97.75410536363637, 55.019293545454538 ], [ -97.937588363636365, 54.942775545454545 ], [ -98.019749363636365, 54.89943154545454 ], [ -98.031404363636369, 54.817765545454542 ], [ -97.928615363636368, 54.791926545454551 ], [ -97.953077363636368, 54.75415354545455 ], [ -97.89477536363637, 54.703897545454545 ], [ -97.892165363636366, 54.647881545454545 ], [ -97.78070036363637, 54.569329545454544 ], [ -97.576130363636366, 54.513880545454548 ], [ -97.639733363636367, 54.392488545454547 ], [ -97.549454363636372, 54.275263545454543 ], [ -97.735313363636365, 54.088288545454539 ] ] } },
{ "type": "Feature", "properties": { "NAME": "Saskatchewan", "SYSTEM": null, "MILES": 2328.11894, "KILOMETERS": 3746.75174 }, "geometry": { "type": "MultiLineString", "coordinates": [ [ [ -117.255575363636368, 52.035820545454548 ], [ -117.120287363636365, 52.010548545454547 ], [ -116.934437363636363, 52.052479545454538 ], [ -116.713073363636369, 51.966088545454546 ], [ -116.645294363636367, 51.992764545454541 ], [ -116.50142036363637, 51.981091545454539 ], [ -116.432246363636366, 52.017766545454542 ], [ -116.455016363636361, 52.210816545454541 ], [ -116.200298363636364, 52.383049545454547 ], [ -115.903901363636365, 52.389709545454544 ], [ -115.725296363636375, 52.442485545454538 ], [ -115.501691363636368, 52.420534545454551 ], [ -115.459742363636366, 52.374157545454544 ], [ -115.002245363636376, 52.34026354545454 ], [ -114.949442363636365, 52.369981545454543 ], [ -115.088339363636365, 52.73053954545454 ], [ -115.174154363636376, 52.783873545454547 ], [ -115.151942363636365, 52.849150545454542 ], [ -115.230287363636364, 52.900819545454546 ], [ -115.218623363636368, 53.033875545454542 ], [ -114.966110363636375, 53.096371545454538 ], [ -114.917771363636376, 53.217754545454547 ], [ -114.783626363636358, 53.318599545454539 ], [ -114.510296363636371, 53.311651545454545 ], [ -114.368069363636366, 53.414431545454541 ], [ -113.994173363636364, 53.320831545454546 ], [ -113.677508363636377, 53.370259545454552 ], [ -113.567789363636365, 53.523601545454547 ], [ -113.394179363636368, 53.543869545454548 ], [ -113.068631363636371, 53.848591545454546 ], [ -112.877228363636362, 53.940265545454544 ], [ -112.794734363636366, 54.053314545454548 ], [ -112.452797363636364, 53.983321545454551 ], [ -112.269449363636369, 54.056086545454541 ], [ -112.151963363636369, 53.970262545454538 ], [ -111.757799363636366, 53.903869545454548 ], [ -111.720017363636373, 53.780533545454539 ], [ -111.443618363636375, 53.784988545454546 ], [ -111.39641336363637, 53.737207545454545 ], [ -111.132785363636373, 53.745262545454544 ], [ -110.938889363636363, 53.844424545454551 ], [ -110.612225363636369, 53.83776454545454 ], [ -110.293328363636363, 53.656927545454543 ], [ -110.224451363636376, 53.691091545454547 ], [ -109.808345363636363, 53.548045545454549 ], [ -109.757513363636377, 53.591650545454549 ], [ -109.638902363636362, 53.575819545454543 ], [ -109.529192363636369, 53.460538545454547 ], [ -109.558064363636362, 53.413315545454545 ], [ -109.41029336363637, 53.364994545454543 ], [ -109.30445336363637, 53.380816545454543 ], [ -109.064450363636368, 53.269981545454549 ], [ -109.046126363636375, 53.208034545454545 ], [ -108.755570363636366, 52.979983545454552 ], [ -108.332795363636365, 52.826380545454548 ], [ -108.332129363636369, 52.727893545454542 ], [ -108.143624363636377, 52.657477545454547 ], [ -108.039170363636373, 52.570267545454548 ], [ -107.672789363636369, 52.467757545454539 ], [ -107.399459363636367, 52.336096545454545 ], [ -107.187788363636372, 52.334710545454548 ], [ -107.110838363636361, 52.383598545454539 ], [ -107.030585363636362, 52.358884545454551 ], [ -106.750847363636368, 52.709425545454543 ], [ -106.138928363636367, 53.178316545454543 ], [ -106.03666136363637, 53.194147545454548 ], [ -105.98250836363637, 53.138878545454538 ], [ -105.469175363636367, 53.236096545454551 ], [ -105.070205363636376, 53.237770545454545 ], [ -104.953628363636369, 53.224153545454548 ], [ -104.87000936363637, 53.142766545454542 ], [ -104.695013363636377, 53.210536545454538 ], [ -104.018078363636363, 53.329705545454551 ], [ -103.892096363636369, 53.472112545454543 ], [ -103.803887363636363, 53.503540545454548 ], [ -103.779524363636369, 53.512963545454546 ], [ -103.761443363636374, 53.52239554545455 ], [ -103.708028363636373, 53.550700545454539 ], [ -103.693844363636373, 53.567188545454549 ], [ -103.649843363636364, 53.597050545454543 ], [ -103.622348363636377, 53.611990545454539 ], [ -103.568114363636369, 53.621422545454543 ], [ -103.46437136363636, 53.621422545454543 ], [ -103.43216036363637, 53.638720545454539 ], [ -103.420919363636358, 53.651671545454541 ], [ -103.278638363636361, 53.719702545454545 ], [ -103.156967363636369, 53.726371545454548 ], [ -103.029194363636364, 53.78082154545455 ], [ -103.089188363636367, 53.874151545454545 ], [ -103.033082363636368, 53.99137654545455 ], [ -102.932246363636366, 54.050821545454546 ], [ -102.650303363636368, 54.053602545454545 ], [ -102.436418363636363, 53.975680545454544 ], [ -102.038906363636357, 53.87109154545454 ], [ -101.739179363636367, 53.888317545454548 ], [ -101.475569363636367, 54.027484545454548 ], [ -101.427230363636369, 53.908036545454543 ], [ -101.335853363636375, 53.847763545454548 ], [ -101.068076363636365, 53.879155545454545 ], [ -101.061677363636363, 53.790541545454538 ], [ -100.967843363636376, 53.696095545454547 ] ], [ [ -99.327809363636362, 53.154151545454546 ], [ -99.247115363636368, 53.18524654545454 ] ], [ [ -100.967843363636376, 53.696095545454547 ], [ -101.043065363636373, 53.689993545454548 ], [ -101.049167363636371, 53.688328545454546 ], [ -101.10082736363637, 53.656099545454545 ], [ -101.107775363636364, 53.644435545454549 ], [ -101.106650363636362, 53.64249154545454 ], [ -101.100557363636369, 53.638882545454543 ], [ -101.048618363636365, 53.613052545454543 ], [ -101.025551363636367, 53.60305354545455 ], [ -100.993880363636364, 53.596384545454548 ], [ -100.977491363636375, 53.598328545454542 ], [ -100.96888736363637, 53.603611545454548 ], [ -100.959167363636368, 53.620549545454544 ], [ -100.954181363636366, 53.62082854545455 ], [ -100.748612363636369, 53.616661545454541 ], [ -100.735274363636364, 53.610550545454551 ], [ -100.730621363636374, 53.606050545454544 ], [ -100.756955363636365, 53.571940545454545 ], [ -100.78917536363636, 53.565271545454543 ], [ -100.816103363636373, 53.557207545454538 ], [ -100.827227363636368, 53.548612545454539 ], [ -100.833617363636364, 53.537776545454541 ], [ -100.836947363636369, 53.521378545454546 ], [ -100.835876363636373, 53.520748545454545 ] ], [ [ -100.967843363636376, 53.696095545454547 ], [ -100.932788363636377, 53.660806545454541 ], [ -100.683614363636366, 53.645821545454545 ], [ -100.529192363636369, 53.681929545454544 ], [ -100.345862363636371, 53.659978545454543 ], [ -100.320887363636373, 53.587510545454542 ] ] ] } },
{ "type": "Feature", "properties": { "NAME": "Dauphin", "SYSTEM": null, "MILES": 768.17156, "KILOMETERS": 1236.25476 }, "geometry": { "type": "MultiLineString", "coordinates": [ [ [ -98.043248363636366, 51.958303545454548 ], [ -98.030000363636361, 51.912493545454545 ], [ -98.036390363636372, 51.899164545454546 ], [ -98.04444536363637, 51.889993545454551 ], [ -98.063615363636373, 51.868330545454548 ], [ -98.143895363636361, 51.799714545454542 ], [ -98.16574736363637, 51.782614545454543 ] ], [ [ -98.586623363636363, 51.59986054545454 ], [ -98.627213363636372, 51.656938545454544 ], [ -98.658893363636366, 51.648613545454545 ], [ -98.722226363636366, 51.582769545454546 ], [ -98.731172363636361, 51.572950545454539 ] ] ] } },
{ "type": "Feature", "properties": { "NAME": "Waterhen", "SYSTEM": null, "MILES": 719.49564, "KILOMETERS": 1157.91831 }, "geometry": { "type": "LineString", "coordinates": [ [ -99.530156363636365, 51.750232545454544 ], [ -99.537779363636361, 51.78804154545454 ], [ -99.555266363636363, 51.870274545454542 ], [ -99.571673363636364, 51.943885545454542 ], [ -99.609725363636372, 51.928045545454545 ], [ -99.630749363636369, 51.845200545454539 ] ] } },
{ "type": "Feature", "properties": { "NAME": "Nipigon", "SYSTEM": "St. Lawrence", "MILES": 446.88732, "KILOMETERS": 719.19687 }, "geometry": { "type": "LineString", "coordinates": [ [ -88.261085363636369, 48.99295654545454 ], [ -88.257782363636366, 49.025554545454547 ], [ -88.260554363636359, 49.036381545454539 ], [ -88.276403363636362, 49.058323545454549 ], [ -88.294448363636363, 49.079167545454546 ], [ -88.307957363636362, 49.091011545454542 ], [ -88.334444363636365, 49.10889454545454 ], [ -88.346117363636367, 49.121098545454551 ], [ -88.351949363636365, 49.13665054545455 ], [ -88.355270363636365, 49.221925545454546 ], [ -88.334444363636365, 49.284439545454539 ], [ -88.300829363636367, 49.34415454545455 ], [ -88.241942363636369, 49.399162545454551 ], [ -88.233608363636364, 49.407487545454551 ], [ -88.226948363636367, 49.418053545454548 ], [ -88.226948363636367, 49.424434545454538 ], [ -88.22861336363637, 49.429438545454538 ], [ -88.235003363636366, 49.438600545454541 ] ] } },
{ "type": "Feature", "properties": { "NAME": "St. Claire", "SYSTEM": "St. Lawrence", "MILES": 5721.01833, "KILOMETERS": 9207.10494 }, "geometry": { "type": "LineString", "coordinates": [ [ -82.648658363636372, 42.548587545454545 ], [ -82.618193363636365, 42.555751545454548 ], [ -82.579034363636367, 42.56374354545455 ], [ -82.535825363636363, 42.599437545454542 ], [ -82.51736636363637, 42.627634545454548 ], [ -82.484723363636363, 42.719155545454548 ], [ -82.472915363636361, 42.760825545454544 ], [ -82.474094363636368, 42.796384545454551 ], [ -82.481528363636372, 42.826381545454545 ], [ -82.463483363636371, 42.901378545454541 ], [ -82.418780363636372, 43.01863954545454 ] ] } },
{ "type": "Feature", "properties": { "NAME": "Niagara", "SYSTEM": "St. Lawrence", "MILES": 909.73262, "KILOMETERS": 1464.07567 }, "geometry": { "type": "LineString", "coordinates": [ [ -78.918491363636363, 42.911449545454538 ], [ -78.920345363636372, 42.936244545454549 ], [ -78.945203363636367, 42.95401954545455 ], [ -78.975272363636364, 42.959707545454542 ], [ -79.013756363636361, 42.98220754545455 ], [ -79.042079363636361, 43.009720545454549 ], [ -79.08112136363637, 43.085545545454544 ], [ -79.054643363636373, 43.140544545454539 ], [ -79.04486036363636, 43.163044545454547 ], [ -79.053743363636372, 43.259578545454538 ], [ -79.062149363636365, 43.272340545454547 ] ] } },
{ "type": "Feature", "properties": { "NAME": "St. Lawrence", "SYSTEM": "St. Lawrence", "MILES": 1296.54261, "KILOMETERS": 2086.58725 }, "geometry": { "type": "LineString", "coordinates": [ [ -71.299163363636367, 46.742218545454541 ], [ -71.303510363636363, 46.740517545454544 ], [ -71.355008363636372, 46.729996545454547 ], [ -71.447915363636369, 46.717099545454538 ], [ -71.589845363636371, 46.68871354545454 ], [ -71.63113736363637, 46.67839054545454 ], [ -71.662106363636369, 46.660327545454543 ], [ -71.711138363636366, 46.650013545454549 ], [ -71.762744363636372, 46.650013545454549 ], [ -71.796287363636367, 46.657744545454541 ], [ -71.816933363636366, 46.668067545454541 ], [ -71.837579363636365, 46.675798545454548 ], [ -71.876297363636368, 46.675798545454548 ], [ -71.958881363636365, 46.621618545454545 ], [ -72.085331363636371, 46.575160545454544 ], [ -72.124040363636368, 46.567429545454551 ], [ -72.17822036363637, 46.551949545454541 ], [ -72.224669363636366, 46.510657545454542 ], [ -72.245315363636365, 46.459033545454538 ], [ -72.28404236363636, 46.433239545454548 ], [ -72.309827363636373, 46.422907545454542 ], [ -72.340805363636363, 46.41774154545454 ], [ -72.361451363636363, 46.41774154545454 ], [ -72.415649363636362, 46.399687545454547 ], [ -72.474995363636367, 46.37130154545455 ], [ -72.516296363636371, 46.348072545454549 ], [ -72.573059363636361, 46.301614545454548 ], [ -72.609194363636362, 46.283560545454542 ], [ -72.756290363636367, 46.234528545454545 ], [ -73.004024363636361, 46.139047545454538 ], [ -73.151129363636372, 46.064212545454545 ], [ -73.166600363636363, 46.05388054545454 ], [ -73.171775363636371, 46.040983545454544 ], [ -73.20788336363637, 45.971305545454548 ], [ -73.238843363636363, 45.911941545454546 ], [ -73.311113363636366, 45.834532545454543 ], [ -73.473689363636367, 45.705499545454551 ], [ -73.514981363636366, 45.705499545454551 ], [ -73.61389136363637, 45.656935545454552 ], [ -73.633898363636362, 45.642769545454549 ], [ -73.646957363636361, 45.629152545454538 ], [ -73.66055636363636, 45.596932545454543 ], [ -73.670834363636359, 45.579166545454548 ], [ -73.680833363636367, 45.570544545454545 ], [ -73.696943363636365, 45.56194054545454 ], [ -73.745543363636372, 45.542500545454551 ], [ -73.771391363636369, 45.535273545454551 ], [ -73.791380363636364, 45.53193454545454 ], [ -73.832456363636368, 45.527659545454547 ], [ -73.858196363636367, 45.52227754545455 ], [ -73.956269363636366, 45.480994545454543 ], [ -73.969184363636373, 45.470671545454543 ], [ -73.97690636363636, 45.444859545454541 ], [ -73.979489363636361, 45.43195354545454 ], [ -73.979489363636361, 45.421630545454541 ], [ -73.969184363636373, 45.419065545454551 ], [ -73.914977363636368, 45.419065545454551 ], [ -73.829819363636361, 45.393244545454543 ], [ -73.829819363636361, 45.372598545454544 ], [ -73.860779363636368, 45.36228454545455 ], [ -73.917551363636363, 45.344230545454543 ], [ -74.051750363636373, 45.313252545454539 ], [ -74.116271363636372, 45.313252545454539 ], [ -74.149805363636361, 45.30808654545455 ], [ -74.173034363636361, 45.295180545454549 ], [ -74.180783363636365, 45.277117545454551 ], [ -74.180783363636365, 45.259054545454539 ], [ -74.19625436363637, 45.243574545454543 ], [ -74.232389363636372, 45.225511545454545 ], [ -74.307215363636359, 45.210022545454542 ], [ -74.349164363636362, 45.191374545454543 ], [ -74.41722236363637, 45.158884545454548 ], [ -74.448605363636361, 45.138598545454549 ], [ -74.463338363636367, 45.116665545454545 ], [ -74.464715363636373, 45.110545545454549 ], [ -74.472779363636363, 45.099997545454549 ], [ -74.485001363636371, 45.085543545454549 ], [ -74.50112036363636, 45.074716545454542 ], [ -74.52833636363637, 45.060541545454548 ], [ -74.551943363636369, 45.05054254545454 ], [ -74.564705363636364, 45.046942545454549 ], [ -74.59166936363637, 45.041380545454551 ], [ -74.629721363636364, 45.039715545454548 ], [ -74.649170363636372, 45.03472054545454 ], [ -74.66501036363637, 45.025828545454551 ], [ -74.673326363636363, 45.01610854545455 ], [ -74.680193363636363, 45.006658545454549 ], [ -74.682020363636369, 45.006721545454546 ], [ -74.75112236363637, 45.002221545454539 ], [ -74.777780363636367, 45.00888154545455 ], [ -74.820548363636362, 45.018466545454551 ], [ -74.850284363636362, 45.016666545454548 ], [ -74.996120363636365, 44.983600545454543 ], [ -75.170549363636368, 44.898613545454545 ], [ -75.278063363636363, 44.85722254545454 ], [ -75.30972536363636, 44.841940545454541 ], [ -75.395846363636366, 44.78582554545455 ], [ -75.53721836363637, 44.691370545454539 ], [ -75.562499363636363, 44.673883545454551 ], [ -75.623051363636364, 44.631385545454542 ], [ -75.682487363636369, 44.588041545454551 ], [ -75.736118363636365, 44.546389545454538 ], [ -75.796130363636365, 44.49593554545455 ] ] } },
{ "type": "Feature", "properties": { "NAME": "San Juan", "SYSTEM": null, "MILES": 345.54775, "KILOMETERS": 556.10631 }, "geometry": { "type": "LineString", "coordinates": [ [ -83.645804363636373, 10.924792545454544 ], [ -83.662229363636371, 10.888612545454542 ], [ -83.654723363636364, 10.824442545454545 ], [ -83.66014136363637, 10.801942545454544 ], [ -83.684171363636366, 10.787083545454543 ], [ -83.75170736363637, 10.770478545454544 ], [ -83.760842363636371, 10.771360545454542 ], [ -83.772380363636373, 10.770253545454544 ], [ -83.827514363636368, 10.746106545454545 ], [ -83.870012363636363, 10.722499545454546 ], [ -83.920628363636368, 10.709692545454544 ], [ -83.958617363636364, 10.734442545454542 ], [ -83.99736236363637, 10.766527545454544 ], [ -84.040553363636363, 10.778056545454547 ], [ -84.08028836363637, 10.766941545454543 ], [ -84.115982363636363, 10.763746545454545 ], [ -84.15805736363636, 10.784113545454545 ], [ -84.193274363636363, 10.78364554545454 ], [ -84.225044363636371, 10.811905545454543 ], [ -84.273347363636361, 10.898611545454543 ], [ -84.343061363636366, 10.953889545454544 ], [ -84.345392363636364, 10.954762545454543 ], [ -84.344051363636368, 10.986019545454546 ], [ -84.346220363636363, 10.987747545454546 ], [ -84.355256363636371, 10.993309545454544 ], [ -84.493901363636368, 11.037769545454545 ], [ -84.60138836363636, 11.071393545454541 ], [ -84.636128363636359, 11.095837545454543 ], [ -84.645281363636371, 11.104720545454541 ], [ -84.658889363636362, 11.122216545454542 ], [ -84.670292363636364, 11.128336545454545 ], [ -84.681947363636368, 11.129722545454541 ], [ -84.759446363636371, 11.122774545454547 ], [ -84.765566363636367, 11.121946545454541 ], [ -84.772928363636368, 11.117851545454542 ] ] } },
{ "type": "Feature", "properties": { "NAME": "Chire", "SYSTEM": null, "MILES": 1123.53498, "KILOMETERS": 1808.15789 }, "geometry": { "type": "LineString", "coordinates": [ [ 35.317122636363649, -17.732818454545455 ], [ 35.29013163636364, -17.134147454545456 ], [ 35.304297636363628, -17.108263454545458 ], [ 35.308050636363646, -17.061391454545458 ], [ 35.296665636363628, -17.015284454545458 ], [ 35.282769636363639, -16.966387454545458 ], [ 35.289159636363649, -16.867783454545457 ], [ 35.302218636363648, -16.809175454545457 ], [ 35.278053636363637, -16.704730454545459 ], [ 35.25582363636363, -16.677226454545458 ], [ 35.223117636363639, -16.646041454545458 ], [ 35.190825636363627, -16.633891454545456 ], [ 35.172771636363649, -16.624171454545458 ], [ 35.156112636363645, -16.599160454545459 ], [ 35.138616636363651, -16.549741454545458 ], [ 35.122443636363641, -16.522381454545457 ], [ 35.097999636363625, -16.471594454545457 ], [ 34.934712636363628, -16.371388454545457 ], [ 34.77275763636365, -15.941386454545459 ], [ 34.761372636363632, -15.592501454545456 ], [ 34.944702636363644, -15.371659454545458 ], [ 35.013048636363635, -15.363334454545456 ], [ 35.182761636363637, -15.222781454545459 ], [ 35.320263636363649, -14.881672454545456 ], [ 35.277657636363642, -14.757445454545458 ], [ 35.265255636363634, -14.734243454545457 ], [ 35.248983636363647, -14.683708454545457 ], [ 35.247390636363633, -14.654107454545457 ], [ 35.245653636363642, -14.556511454545458 ], [ 35.245653636363642, -14.537305454545457 ], [ 35.248983636363647, -14.517307454545456 ], [ 35.256192636363636, -14.506381454545458 ], [ 35.235537636363631, -14.405266454545458 ] ] } },
{ "type": "Feature", "properties": { "NAME": "Lukaga", "SYSTEM": "Congo", "MILES": 1182.93782, "KILOMETERS": 1903.75769 }, "geometry": { "type": "LineString", "coordinates": [ [ 26.924955636363649, -5.639743454545457 ], [ 27.16220463636364, -5.986945454545456 ], [ 27.293604636363625, -6.016393454545458 ], [ 27.753882636363642, -5.867497454545457 ], [ 27.802212636363635, -5.778055454545456 ], [ 27.987774636363639, -5.675284454545455 ], [ 28.079151636363633, -5.778055454545456 ], [ 28.423329636363633, -5.944447454545458 ], [ 28.728330636363637, -5.852224454545457 ], [ 29.186331636363633, -5.912047454545458 ] ] } },
{ "type": "Feature", "properties": { "NAME": "White Nile", "SYSTEM": "Nile", "MILES": 3157.75297, "KILOMETERS": 5081.92096 }, "geometry": { "type": "MultiLineString", "coordinates": [ [ [ 32.48512863636364, 15.629731545454547 ], [ 32.48831463636364, 15.359992545454546 ], [ 32.421651636363634, 14.954164545454546 ], [ 32.222751636363625, 14.739433545454546 ], [ 32.181369636363627, 14.629714545454547 ], [ 32.168589636363635, 14.341660545454545 ], [ 32.346087636363649, 13.899436545454542 ], [ 32.528319636363648, 13.650001545454543 ], [ 32.619426636363642, 13.607494545454543 ], [ 32.573049636363635, 13.357501545454546 ], [ 32.64942363636365, 13.226380545454546 ], [ 32.757765636363644, 13.148611545454543 ], [ 32.809704636363648, 13.014448545454542 ], [ 32.750826636363627, 12.907501545454544 ], [ 32.80554663636363, 12.535828545454542 ], [ 32.726202636363638, 12.220666545454542 ], [ 32.745534636363629, 11.994721545454546 ], [ 32.722485636363643, 11.911948545454543 ], [ 32.763597636363642, 11.678326545454546 ], [ 32.683587636363626, 11.500270545454541 ], [ 32.656641636363645, 11.058325545454544 ], [ 32.616924636363649, 10.980826545454541 ], [ 32.308593636363639, 10.750831545454545 ], [ 32.10442863636365, 10.533058545454544 ], [ 32.099991636363626, 10.465000545454544 ], [ 32.234154636363627, 10.422772545454542 ], [ 32.282763636363626, 10.154995545454547 ], [ 32.16776163636365, 9.973051545454545 ], [ 31.887222636363646, 9.725272545454544 ], [ 31.731099636363638, 9.665557545454547 ], [ 31.536699636363636, 9.374452545454545 ], [ 31.414722636363649, 9.341665545454546 ], [ 31.145568636363635, 9.43536454545454 ] ], [ [ 31.373610636363651, 2.192218545454544 ], [ 31.554438636363642, 2.278051545454545 ], [ 31.746372636363645, 2.29526854545454 ], [ 31.824159636363646, 2.354164545454545 ], [ 31.92165663636365, 2.356666545454544 ], [ 32.152479636363637, 2.226112545454541 ], [ 32.255259636363633, 2.25666754545454 ], [ 32.310537636363648, 2.195269545454543 ], [ 32.362494636363635, 1.954447545454542 ], [ 32.274150636363629, 1.813057545454541 ], [ 32.120259636363642, 1.737502545454547 ], [ 32.099424636363636, 1.650553545454542 ], [ 32.257428636363642, 1.664107545454542 ], [ 32.308053636363638, 1.638889545454546 ], [ 32.47776663636364, 1.559248545454544 ], [ 32.550981636363645, 1.519144545454544 ], [ 32.567838636363632, 1.499443545454547 ], [ 32.573391636363624, 1.493890545454541 ], [ 32.604720636363623, 1.462777545454543 ], [ 32.617221636363638, 1.453894545454546 ], [ 32.62805763636365, 1.451941545454545 ], [ 32.641935636363627, 1.451941545454545 ], [ 32.660268636363639, 1.454722545454544 ], [ 32.70361263636363, 1.466944545454545 ], [ 32.734986636363629, 1.484719545454546 ], [ 32.750826636363627, 1.49639254545454 ], [ 32.765829636363634, 1.502503545454545 ], [ 32.798607636363641, 1.511386545454542 ], [ 32.829432636363634, 1.516390545454541 ], [ 32.84764863636363, 1.517245545454543 ], [ 32.83630863636364, 1.452589545454543 ], [ 32.834202636363642, 1.421980545454545 ], [ 32.83630863636364, 1.395601545454547 ], [ 32.862687636363631, 1.339135545454546 ], [ 32.88279363636363, 1.322152545454543 ], [ 32.967195636363641, 1.170277545454546 ], [ 32.954424636363626, 0.93639454545454 ], [ 33.040824636363624, 0.775555545454544 ], [ 33.078876636363646, 0.569446545454547 ], [ 33.187632636363645, 0.426328545454545 ] ], [ [ 30.501294636363639, 7.758673545454542 ], [ 30.495273636363635, 7.897219545454547 ], [ 30.389343636363634, 8.044720545454545 ], [ 30.324435636363631, 8.111662545454543 ], [ 30.305823636363641, 8.193058545454541 ], [ 30.363324636363643, 8.462770545454546 ], [ 30.273603636363646, 8.548612545454546 ], [ 30.312222636363629, 8.673883545454544 ], [ 30.235542636363647, 8.734165545454545 ], [ 30.238602636363623, 9.048058545454545 ], [ 30.370542636363638, 9.225556545454545 ], [ 30.324165636363631, 9.354166545454547 ], [ 30.484401636363629, 9.525238545454542 ], [ 31.029162636363623, 9.487492545454543 ], [ 31.145568636363635, 9.43536454545454 ] ], [ [ 30.501294636363639, 7.758673545454542 ], [ 30.566940636363626, 7.767502545454541 ], [ 30.648048636363626, 8.177776545454542 ], [ 30.640542636363648, 8.503054545454546 ], [ 30.75582363636363, 8.578330545454541 ], [ 30.85359963636364, 8.871937545454543 ], [ 30.789150636363644, 8.971378545454542 ], [ 30.809994636363626, 9.050272545454547 ], [ 30.898878636363634, 9.096667545454544 ], [ 30.951933636363634, 9.215827545454545 ], [ 31.106940636363646, 9.337219545454545 ], [ 31.145568636363635, 9.43536454545454 ] ], [ [ 30.501294636363639, 7.758673545454542 ], [ 30.505272636363628, 7.667215545454546 ], [ 30.677568636363645, 7.284814545454545 ], [ 30.816654636363637, 7.072216545454545 ], [ 31.196382636363637, 6.773605545454544 ], [ 31.67214063636365, 5.923834545454547 ], [ 31.775829636363625, 5.720002545454541 ], [ 31.796385636363624, 5.550550545454541 ], [ 31.725816636363646, 5.109163545454543 ], [ 31.515090636363624, 4.594264545454543 ], [ 31.511103636363629, 4.310827545454543 ], [ 31.602210636363623, 4.054714545454544 ], [ 31.821666636363631, 3.806944545454542 ], [ 31.853472636363648, 3.784714545454541 ], [ 31.932078636363627, 3.689161545454546 ], [ 31.94638863636365, 3.621661545454543 ], [ 31.951104636363624, 3.593887545454542 ], [ 32.025840636363625, 3.591394545454541 ], [ 32.026425636363626, 3.591259545454541 ], [ 31.930818636363625, 3.507496545454543 ], [ 31.773048636363626, 3.512500545454543 ], [ 31.60582863636364, 3.34638754545454 ], [ 31.363323636363646, 2.864716545454542 ], [ 31.438599636363648, 2.74860754545454 ], [ 31.42221963636365, 2.611105545454542 ], [ 31.527771636363639, 2.492503545454547 ], [ 31.472682636363629, 2.401792545454541 ], [ 31.471782636363628, 2.400145545454542 ] ] ] } },
{ "type": "Feature", "properties": { "NAME": "Blue Nile", "SYSTEM": "Nile", "MILES": 1176.97134, "KILOMETERS": 1894.15555 }, "geometry": { "type": "MultiLineString", "coordinates": [ [ [ 37.114152636363627, 11.852845545454542 ], [ 37.111587636363623, 11.818636545454545 ], [ 37.142187636363644, 11.771530545454546 ], [ 37.171329636363623, 11.771530545454546 ], [ 37.198320636363633, 11.716378545454546 ], [ 37.053870636363627, 11.625829545454543 ], [ 37.077765636363637, 11.598325545454543 ], [ 37.021092636363647, 11.529718545454543 ], [ 36.974157636363628, 11.230270545454545 ], [ 37.246938636363637, 10.986109545454546 ] ], [ [ 32.48512863636364, 15.629731545454547 ], [ 32.576100636363634, 15.620272545454547 ], [ 32.794989636363624, 15.347221545454545 ], [ 33.014706636363627, 15.281377545454546 ], [ 33.178596636363636, 15.117775545454542 ], [ 33.218034636363626, 14.938324545454542 ], [ 33.647478636363644, 14.192215545454545 ], [ 33.633330636363638, 13.970275545454541 ], [ 33.618048636363625, 13.907221545454547 ], [ 33.60360363636363, 13.85193454545454 ], [ 33.541926636363627, 13.841377545454542 ], [ 33.623034636363627, 13.759432545454544 ], [ 33.552204636363626, 13.751107545454545 ], [ 33.620820636363646, 13.675831545454542 ], [ 33.571095636363623, 13.592770545454542 ], [ 33.676944636363629, 13.470829545454542 ], [ 33.658314636363627, 13.419439545454544 ], [ 33.719982636363625, 13.315273545454545 ], [ 33.790263636363647, 13.332769545454546 ], [ 33.956934636363627, 13.225273545454542 ], [ 33.921096636363643, 13.161949545454547 ], [ 33.972477636363635, 13.153327545454545 ], [ 33.944145636363629, 13.046659545454546 ], [ 33.989424636363623, 13.014997545454541 ], [ 33.99414963636363, 12.85610254545454 ], [ 34.14360363636365, 12.776110545454543 ], [ 34.184157636363636, 12.587497545454546 ], [ 34.14360363636365, 12.537493545454545 ], [ 34.166652636363636, 12.491665545454545 ], [ 34.341927636363636, 12.380272545454545 ], [ 34.307205636363648, 12.13110754545454 ], [ 34.378854636363627, 11.782780545454543 ], [ 34.376379636363623, 11.754034545454545 ], [ 34.383903636363641, 11.656276545454546 ], [ 34.39142763636363, 11.63371354545454 ], [ 34.406466636363632, 11.611141545454544 ], [ 34.444068636363625, 11.566024545454546 ], [ 34.474155636363633, 11.543461545454541 ], [ 34.504233636363637, 11.528431545454545 ], [ 34.549350636363641, 11.498335545454545 ], [ 34.624563636363632, 11.438170545454547 ], [ 34.662165636363625, 11.408092545454544 ], [ 34.684728636363644, 11.385538545454544 ], [ 34.699767636363646, 11.362975545454546 ], [ 34.707291636363635, 11.340412545454541 ], [ 34.729854636363626, 11.317849545454543 ], [ 34.75240863636364, 11.302810545454541 ], [ 34.774854636363642, 11.292595545454546 ], [ 34.976940636363651, 11.226292545454541 ], [ 35.030535636363624, 11.230000545454544 ], [ 35.186100636363648, 11.113324545454546 ], [ 35.203875636363648, 10.89444454545454 ], [ 35.147481636363636, 10.571380545454545 ], [ 35.318598636363646, 10.393612545454545 ], [ 35.314143636363639, 10.211110545454545 ], [ 35.353320636363634, 10.133881545454543 ], [ 35.490264636363634, 10.106665545454547 ], [ 35.683044636363633, 9.948607545454543 ], [ 35.735262636363643, 10.053880545454547 ], [ 35.86970463636365, 10.023055545454547 ], [ 35.974977636363633, 10.151107545454543 ], [ 36.125259636363637, 10.131937545454541 ], [ 36.303315636363635, 10.216105545454546 ], [ 36.477195636363632, 10.491109545454542 ], [ 36.53554263636363, 10.47693454545454 ], [ 36.539709636363625, 10.376665545454543 ], [ 36.66749163636365, 10.328605545454543 ], [ 36.703599636363634, 10.367215545454542 ], [ 37.045032636363629, 10.295962545454543 ], [ 37.197204636363637, 10.238884545454546 ], [ 37.165821636363631, 10.173607545454544 ], [ 37.193874636363631, 10.11916654545454 ], [ 37.327209636363648, 10.014721545454542 ], [ 37.36081563636364, 10.062214545454545 ], [ 37.470534636363624, 10.032217545454543 ], [ 37.711374636363644, 9.841939545454544 ], [ 37.806927636363639, 9.857221545454543 ], [ 38.40804663636365, 10.150558545454544 ], [ 38.466087636363625, 10.259719545454544 ], [ 38.513877636363645, 10.919716545454541 ], [ 38.432760636363639, 11.085550545454545 ], [ 38.286096636363624, 11.155003545454541 ], [ 38.185539636363643, 11.146111545454545 ], [ 37.784994636363649, 11.270275545454545 ], [ 37.617198636363639, 11.48776954545454 ], [ 37.386375636363624, 11.548051545454541 ], [ 37.384989636363628, 11.637691545454544 ] ] ] } },
{ "type": "Feature", "properties": { "NAME": "Gota Alv", "SYSTEM": null, "MILES": 632.63258, "KILOMETERS": 1018.12548 }, "geometry": { "type": "LineString", "coordinates": [ [ 11.715684636363648, 57.769693545454551 ], [ 11.830272636363645, 57.786379545454544 ], [ 11.858325636363645, 57.798880545454544 ], [ 11.951394636363631, 57.846112545454538 ], [ 12.005835636363628, 57.87999754545455 ], [ 12.098607636363624, 57.968044545454539 ], [ 12.101388636363623, 57.973885545454543 ], [ 12.115275636363634, 58.045003545454541 ], [ 12.11639163636363, 58.06360654545454 ], [ 12.110271636363649, 58.079437545454546 ], [ 12.09165963636363, 58.102216545454546 ], [ 12.09055263636364, 58.10805754545455 ], [ 12.099714636363643, 58.175827545454545 ], [ 12.102495636363642, 58.18193854545455 ], [ 12.110550636363627, 58.192495545454541 ], [ 12.143886636363646, 58.217776545454548 ], [ 12.25888863636365, 58.290838545454541 ], [ 12.346107636363627, 58.343047545454546 ], [ 12.35111163636364, 58.347502545454539 ], [ 12.351660636363647, 58.353613545454543 ], [ 12.337962636363642, 58.373287545454538 ] ] } },
{ "type": "Feature", "properties": { "NAME": "Neva", "SYSTEM": null, "MILES": 842.99219, "KILOMETERS": 1356.66713 }, "geometry": { "type": "LineString", "coordinates": [ [ 30.222861636363632, 59.908714545454551 ], [ 30.343056636363627, 59.959429545454547 ], [ 30.397209636363641, 59.952211545454539 ], [ 30.657228636363641, 59.80664554545455 ], [ 30.787224636363646, 59.794990545454546 ], [ 30.96971763636364, 59.85747754545455 ], [ 31.044606636363625, 59.94345454545455 ] ] } },
{ "type": "Feature", "properties": { "NAME": "Suir", "SYSTEM": null, "MILES": 1592.39401, "KILOMETERS": 2562.71488 }, "geometry": { "type": "LineString", "coordinates": [ [ 32.793333636363627, 60.466750545454538 ], [ 33.073881636363637, 60.52247854545454 ], [ 33.170541636363623, 60.63664354545454 ], [ 33.27498663636365, 60.641368545454547 ], [ 33.358596636363643, 60.724699545454548 ], [ 33.64527363636364, 60.751096545454551 ], [ 33.875259636363637, 60.962479545454549 ], [ 34.233882636363631, 60.922213545454547 ], [ 34.475820636363636, 60.97192954545455 ], [ 34.687500636363637, 60.966646545454545 ], [ 34.829628636363623, 61.015633545454541 ] ] } },
{ "type": "Feature", "properties": { "NAME": "Angara", "SYSTEM": null, "MILES": 3226.46497, "KILOMETERS": 5192.50244 }, "geometry": { "type": "LineString", "coordinates": [ [ 92.986755636363625, 58.088041545454551 ], [ 93.114681636363628, 58.072489545454552 ], [ 93.189678636363624, 58.127767545454539 ], [ 93.358851636363624, 58.161094545454539 ], [ 93.914979636363626, 58.08027454545455 ], [ 94.128297636363641, 58.124977545454549 ], [ 94.429410636363627, 58.077763545454552 ], [ 94.873578636363618, 58.133032545454547 ], [ 95.381070636363631, 58.340266545454547 ], [ 95.43412563636366, 58.416658545454546 ], [ 95.905248636363638, 58.523875545454551 ], [ 96.167733636363664, 58.481089545454545 ], [ 96.423018636363622, 58.531363545454546 ], [ 96.805527636363649, 58.47497854545454 ], [ 96.856917636363619, 58.405822545454548 ], [ 96.989685636363618, 58.36081354545454 ], [ 97.99496763636364, 58.40109754545454 ], [ 98.622186636363665, 58.459984545454539 ], [ 98.731644636363626, 58.610806545454544 ], [ 99.095244636363645, 58.701382545454543 ], [ 99.291642636363633, 58.670818545454544 ], [ 99.542733636363664, 58.530265545454547 ], [ 99.756924636363635, 58.522210545454548 ], [ 100.012191636363639, 58.413868545454541 ], [ 100.011363636363626, 58.350535545454541 ], [ 100.299975636363627, 58.30887454545455 ], [ 100.379670636363642, 58.327765545454547 ], [ 100.476636636363651, 58.442749545454539 ], [ 100.435461636363641, 58.540093545454546 ], [ 100.46469363636362, 58.630264545454544 ], [ 100.755015636363623, 58.712182545454546 ], [ 100.974687636363626, 58.79833054545454 ], [ 101.005242636363619, 58.91608654545454 ], [ 101.132601636363631, 58.933654545454552 ], [ 101.556240636363611, 58.943923545454545 ], [ 101.949153636363633, 58.941232545454547 ], [ 102.233580636363627, 58.917490545454548 ], [ 102.489810636363643, 58.804432545454539 ], [ 102.620418636363638, 58.732576545454542 ], [ 102.808590636363647, 58.451281545454542 ], [ 102.838866636363662, 58.184143545454539 ], [ 102.670152636363639, 57.939037545454546 ], [ 102.660855636363635, 57.887980545454546 ], [ 102.685911636363642, 57.852718545454543 ], [ 102.678495636363664, 57.823954545454548 ], [ 102.629301636363664, 57.780349545454548 ], [ 102.570828636363615, 57.690322545454542 ], [ 102.562485636363647, 57.656914545454548 ], [ 102.504948636363622, 57.61793554545455 ], [ 102.460398636363664, 57.590089545454539 ], [ 102.426990636363655, 57.569677545454546 ], [ 102.401925636363615, 57.533479545454547 ], [ 102.372234636363658, 57.47872354545455 ], [ 102.384312636363632, 57.420259545454549 ], [ 102.359256636363625, 57.344173545454545 ], [ 102.322131636363622, 57.28199254545455 ], [ 102.339753636363639, 57.222592545454539 ], [ 102.340680636363629, 57.144634545454544 ], [ 102.336045636363622, 57.089887545454552 ], [ 102.335109636363654, 57.038848545454549 ], [ 102.356466636363621, 56.998015545454543 ], [ 102.307452636363621, 56.888872545454539 ], [ 102.043302636363649, 56.897485545454551 ], [ 101.693841636363629, 57.011101545454544 ], [ 101.396364636363614, 56.965534545454538 ], [ 101.393592636363621, 56.804416545454551 ], [ 101.584140636363657, 56.80582954545455 ], [ 101.82637563636365, 56.632480545454548 ], [ 101.799879636363642, 56.288275545454546 ], [ 101.788773636363658, 56.254111545454542 ], [ 101.759442636363644, 56.134852545454542 ], [ 101.759307636363644, 56.124214545454542 ], [ 101.76480663636363, 56.113351545454542 ], [ 101.772987636363666, 56.103847545454549 ], [ 101.801175636363666, 56.082292545454543 ], [ 101.821920636363643, 56.070736545454544 ], [ 101.832837636363649, 56.06639854545454 ], [ 101.877963636363631, 56.051881545454542 ], [ 101.925474636363617, 56.022469545454548 ], [ 101.933547636363642, 56.069719545454539 ], [ 102.021225636363624, 56.104549545454539 ], [ 102.08714163636364, 56.110759545454549 ], [ 102.200316636363652, 56.140612545454552 ], [ 102.338988636363638, 56.171077545454544 ], [ 102.465231636363626, 56.19409054545455 ], [ 102.564096636363615, 56.20902154545454 ], [ 102.779250636363656, 56.177296545454546 ], [ 102.873777636363627, 56.144950545454542 ], [ 102.938424636363663, 56.104549545454539 ], [ 102.982587636363633, 56.042980545454547 ], [ 102.997509636363645, 56.014369545454549 ], [ 102.996888636363622, 55.96960354545454 ], [ 102.990669636363634, 55.916746545454551 ], [ 102.97387563636363, 55.859533545454546 ], [ 103.021134636363627, 55.838401545454538 ], [ 103.059690636363655, 55.824721545454544 ], [ 103.10820063636362, 55.796119545454552 ], [ 103.16229063636365, 55.760659545454551 ], [ 103.202088636363612, 55.72895254545454 ], [ 103.210170636363614, 55.695373545454551 ], [ 103.205202636363651, 55.614535545454551 ], [ 103.181559636363659, 55.504474545454549 ], [ 103.189029636363614, 55.476493545454538 ], [ 103.214526636363644, 55.451617545454546 ], [ 103.291629636363666, 55.363939545454549 ], [ 103.321473636363635, 55.320406545454539 ], [ 103.330185636363638, 55.289941545454546 ], [ 103.335783636363658, 55.16122354545454 ], [ 103.328331636363657, 55.117069545454548 ], [ 103.279821636363636, 55.040587545454549 ], [ 103.238160636363659, 55.002040545454541 ], [ 103.188417636363624, 54.969703545454543 ], [ 103.147368636363638, 54.947311545454546 ], [ 103.115040636363631, 54.927421545454543 ], [ 103.091397636363638, 54.901924545454541 ], [ 103.074603636363634, 54.850309545454543 ], [ 103.063425636363661, 54.771955545454539 ], [ 103.070265636363615, 54.753298545454548 ], [ 103.080219636363665, 54.743974545454542 ], [ 103.101360636363665, 54.732157545454548 ], [ 103.182819636363661, 54.701071545454546 ], [ 103.206453636363619, 54.685528545454538 ], [ 103.223859636363613, 54.669346545454552 ], [ 103.258680636363636, 54.594736545454545 ], [ 103.261173636363651, 54.552445545454539 ], [ 103.261794636363618, 54.420622545454542 ], [ 103.25433363636364, 54.403828545454552 ], [ 103.235064636363632, 54.396376545454551 ], [ 103.173486636363634, 54.360313545454538 ], [ 103.118145636363636, 54.316150545454541 ], [ 103.054722636363636, 54.262051545454547 ], [ 103.018641636363611, 54.215422545454551 ], [ 102.997509636363645, 54.179341545454541 ], [ 102.989427636363644, 54.151990545454545 ], [ 102.99937263636366, 54.109078545454544 ], [ 103.017408636363655, 54.077992545454542 ], [ 103.039170636363622, 54.057472545454551 ], [ 103.071498636363629, 54.043792545454544 ], [ 103.131186636363623, 53.999017545454542 ], [ 103.183449636363662, 53.954872545454542 ], [ 103.231932636363638, 53.906362545454549 ], [ 103.251219636363658, 53.857852545454541 ], [ 103.261317636363628, 53.815849545454547 ], [ 103.265493636363658, 53.804932545454541 ], [ 103.277121636363631, 53.784475545454548 ], [ 103.306749636363634, 53.747296545454539 ], [ 103.365897636363627, 53.688976545454544 ], [ 103.379532636363649, 53.66979754545455 ], [ 103.384932636363658, 53.658844545454549 ], [ 103.391700636363623, 53.635858545454546 ], [ 103.392465636363625, 53.624500545454545 ], [ 103.390881636363645, 53.612872545454543 ], [ 103.378443636363613, 53.578852545454545 ], [ 103.363035636363634, 53.558926545454547 ], [ 103.357347636363613, 53.548945545454551 ], [ 103.356519636363657, 53.538361545454542 ], [ 103.362972636363622, 53.516284545454546 ], [ 103.391646636363646, 53.449603545454544 ], [ 103.398693636363646, 53.427112545454541 ], [ 103.407351636363614, 53.380447545454551 ], [ 103.409736636363618, 53.320966545454546 ], [ 103.406298636363658, 53.285470545454551 ], [ 103.399584636363613, 53.263357545454546 ], [ 103.388172636363663, 53.242792545454542 ], [ 103.362009636363666, 53.202598545454542 ], [ 103.352802636363663, 53.180341545454546 ], [ 103.35082263636366, 53.168479545454538 ], [ 103.352100636363616, 53.15714854545454 ], [ 103.355430636363621, 53.146069545454544 ], [ 103.374978636363664, 53.10233854545455 ], [ 103.381638636363618, 53.020816545454544 ], [ 103.687179636363624, 52.905256545454542 ], [ 103.756929636363623, 52.726372545454545 ], [ 103.938567636363643, 52.624978545454546 ], [ 103.979688636363619, 52.501651545454543 ], [ 104.288019636363629, 52.353043545454547 ], [ 104.278659636363614, 52.284103545454549 ], [ 104.327925636363659, 52.242091545454549 ], [ 104.380368636363642, 52.219906545454542 ], [ 104.402031636363631, 52.20717154545455 ], [ 104.520444636363663, 52.106569545454541 ], [ 104.643978636363613, 52.009792545454538 ], [ 104.705106636363666, 51.965206545454542 ], [ 104.743320636363649, 51.941014545454543 ], [ 104.803170636363632, 51.918091545454551 ], [ 104.866863636363632, 51.865432545454546 ] ] } },
{ "type": "Feature", "properties": { "NAME": "Koukdjuak", "SYSTEM": null, "MILES": 786.96984, "KILOMETERS": 1266.50773 }, "geometry": { "type": "LineString", "coordinates": [ [ -73.107407363636369, 66.723388545454554 ], [ -73.083323363636367, 66.724990545454546 ], [ -73.043606363636371, 66.723874545454549 ], [ -72.96833936363636, 66.716089545454537 ], [ -72.869717363636369, 66.701662545454553 ], [ -72.847496363636367, 66.69692854545454 ], [ -72.761123363636372, 66.686101545454534 ], [ -72.628598363636371, 66.677767545454543 ], [ -72.550829363636367, 66.675805545454551 ], [ -72.45139736363636, 66.675805545454551 ], [ -72.34166936363637, 66.67915354545454 ], [ -72.248609363636362, 66.683869545454542 ], [ -72.146117363636364, 66.681925545454533 ], [ -72.105833363636364, 66.67831654545455 ], [ -72.061112363636369, 66.673033545454558 ], [ -71.856380363636362, 66.636106545454538 ], [ -71.796107363636366, 66.623308545454535 ], [ -71.739443363636369, 66.605821545454546 ], [ -71.72084036363637, 66.601654545454551 ], [ -71.646122363636366, 66.589153545454536 ], [ -71.529176363636367, 66.575545545454531 ], [ -71.418881363636359, 66.564988545454554 ] ] } }
]
}
